iteration,point_idx,score,Melting Point (K),Density (g/cm3),x_0,x_1,x_2,x_3,x_4,x_5,x_6,source
0,0,266.86589781135797,2652.291273584906,-9.938666930984276,0.1,0.4,0.2,0.05,0.1,0.1,0.05,Unknown
0,1,259.11682289661735,2706.6544811320755,-10.445691834575472,0.2,0.1,0.35000000000000003,0.0,0.0,0.30000000000000004,0.05,Unknown
0,2,295.65264861445,2650.268875786164,-8.964130334048114,0.0,0.35000000000000003,0.6000000000000001,0.05,0.0,0.0,0.0,Unknown
0,3,280.73462181563605,2627.112987421384,-9.35799428809654,0.30000000000000004,0.35000000000000003,0.2,0.05,0.05,0.05,0.0,Unknown
0,4,267.0537885627747,2648.2873427672957,-9.916681418451573,0.1,0.4,0.30000000000000004,0.0,0.05,0.1,0.05,Unknown
1,0,283.35767997264355,2715.5088443396226,-9.58332537378931,0.05,0.0,0.7000000000000001,0.1,0.1,0.0,0.05,Unknown
1,1,258.49119051963544,2854.2175864779874,-11.041836979977987,0.05,0.0,0.2,0.1,0.1,0.45,0.1,Unknown
1,2,243.32394670313235,2663.681077044025,-10.947056848022013,0.05,0.30000000000000004,0.2,0.0,0.0,0.45,0.0,Unknown
1,3,288.12965841655694,2682.0095204402514,-9.308342414938364,0.1,0.0,0.7000000000000001,0.1,0.1,0.0,0.0,Unknown
1,4,285.32834054382374,2751.3981839622643,-9.642919377438993,0.1,0.0,0.7000000000000001,0.1,0.0,0.0,0.1,Unknown
2,0,259.9738657917357,2887.7179323899372,-11.10772393831132,0.0,0.0,0.55,0.1,0.0,0.25,0.1,Unknown
2,1,295.1239192042159,2709.6169025157233,-9.18128530490629,0.05,0.1,0.7000000000000001,0.1,0.0,0.0,0.05,Unknown
2,2,258.32014205508483,2868.147602201258,-11.10307380362893,0.0,0.0,0.4,0.1,0.05,0.35000000000000003,0.1,Unknown
2,3,266.61048641512383,2865.7155503144654,-10.74869780572956,0.0,0.0,0.65,0.1,0.0,0.15000000000000002,0.1,Unknown
2,4,300.10055553869154,2678.5393632075475,-8.92547285825503,0.1,0.1,0.7000000000000001,0.1,0.0,0.0,0.0,Unknown
3,0,280.91161527380547,2784.875172955975,-9.91370602544088,0.05,0.0,0.7000000000000001,0.1,0.0,0.05,0.1,Unknown
3,1,272.18060679078445,2847.399992138365,-10.461435977058176,0.0,0.05,0.65,0.1,0.0,0.1,0.1,Unknown
3,2,265.1792201588286,2626.8672068733154,-9.906006983881403,0.35000000000000003,0.0,0.2,0.1,0.1,0.25,0.0,Unknown
3,3,285.70000174437007,2627.495919811321,-9.196695497966981,0.35000000000000003,0.0,0.55,0.0,0.1,0.0,0.0,Unknown
3,4,250.13212194728786,2785.6597955974844,-11.136753544132075,0.15000000000000002,0.0,0.2,0.1,0.1,0.45,0.0,Unknown
4,0,277.724165821358,2805.105699685535,-10.100329913278616,0.0,0.1,0.65,0.1,0.0,0.05,0.1,Unknown
4,1,289.79239856054824,2727.7345597484277,-9.412719496087107,0.05,0.15000000000000002,0.6000000000000001,0.1,0.0,0.0,0.1,Unknown
4,2,279.1363601907547,2768.0869889937107,-9.916612035430818,0.1,0.0,0.6000000000000001,0.1,0.0,0.1,0.1,Unknown
4,3,272.6604974267778,2639.801816037736,-9.681643805945598,0.35000000000000003,0.25,0.2,0.0,0.1,0.0,0.1,Unknown
4,4,251.61562407278103,2737.6386242138365,-10.880240979877358,0.25,0.0,0.2,0.0,0.0,0.45,0.1,Unknown
5,0,281.0290684600791,2773.51766509434,-9.869148698005974,0.05,0.1,0.7000000000000001,0.0,0.0,0.05,0.1,Unknown
5,1,272.83008287355904,2833.0583254716985,-10.383966077468553,0.0,0.1,0.65,0.05,0.0,0.1,0.1,Unknown
5,2,261.21627701410375,2887.510628930818,-11.054099162339622,0.0,0.0,0.7000000000000001,0.0,0.0,0.2,0.1,Unknown
5,3,276.01531041039914,2625.757584231806,-9.513086720906603,0.2,0.5,0.2,0.0,0.1,0.0,0.0,Unknown
5,4,255.28543758901503,2825.8243632075473,-11.069273633058176,0.0,0.0,0.35000000000000003,0.1,0.1,0.45,0.0,Unknown
6,0,278.0739710538634,2796.7170990566037,-10.057457332154089,0.0,0.1,0.7000000000000001,0.1,0.0,0.0,0.1,Unknown
6,1,293.6130256216907,2722.792327044025,-9.273404411398742,0.05,0.1,0.65,0.1,0.0,0.05,0.05,Unknown
6,2,298.5418325700326,2692.0751179245285,-9.017413388099685,0.1,0.1,0.65,0.1,0.0,0.0,0.05,Unknown
6,3,274.6150562860208,2822.7502672955975,-10.27893483143868,0.0,0.05,0.7000000000000001,0.1,0.0,0.1,0.05,Unknown
6,4,257.1548482560118,2850.805267295598,-11.08594796726415,0.0,0.05,0.30000000000000004,0.0,0.1,0.45,0.1,Unknown
7,0,280.1644554708924,2781.9713993710693,-9.92977997403522,0.05,0.05,0.65,0.1,0.0,0.05,0.1,Unknown
7,1,283.16027671816937,2761.494704627134,-9.752408553322416,0.0,0.15000000000000002,0.7000000000000001,0.1,0.0,0.0,0.05,Unknown
7,2,266.7528128418843,2862.8049056603777,-10.732051426792452,0.0,0.0,0.7000000000000001,0.05,0.0,0.15000000000000002,0.1,Unknown
7,3,299.9078140925329,2664.500825471698,-8.884399472999057,0.2,0.05,0.7000000000000001,0.05,0.0,0.0,0.0,Unknown
7,4,275.3673431881045,2657.7255581761005,-9.651564079480817,0.0,0.5,0.30000000000000004,0.0,0.1,0.0,0.1,Unknown
8,0,281.2983102599564,2770.872995283019,-9.850300887775157,0.05,0.1,0.65,0.1,0.0,0.0,0.1,Unknown
8,1,260.89501517759203,2903.1907861635223,-11.12781240449371,0.0,0.0,0.6000000000000001,0.1,0.0,0.2,0.1,Unknown
8,2,287.9311706132096,2709.5366273584905,-9.410362280638994,0.2,0.0,0.7000000000000001,0.0,0.0,0.0,0.1,Unknown
8,3,276.3864933959524,2626.979567610063,-9.504732070416038,0.35000000000000003,0.35000000000000003,0.2,0.0,0.1,0.0,0.0,Unknown
8,4,274.13954020859916,2643.76197327044,-9.643854991727988,0.2,0.30000000000000004,0.2,0.1,0.1,0.0,0.1,Unknown
9,0,292.7053749418277,2722.2929559748427,-9.300454275963208,0.05,0.1,0.7000000000000001,0.05,0.0,0.05,0.05,Unknown
9,1,261.1834778968879,2893.082368598383,-11.076819988363882,0.0,0.0,0.6000000000000001,0.05,0.05,0.2,0.1,Unknown
9,2,278.2711909771365,2778.18633254717,-9.983736810095126,0.0,0.1,0.7000000000000001,0.1,0.0,0.1,0.0,Unknown
9,3,294.6534243183967,2628.4956513926327,-8.920635005254942,0.35000000000000003,0.35000000000000003,0.2,0.0,0.0,0.0,0.1,Unknown
9,4,262.43383477098564,2793.3759355345915,-10.644115069889937,0.0,0.0,0.7000000000000001,0.0,0.1,0.2,0.0,Unknown
10,0,292.1217778308962,2729.293325471698,-9.342998477340252,0.05,0.05,0.7000000000000001,0.1,0.0,0.05,0.05,Unknown
10,1,261.79237275485383,2897.1010927672955,-11.066407559094339,0.0,0.05,0.6000000000000001,0.05,0.0,0.2,0.1,Unknown
10,2,297.4861384806072,2627.928459119497,-8.833784567381132,0.35000000000000003,0.4,0.2,0.0,0.0,0.05,0.0,Unknown
10,3,297.7096348522218,2625.6458007637016,-8.819485476401617,0.25,0.5,0.2,0.0,0.0,0.0,0.05,Unknown
10,4,257.42848700597983,2675.542688679245,-10.393343486563522,0.35000000000000003,0.0,0.2,0.0,0.0,0.45,0.0,Unknown
11,0,300.35519237135514,2665.1797720125787,-8.87342666184937,0.15000000000000002,0.15000000000000002,0.65,0.05,0.0,0.0,0.0,Unknown
11,1,266.58188236101455,2861.061823899371,-10.732394109308176,0.0,0.05,0.65,0.05,0.0,0.15000000000000002,0.1,Unknown
11,2,298.88440792313025,2673.0703223270443,-8.943492037278931,0.1,0.15000000000000002,0.7000000000000001,0.05,0.0,0.0,0.0,Unknown
11,3,250.17386651498305,2771.135683962264,-11.076839170155885,0.0,0.2,0.2,0.1,0.1,0.30000000000000004,0.1,Unknown
11,4,274.82822051987597,2670.404001572327,-9.716629524148429,0.35000000000000003,0.2,0.2,0.0,0.0,0.15000000000000002,0.1,Unknown
12,0,301.14485605459635,2669.1954952830188,-8.863493570016038,0.15000000000000002,0.05,0.7000000000000001,0.1,0.0,0.0,0.0,Unknown
12,1,266.4195473669773,2855.2064544025156,-10.71695557860063,0.0,0.05,0.6000000000000001,0.1,0.0,0.15000000000000002,0.1,Unknown
12,2,243.2618410242794,2630.2551336477986,-10.812444412050315,0.0,0.5,0.2,0.0,0.1,0.2,0.0,Unknown
12,3,297.7096348522218,2625.6458007637016,-8.819485476401617,0.30000000000000004,0.45,0.2,0.0,0.0,0.0,0.05,Unknown
12,4,276.2645601304251,2662.6705896226417,-9.638118578676416,0.0,0.5,0.4,0.0,0.1,0.0,0.0,Unknown
13,0,297.79287462212073,2665.5209198113207,-8.95092242617956,0.15000000000000002,0.15000000000000002,0.7000000000000001,0.0,0.0,0.0,0.0,Unknown
13,1,282.5947462523422,2762.8565229110513,-9.776744116977493,0.05,0.15000000000000002,0.7000000000000001,0.0,0.0,0.0,0.1,Unknown
13,2,261.2262820213367,2883.6313757861635,-11.038825624562893,0.0,0.05,0.65,0.0,0.0,0.2,0.1,Unknown
13,3,257.64031202009534,2853.0263207547173,-11.073679807267295,0.0,0.05,0.2,0.1,0.1,0.45,0.1,Unknown
13,4,277.3597217744164,2655.8241340970353,-9.575377841838769,0.35000000000000003,0.0,0.35000000000000003,0.1,0.1,0.0,0.1,Unknown
14,0,308.75679541916526,2635.3591823899374,-8.53538843999371,0.15000000000000002,0.15000000000000002,0.6000000000000001,0.1,0.0,0.0,0.0,Unknown
14,1,281.0762422587077,2784.8041588050314,-9.907646894760063,0.0,0.1,0.7000000000000001,0.1,0.0,0.05,0.05,Unknown
14,2,275.64572134222857,2815.0010220125787,-10.212387873483019,0.0,0.05,0.7000000000000001,0.1,0.0,0.05,0.1,Unknown
14,3,251.97205606121122,2792.580495283019,-11.082897599584905,0.15000000000000002,0.0,0.2,0.0,0.1,0.45,0.1,Unknown
14,4,257.70308996265834,2856.8305031446544,-11.08574407687107,0.0,0.0,0.4,0.0,0.1,0.4,0.1,Unknown
15,0,304.05854681556315,2637.276988993711,-8.673582823487422,0.15000000000000002,0.15000000000000002,0.55,0.1,0.0,0.0,0.05,Unknown
15,1,288.27441569947126,2708.2220911949685,-9.39459745195912,0.0,0.2,0.7000000000000001,0.05,0.0,0.0,0.05,Unknown
15,2,299.19561307901057,2683.6651572327046,-8.9696006222,0.2,0.0,0.65,0.1,0.0,0.05,0.0,Unknown
15,3,261.19939707523815,2885.5809669811324,-11.047425833644654,0.0,0.0,0.65,0.1,0.0,0.2,0.05,Unknown
15,4,258.08278458064535,2858.927971698113,-11.077561706968554,0.0,0.0,0.30000000000000004,0.05,0.1,0.45,0.1,Unknown
16,0,301.2588589662256,2668.494237421384,-8.857811672588365,0.2,0.05,0.65,0.1,0.0,0.0,0.0,Unknown
16,1,282.9256019910144,2765.7643710691823,-9.775588888407862,0.1,0.0,0.7000000000000001,0.05,0.0,0.1,0.05,Unknown
16,2,260.82107814641915,2854.9923742138367,-10.946171967786164,0.0,0.0,0.7000000000000001,0.0,0.05,0.15000000000000002,0.1,Unknown
16,3,280.28816434936186,2799.1343946540883,-9.986630727530189,0.05,0.0,0.7000000000000001,0.1,0.0,0.1,0.05,Unknown
16,4,287.9336563848455,2734.2823820754716,-9.496223596803773,0.1,0.05,0.6000000000000001,0.1,0.0,0.05,0.1,Unknown
17,0,301.2407560133375,2668.998561320755,-8.860018135138679,0.15000000000000002,0.1,0.65,0.1,0.0,0.0,0.0,Unknown
17,1,261.315785928297,2883.438671383648,-11.034307250672956,0.0,0.0,0.7000000000000001,0.05,0.0,0.2,0.05,Unknown
17,2,282.17356883600144,2780.0662735849055,-9.852327009412264,0.1,0.0,0.65,0.1,0.0,0.1,0.05,Unknown
17,3,270.4275961897289,2843.6666509433962,-10.51544550560063,0.0,0.0,0.7000000000000001,0.1,0.0,0.15000000000000002,0.05,Unknown
17,4,307.24700146924744,2638.5460141509434,-8.58770305823585,0.2,0.05,0.6000000000000001,0.1,0.0,0.0,0.05,Unknown
18,0,305.5413091255367,2641.6311635220127,-8.645741458275157,0.15000000000000002,0.15000000000000002,0.6000000000000001,0.05,0.0,0.0,0.05,Unknown
18,1,300.1560820082002,2675.2884827044027,-8.912991083857547,0.25,0.0,0.65,0.1,0.0,0.0,0.0,Unknown
18,2,288.4218234557967,2690.783588836478,-9.329334225116824,0.15000000000000002,0.0,0.7000000000000001,0.05,0.0,0.1,0.0,Unknown
18,3,257.70308996265834,2856.8305031446544,-11.08574407687107,0.0,0.0,0.35000000000000003,0.0,0.1,0.45,0.1,Unknown
18,4,258.39141088751103,2870.675432389937,-11.109794333062894,0.0,0.0,0.35000000000000003,0.1,0.0,0.45,0.1,Unknown
19,0,307.0649912361616,2638.4835141509434,-8.592589808201257,0.15000000000000002,0.1,0.6000000000000001,0.1,0.0,0.0,0.05,Unknown
19,1,297.2646536675445,2694.2442216981135,-9.063453015546227,0.1,0.05,0.7000000000000001,0.1,0.0,0.0,0.05,Unknown
19,2,286.42308600149187,2734.5171226415096,-9.547125410929874,0.1,0.05,0.6000000000000001,0.1,0.0,0.1,0.05,Unknown
19,3,293.8720142147692,2720.8004088050316,-9.258453602924213,0.1,0.0,0.7000000000000001,0.1,0.0,0.05,0.05,Unknown
19,4,251.06589040910285,2795.5526022012577,-11.134736772272236,0.0,0.15000000000000002,0.2,0.0,0.1,0.45,0.1,Unknown
20,0,300.5974085461364,2671.4856525157234,-8.887254435881133,0.15000000000000002,0.1,0.65,0.05,0.0,0.0,0.05,Unknown
20,1,308.72155117711446,2634.7425157232706,-8.534365371246855,0.2,0.1,0.6000000000000001,0.1,0.0,0.0,0.0,Unknown
20,2,261.08123322059726,2883.9314701257863,-11.04610788968239,0.0,0.05,0.55,0.1,0.0,0.2,0.1,Unknown
20,3,263.5215796044233,2890.336383647799,-10.968120288238994,0.05,0.0,0.6000000000000001,0.05,0.0,0.2,0.1,Unknown
20,4,289.7834548566049,2642.137751572327,-9.11762803325,0.15000000000000002,0.5,0.2,0.0,0.0,0.05,0.1,Unknown
21,0,299.472243688703,2682.0530503144655,-8.955931999837421,0.2,0.0,0.65,0.1,0.0,0.0,0.05,Unknown
21,1,308.5297685762909,2635.7359119496855,-8.542890120822326,0.25,0.05,0.6000000000000001,0.1,0.0,0.0,0.0,Unknown
21,2,282.09754038287707,2771.587629155436,-9.824926603025247,0.0,0.15000000000000002,0.65,0.1,0.0,0.05,0.05,Unknown
21,3,283.6472913353836,2760.820424528302,-9.733286757405345,0.1,0.0,0.65,0.1,0.0,0.05,0.1,Unknown
21,4,272.8262079294387,2847.7670518867926,-10.438026000139937,0.0,0.0,0.7000000000000001,0.1,0.0,0.1,0.1,Unknown
22,0,300.3167986224224,2664.158860062893,-8.871161627600943,0.2,0.1,0.65,0.05,0.0,0.0,0.0,Unknown
22,1,262.61701545477445,2875.456391509434,-10.94923870995283,0.05,0.0,0.55,0.1,0.0,0.2,0.1,Unknown
22,2,299.1121968067452,2655.5168632075474,-8.87799592112107,0.2,0.05,0.55,0.1,0.0,0.05,0.05,Unknown
22,3,296.65955022223835,2700.0772562893085,-9.101602339337736,0.15000000000000002,0.0,0.65,0.1,0.0,0.05,0.05,Unknown
22,4,283.443430785529,2759.908891509434,-9.73707128742044,0.1,0.05,0.65,0.05,0.0,0.05,0.1,Unknown
23,0,307.0661900468702,2638.87125,-8.593818973028302,0.1,0.2,0.6000000000000001,0.1,0.0,0.0,0.0,Unknown
23,1,300.07224936710276,2672.702476415094,-8.90686320395346,0.2,0.05,0.65,0.05,0.0,0.0,0.05,Unknown
23,2,285.09444945907165,2751.2018396226417,-9.650141715641823,0.1,0.05,0.7000000000000001,0.05,0.0,0.0,0.1,Unknown
23,3,305.172060386179,2636.582429245283,-8.639658643419498,0.35000000000000003,0.0,0.55,0.1,0.0,0.0,0.0,Unknown
23,4,264.0220320151794,2874.5110714285715,-10.887390910102425,0.05,0.0,0.65,0.0,0.0,0.2,0.1,Unknown
24,0,299.690003766777,2674.8311084905663,-8.925326420204717,0.1,0.15000000000000002,0.65,0.1,0.0,0.0,0.0,Unknown
24,1,306.729832574185,2641.664253144654,-8.612348629330189,0.25,0.0,0.6000000000000001,0.1,0.0,0.0,0.05,Unknown
24,2,293.4840929574084,2705.5557389937107,-9.218747468492767,0.0,0.2,0.6000000000000001,0.1,0.0,0.05,0.05,Unknown
24,3,259.74434961307975,2837.664842767296,-10.924837622048743,0.0,0.0,0.6000000000000001,0.0,0.0,0.4,0.0,Unknown
24,4,308.0571181757802,2638.17034591195,-8.563899972624213,0.30000000000000004,0.0,0.6000000000000001,0.1,0.0,0.0,0.0,Unknown
25,0,299.5033752066713,2679.7324449685534,-8.947252908651572,0.25,0.0,0.65,0.05,0.0,0.0,0.05,Unknown
25,1,300.02172520882465,2650.1185444743937,-8.83308881258558,0.1,0.2,0.55,0.1,0.0,0.0,0.05,Unknown
25,2,284.59687973790795,2748.757853773585,-9.658425827806917,0.1,0.05,0.65,0.1,0.0,0.0,0.1,Unknown
25,3,306.67512604777227,2644.2013757861637,-8.622157948912264,0.15000000000000002,0.1,0.6000000000000001,0.1,0.0,0.05,0.0,Unknown
25,4,267.798662857063,2847.607452830189,-10.633389362180504,0.05,0.0,0.65,0.05,0.0,0.15000000000000002,0.1,Unknown
