iteration,total_evaluated,new_points,timing_sec,strategy,best_score,mean_score,std_score,total_hypervolume,best_Melting Point (K),mean_Melting Point (K),ref_point_Melting Point (K),best_Density (g/cm3),mean_Density (g/cm3),ref_point_Density (g/cm3),total_uncertainty_obj0,total_uncertainty_obj1,time_remaining,budget_remaining,selected_n_opt,selected_n_exp,hypervolume_improvement,information_gain,pareto_size,n_clusters_discovered,llm_model,llm_temp,best_x_0,best_x_1,best_x_2,best_x_3,best_x_4,best_x_5,best_x_6
0,5,5,0.0,BOAgent,281.84407149574156,263.9941073629017,13.075858817937226,0.0,2767.0851920485175,2709.266082884097,2619.5824371069184,9.817787464406694,10.286567209603135,-11.312350724157232,,,55.0,27500.0,,,,,,,,,0.0,0.15000000000000002,0.7000000000000001,0.05,0.0,0.05,0.05
1,10,5,17.394981326011475,BOAgent,300.11031389889234,271.65653995920866,18.233635636501653,223.60640603568385,2674.301926100629,2719.4602112533694,2619.5824371069184,8.911063039977044,10.063776123508456,-11.312350724157232,6027.255797701351,4411.720981665991,54.0,27000.0,0,5,0.7966301456870011,0.8570613755966452,2,,,,0.2,0.0,0.7000000000000001,0.1,0.0,0.0,0.0
2,15,5,21.737598458013963,BOAgent,300.11031389889234,272.63924181362137,17.968963782894317,299.7018637435405,2674.301926100629,2734.1354092542674,2619.5824371069184,8.911063039977044,10.082778585258009,-11.312350724157232,5934.221363899171,5570.26277820299,53.0,26500.0,0,5,1.4978844341327877,0.5492563567146647,4,,,,0.2,0.0,0.7000000000000001,0.1,0.0,0.0,0.0
3,20,5,29.205211209016852,BOAgent,300.11031389889234,272.86863553649073,17.092565826643618,323.64160140930323,2674.301926100629,2720.3611712713387,2619.5824371069184,8.911063039977044,10.017255875655136,-11.312350724157232,3980.875171327899,4695.832947758402,52.0,26000.0,0,5,1.2128724331704084,0.1325363686422243,7,,,,0.2,0.0,0.7000000000000001,0.1,0.0,0.0,0.0
4,25,5,29.753208045032807,BOAgent,300.11031389889234,272.1153551886587,15.956488040225059,340.7591359923416,2674.301926100629,2735.1070911051215,2619.5824371069184,8.911063039977044,10.09470688672718,-11.312350724157232,2798.3348785131348,3216.5730811951576,51.0,25500.0,0,5,0.39822150392673994,0.4453379041810268,8,,,,0.2,0.0,0.7000000000000001,0.1,0.0,0.0,0.0
5,30,5,24.33600062294863,BOAgent,300.11031389889234,272.3128932249395,15.450901221193357,367.2648623417827,2674.301926100629,2741.179709568734,2619.5824371069184,8.911063039977044,10.106544960713876,-11.312350724157232,2548.3091504553095,2758.067438978659,15.0,25000.0,3,2,0.7224310154678574,0.3726924542353065,10,,,,0.2,0.0,0.7000000000000001,0.1,0.0,0.0,0.0
6,35,5,22.61367618397344,BOAgent,300.11031389889234,274.249429006113,15.651387419694098,398.38256454434196,2674.301926100629,2739.4228920870237,2619.5824371069184,8.911063039977044,10.030290835643234,-11.312350724157232,2225.274081255011,2426.0899992745008,14.0,24500.0,3,2,0.31808574877616724,0.40509948684827446,9,,,,0.2,0.0,0.7000000000000001,0.1,0.0,0.0,0.0
7,40,5,19.551078582007904,BOAgent,301.14485605452836,275.67069015815304,15.939766846821739,410.7248638946107,2669.1954952830188,2741.329829121743,2619.5824371069184,8.863493570016038,9.98704342580948,-11.312350724157232,2308.1498915254138,2397.5546397797953,13.0,1500.0,5,0,0.26259282908907267,0.6141264430925073,12,,,,0.15000000000000002,0.05,0.7000000000000001,0.1,0.0,0.0,0.0
8,45,5,26.36725515703438,BOAgent,302.8542803471124,277.7887750373058,16.367715859828074,416.23261781695675,2633.341556603774,2736.884519142458,2619.5824371069184,8.695077888895284,9.896843217924284,-11.312350724157232,2559.8894084933518,2451.812116773922,12.0,1000.0,5,0,0.17626112358925897,0.3477363734096244,15,,,,0.2,0.15000000000000002,0.5,0.1,0.0,0.0,0.05
9,50,5,38.22847946296679,BOAgent,308.7567954190929,279.577775319877,16.745338117004966,420.48146879125994,2635.3591823899374,2731.8055845238105,2619.5824371069184,8.53538843999371,9.817238827188168,-11.312350724157232,2656.7937929588343,2492.589640116369,11.0,500.0,5,0,0.10436993869126374,0.3197853771882908,19,,,,0.15000000000000002,0.15000000000000002,0.6000000000000001,0.1,0.0,0.0,0.0
10,55,5,27.074390099034645,BOAgent,308.7567954190929,280.3053781927182,16.455137317662302,424.163205643391,2635.3591823899374,2732.811658886712,2619.5824371069184,8.53538843999371,9.793752550358336,-11.312350724157232,2690.084880623439,2514.16950894447,10.0,0.0,5,0,0.13473618288712433,0.3061480676371211,21,,,,0.15000000000000002,0.15000000000000002,0.6000000000000001,0.1,0.0,0.0,0.0
