iteration,point_idx,score,Ms,NegLogHc,LogHv,x_0,x_1,x_2,x_3,x_4,x_5,x_6,x_7,x_8,x_9,x_10,x_11,x_12,x_13,x_14,source
0,0,1.5491867910513133,2.115634504562519,-1.1529948762341702,0.8442878146302164,0.86,0.0,0.08,0.04,0.0,0.0,0.0,0.0,0.02,0.0,0.0,0.0,0.0,0.0,0.0,Unknown
0,1,1.1623354484442978,1.0648225862031833,-0.8325182547720019,0.908757469589396,0.18,0.1,0.66,0.04,0.0,0.0,0.0,0.0,0.0,0.0,0.0,0.0,0.0,0.0,0.02,Unknown
0,2,1.418072918112723,1.6622735785303695,-1.0518750033626074,0.8973465467870992,0.04,0.66,0.22,0.04,0.0,0.0,0.0,0.0,0.0,0.0,0.0,0.0,0.0,0.02,0.02,Unknown
0,3,2.5955749664811556,2.1911825800650426,-0.7403379898758974,0.8769706234167002,0.8200000000000001,0.02,0.12,0.0,0.0,0.0,0.0,0.0,0.0,0.0,0.0,0.0,0.0,0.02,0.02,Unknown
0,4,1.7702018913964825,2.0842406920841863,-1.135393618065787,0.9643204538778574,0.6,0.12,0.2,0.02,0.0,0.0,0.0,0.0,0.0,0.0,0.0,0.02,0.0,0.02,0.02,Unknown
1,0,2.55952746020312,2.1952512680105962,-0.75267594552327,0.8775736879312067,0.76,0.06,0.14,0.0,0.0,0.0,0.0,0.0,0.0,0.0,0.0,0.02,0.0,0.0,0.02,Unknown
1,1,2.243578476766739,2.168727700781805,-0.8705291743336869,0.9005743405365045,0.64,0.06,0.22,0.0,0.0,0.0,0.0,0.0,0.0,0.0,0.0,0.0,0.0,0.04,0.04,Unknown
1,2,5.1990261703689296,1.6689878382397039,-0.28774063176999853,0.8963343174709557,0.44,0.04,0.42,0.02,0.02,0.0,0.0,0.0,0.0,0.0,0.0,0.02,0.0,0.04,0.0,Unknown
1,3,1.7043998082171017,2.0603428699714903,-1.1528445758268364,0.953680138671424,0.52,0.2,0.18,0.04,0.0,0.0,0.0,0.0,0.0,0.0,0.0,0.02,0.0,0.0,0.04,Unknown
1,4,2.5332793839000223,2.1997194708276795,-0.7621153708174335,0.877680623666626,0.8,0.0,0.1,0.0,0.0,0.0,0.0,0.0,0.0,0.0,0.0,0.02,0.0,0.04,0.04,Unknown
2,0,1.7184524023447312,2.1698526297352245,-1.182035619201477,0.9361335980330625,0.68,0.14,0.08,0.02,0.02,0.0,0.0,0.0,0.0,0.0,0.0,0.0,0.0,0.04,0.02,Unknown
2,1,7.770482749171292,1.218287472270681,-0.11835260886424692,0.7548767646709313,0.26,0.0,0.68,0.0,0.02,0.0,0.0,0.0,0.0,0.0,0.0,0.0,0.0,0.04,0.0,Unknown
2,2,5.463385648100417,1.6703593073593075,-0.2716461133751903,0.8884959485321642,0.48,0.0,0.42,0.04,0.02,0.0,0.0,0.0,0.0,0.0,0.0,0.02,0.0,0.02,0.0,Unknown
2,3,1.1857213280307015,1.3658829042019338,-1.0774261605767754,0.9353123712473296,0.04,0.5,0.38,0.04,0.02,0.0,0.0,0.0,0.0,0.0,0.0,0.02,0.0,0.0,0.0,Unknown
2,4,1.1881126635650447,1.3967345550386594,-1.0806982830387204,0.9192808404005971,0.04,0.54,0.32,0.0,0.02,0.0,0.0,0.0,0.0,0.0,0.0,0.0,0.0,0.04,0.04,Unknown
3,0,5.36151840721617,1.6918813427451487,-0.2790539310029755,0.8843130720126476,0.56,0.02,0.32,0.02,0.04,0.0,0.0,0.0,0.0,0.0,0.0,0.0,0.0,0.02,0.02,Unknown
3,1,5.5969243944372025,1.6730610933428098,-0.2631222105262908,0.88022793948068,0.5,0.0,0.42,0.02,0.04,0.0,0.0,0.0,0.0,0.0,0.0,0.02,0.0,0.0,0.0,Unknown
3,2,5.253016922351342,1.6866264806917792,-0.28285631590851745,0.8809591400801574,0.5,0.02,0.42,0.02,0.0,0.0,0.0,0.0,0.04,0.0,0.0,0.0,0.0,0.0,0.0,Unknown
3,3,2.0277290085422415,1.9120682706419059,-0.8533052331374,0.9049215453979369,0.48,0.12,0.3,0.02,0.02,0.0,0.0,0.0,0.0,0.0,0.0,0.0,0.0,0.04,0.02,Unknown
3,4,4.861529994897703,1.7266342529775367,-0.31076636049645134,0.8749971109157694,0.58,0.0,0.34,0.0,0.04,0.0,0.0,0.0,0.04,0.0,0.0,0.0,0.0,0.0,0.0,Unknown
4,0,1.6581760606832927,1.9771374467741412,-1.166061334514288,0.9779466740344135,0.58,0.04,0.28,0.02,0.02,0.0,0.0,0.0,0.0,0.0,0.0,0.04,0.0,0.02,0.0,Unknown
4,1,5.463385648100417,1.6703593073593075,-0.2716461133751903,0.8884959485321642,0.48,0.0,0.42,0.0,0.02,0.0,0.0,0.0,0.02,0.0,0.0,0.04,0.0,0.02,0.0,Unknown
4,2,4.415825117544844,1.6587363560982964,-0.340209250827337,0.9056921852021299,0.48,0.08,0.34,0.04,0.0,0.0,0.0,0.0,0.04,0.0,0.0,0.0,0.0,0.02,0.0,Unknown
4,3,4.923712438549518,1.7254753505201266,-0.3074563108088507,0.877338793271478,0.58,0.0,0.32,0.0,0.0,0.0,0.0,0.0,0.02,0.0,0.0,0.04,0.0,0.04,0.0,Unknown
4,4,1.9448399069709517,2.1473173068639486,-1.0089449733076379,0.9138083327303549,0.6,0.06,0.24,0.0,0.0,0.0,0.0,0.0,0.02,0.0,0.0,0.04,0.0,0.04,0.0,Unknown
5,0,13.919011029400622,1.5902381283724567,-0.09715528981008881,0.8503792773659554,0.44,0.0,0.46,0.02,0.02,0.0,0.0,0.0,0.02,0.0,0.0,0.02,0.0,0.02,0.0,Unknown
5,1,1.6626009980163199,1.9737419243860814,-1.1616038077228248,0.978488436689564,0.56,0.06,0.28,0.02,0.04,0.0,0.0,0.0,0.0,0.0,0.0,0.02,0.0,0.02,0.0,Unknown
5,2,1.92469141426713,2.141432658137882,-0.9851886492474561,0.8854745571550181,0.7000000000000001,0.0,0.22,0.0,0.0,0.0,0.0,0.0,0.04,0.0,0.0,0.02,0.0,0.02,0.0,Unknown
5,3,1.925220363983145,2.199678810099519,-0.9965406906443854,0.8722002604923594,0.74,0.04,0.12,0.0,0.0,0.0,0.0,0.0,0.04,0.0,0.0,0.02,0.0,0.04,0.0,Unknown
5,4,4.817939687316767,1.656921846395727,-0.31001190069448337,0.9014418170357981,0.52,0.08,0.32,0.04,0.0,0.0,0.0,0.0,0.0,0.0,0.0,0.02,0.0,0.02,0.0,Unknown
6,0,1.3320980697517355,1.6177544105976942,-1.060448321307474,0.8731987702413871,0.12,0.74,0.08,0.0,0.0,0.0,0.0,0.0,0.0,0.0,0.0,0.0,0.0,0.02,0.04,Unknown
6,1,1.2011858302691059,1.1987549762633716,-0.9285178300272768,0.9304006929412263,0.02,0.44,0.44,0.0,0.0,0.0,0.0,0.0,0.02,0.0,0.0,0.0,0.0,0.04,0.04,Unknown
6,2,1.6382361000751173,2.2408425620813683,-1.1270181184544839,0.823940868642545,0.3,0.56,0.04,0.0,0.0,0.0,0.0,0.0,0.02,0.0,0.0,0.0,0.0,0.04,0.04,Unknown
6,3,4.467340054121705,1.5292679714564044,-0.2837906502773807,0.8290171262571274,0.4,0.0,0.52,0.0,0.0,0.0,0.0,0.0,0.02,0.0,0.0,0.02,0.0,0.04,0.0,Unknown
6,4,1.3846658079259282,1.6484572175337102,-1.0767867870361971,0.9044759127370771,0.0,0.86,0.06,0.0,0.04,0.0,0.0,0.0,0.04,0.0,0.0,0.0,0.0,0.0,0.0,Unknown
7,0,4.603232695522847,1.65897425480821,-0.32496981425046045,0.901708793662532,0.5,0.08,0.32,0.02,0.0,0.0,0.0,0.0,0.04,0.0,0.0,0.04,0.0,0.0,0.0,Unknown
7,1,1.8131604011352132,2.0258596256574752,-1.0735050993367112,0.9607955614911681,0.5,0.14,0.28,0.02,0.0,0.0,0.0,0.0,0.0,0.0,0.0,0.04,0.0,0.02,0.0,Unknown
7,2,4.121511805690042,1.7216773425579397,-0.3857563383905819,0.9234595028349003,0.42,0.12,0.38,0.02,0.02,0.0,0.0,0.0,0.0,0.0,0.0,0.04,0.0,0.0,0.0,Unknown
7,3,1.8585203656512232,2.1670243775710194,-1.0663239534810693,0.9145189156337514,0.44,0.26,0.24,0.0,0.02,0.0,0.0,0.0,0.0,0.0,0.0,0.04,0.0,0.0,0.0,Unknown
7,4,0.8085602162913362,0.5632145762612184,-0.6413210286024259,0.9206911387876914,0.0,0.02,0.9400000000000001,0.04,0.0,0.0,0.0,0.0,0.0,0.0,0.0,0.0,0.0,0.0,0.0,Unknown
8,0,1.7493419381910589,2.010941762683256,-1.0924324931896772,0.9503199000806062,0.5,0.12,0.28,0.04,0.0,0.0,0.0,0.0,0.0,0.0,0.0,0.04,0.0,0.02,0.0,Unknown
8,1,3.9894600995247327,1.6651186572548513,-0.38072392407514366,0.9121769775496481,0.42,0.16,0.32,0.02,0.04,0.0,0.0,0.0,0.0,0.0,0.0,0.04,0.0,0.0,0.0,Unknown
8,2,2.096985541359339,2.181620578591002,-0.9238949896565576,0.8880528786987786,0.68,0.06,0.16,0.0,0.04,0.0,0.0,0.0,0.0,0.0,0.0,0.04,0.0,0.0,0.02,Unknown
8,3,1.626497526774705,2.0020678798361042,-1.2182813220710302,0.9897424444111205,0.56,0.1,0.26,0.02,0.02,0.0,0.0,0.0,0.0,0.0,0.0,0.04,0.0,0.0,0.0,Unknown
8,4,4.711189812687959,1.6522755702009433,-0.31582936478189916,0.9005350637314978,0.52,0.14,0.32,0.0,0.0,0.0,0.0,0.0,0.0,0.0,0.0,0.0,0.0,0.02,0.0,Unknown
9,0,3.447809737421995,1.6448113760203313,-0.431973575697489,0.9054914881521574,0.34,0.22,0.36,0.02,0.04,0.0,0.0,0.0,0.0,0.0,0.0,0.0,0.0,0.02,0.0,Unknown
9,1,5.443755818780286,1.6628547331607033,-0.2738873305320694,0.8966362001120776,0.54,0.0,0.38,0.0,0.04,0.0,0.0,0.0,0.0,0.0,0.0,0.0,0.0,0.04,0.0,Unknown
9,2,1.5651418364706773,2.0615449554443415,-1.186311251426133,0.9006572307729719,0.62,0.16,0.12,0.04,0.02,0.0,0.0,0.0,0.0,0.0,0.0,0.0,0.0,0.0,0.04,Unknown
9,3,1.7594996786175665,2.164316950157929,-1.1364988895411245,0.9239263365528207,0.32,0.38,0.2,0.0,0.0,0.0,0.0,0.0,0.04,0.0,0.0,0.02,0.0,0.0,0.04,Unknown
9,4,3.582618520858061,1.6963288711702893,-0.43386268286030116,0.9163108106836123,0.32,0.18,0.4,0.0,0.02,0.0,0.0,0.0,0.02,0.0,0.0,0.02,0.0,0.0,0.04,Unknown
10,0,1.3300979063955713,1.210584639034266,-0.7742493509504852,0.8506860301401452,0.24,0.1,0.58,0.0,0.0,0.0,0.0,0.0,0.04,0.0,0.0,0.0,0.0,0.0,0.04,Unknown
10,1,0.9224156148283198,0.7672882167583658,-0.7578302634368494,0.9110454886663159,0.0,0.1,0.8,0.0,0.0,0.0,0.0,0.0,0.0,0.0,0.0,0.02,0.0,0.04,0.04,Unknown
10,2,14.164132573449397,0.9655493958777542,-0.053175753788498814,0.7800620347163726,0.14,0.0,0.8200000000000001,0.02,0.0,0.0,0.0,0.0,0.0,0.0,0.0,0.0,0.0,0.0,0.02,Unknown
10,3,0.8600142324803483,0.73682085948877,-0.7733036155130484,0.9025967530724187,0.0,0.1,0.86,0.0,0.04,0.0,0.0,0.0,0.0,0.0,0.0,0.0,0.0,0.0,0.0,Unknown
10,4,1.0595039534766701,1.0406778610071519,-0.928276994516051,0.9450697304739701,0.0,0.34,0.6,0.02,0.02,0.0,0.0,0.0,0.0,0.0,0.0,0.0,0.0,0.02,0.0,Unknown
11,0,8.461672176993737,1.6302093942541704,-0.1578666745445455,0.8194137835205587,0.46,0.0,0.48,0.0,0.0,0.0,0.0,0.0,0.02,0.0,0.0,0.0,0.0,0.0,0.04,Unknown
11,1,3.599109290540869,1.7206826972778466,-0.4405595423243608,0.9215074599913882,0.34,0.16,0.4,0.02,0.0,0.0,0.0,0.0,0.0,0.0,0.0,0.04,0.0,0.04,0.0,Unknown
11,2,1.1291068253152745,1.1553181425746724,-0.941445318998204,0.9200862482555642,0.0,0.42,0.5,0.04,0.02,0.0,0.0,0.0,0.02,0.0,0.0,0.0,0.0,0.0,0.0,Unknown
11,3,1.7391176765817824,2.1932052561866,-1.1610482580996677,0.9206614580790353,0.96,0.0,0.0,0.02,0.02,0.0,0.0,0.0,0.0,0.0,0.0,0.0,0.0,0.0,0.0,Unknown
11,4,1.3951072266606745,1.6976529687839546,-1.0848413057470008,0.8915072592917218,0.0,0.92,0.0,0.02,0.02,0.0,0.0,0.0,0.0,0.0,0.0,0.02,0.0,0.02,0.0,Unknown
12,0,1.8125810271974585,2.2627153509840072,-1.0200292479280437,0.8171092582098919,0.88,0.0,0.12,0.0,0.0,0.0,0.0,0.0,0.0,0.0,0.0,0.0,0.0,0.0,0.0,Unknown
12,1,1.5463461437795418,2.0616120668303504,-1.1725279982752792,0.8794739698025216,0.62,0.28,0.0,0.04,0.02,0.0,0.0,0.0,0.0,0.0,0.0,0.0,0.0,0.0,0.04,Unknown
12,2,1.444574789920001,1.6067473628306463,-1.0292013835375373,0.925321806529247,0.0,0.76,0.16,0.04,0.0,0.0,0.0,0.0,0.0,0.0,0.0,0.0,0.0,0.0,0.04,Unknown
12,3,4.96136023155649,1.6846597316448064,-0.3019114741183707,0.8891359798123659,0.5,0.0,0.4,0.0,0.02,0.0,0.0,0.0,0.0,0.0,0.0,0.04,0.0,0.0,0.04,Unknown
12,4,1.2842519236753491,0.9293342960936243,-0.6764920799560145,0.9348479429714379,0.0,0.26,0.74,0.0,0.0,0.0,0.0,0.0,0.0,0.0,0.0,0.0,0.0,0.0,0.0,Unknown
13,0,1.887291496288091,1.8861261498704172,-0.9479255734453248,0.9485112509585701,0.44,0.18,0.3,0.04,0.0,0.0,0.0,0.0,0.0,0.0,0.0,0.04,0.0,0.0,0.0,Unknown
13,1,3.9547743287271153,1.6696803374900389,-0.3862626610415609,0.914894678782223,0.42,0.16,0.32,0.0,0.0,0.0,0.0,0.0,0.02,0.0,0.0,0.04,0.0,0.02,0.02,Unknown
13,2,5.495298214556542,1.6856881313131313,-0.27003455688125955,0.8803054317928258,0.5,0.0,0.44,0.04,0.0,0.0,0.0,0.0,0.0,0.0,0.0,0.02,0.0,0.0,0.0,Unknown
13,3,3.714155422656439,1.6656402699704937,-0.40892695626270215,0.9118525166926512,0.36,0.2,0.34,0.04,0.0,0.0,0.0,0.0,0.0,0.0,0.0,0.04,0.0,0.0,0.02,Unknown
13,4,2.2481145757874934,1.8540432981197907,-0.7473806622527248,0.9062341543901473,0.38,0.24,0.3,0.0,0.0,0.0,0.0,0.0,0.0,0.0,0.0,0.04,0.0,0.04,0.0,Unknown
14,0,3.3858795714769117,1.709733070412175,-0.4667840233756426,0.9243983849840148,0.34,0.16,0.4,0.04,0.0,0.0,0.0,0.0,0.02,0.0,0.0,0.04,0.0,0.0,0.0,Unknown
14,1,2.5120179579366173,2.2860057047015996,-0.8589740561681961,0.9438988931921046,0.74,0.12,0.04,0.0,0.02,0.0,0.0,0.0,0.0,0.0,0.0,0.0,0.0,0.04,0.04,Unknown
14,2,5.547121969092827,1.6172472836036267,-0.25848429242185156,0.8865953349875201,0.5,0.04,0.36,0.02,0.0,0.0,0.0,0.0,0.02,0.0,0.0,0.04,0.0,0.0,0.02,Unknown
14,3,1.9429450372057662,1.9327192471389032,-0.8522321227535241,0.856741182613283,0.6,0.02,0.3,0.04,0.0,0.0,0.0,0.0,0.02,0.0,0.0,0.0,0.0,0.0,0.02,Unknown
14,4,1.9458667172014055,2.243360160154936,-0.9334899682351135,0.8096992593051127,0.9,0.02,0.06,0.0,0.0,0.0,0.0,0.0,0.0,0.0,0.0,0.02,0.0,0.0,0.0,Unknown
15,0,4.248150691053293,1.6649761258641855,-0.3560056638811989,0.9083407765111795,0.46,0.1,0.36,0.0,0.0,0.0,0.0,0.0,0.04,0.0,0.0,0.04,0.0,0.0,0.0,Unknown
15,1,2.2054724131491965,2.3773345798065946,-0.8228586854219556,0.7633726216055722,0.76,0.14,0.0,0.0,0.02,0.0,0.0,0.0,0.02,0.0,0.0,0.0,0.0,0.04,0.02,Unknown
15,2,4.74991360105821,1.8240899964463397,-0.3359071225541156,0.8746990626697443,0.64,0.0,0.32,0.0,0.0,0.0,0.0,0.0,0.0,0.0,0.0,0.0,0.0,0.04,0.0,Unknown
15,3,3.1136110556467034,2.3004972140214672,-0.6712781487517774,0.9085423153879968,0.64,0.22,0.04,0.0,0.02,0.0,0.0,0.0,0.0,0.0,0.0,0.02,0.0,0.02,0.04,Unknown
15,4,3.07698987207095,1.7000334893133402,-0.5081966383364405,0.9198147677763733,0.28,0.24,0.38,0.04,0.0,0.0,0.0,0.0,0.0,0.0,0.0,0.04,0.0,0.02,0.0,Unknown
16,0,2.9331180614139756,2.3023547691943214,-0.6907429330089522,0.8799819209941034,0.64,0.22,0.06,0.0,0.0,0.0,0.0,0.0,0.04,0.0,0.0,0.0,0.0,0.0,0.04,Unknown
16,1,5.202249300222688,1.626684682647369,-0.2786826526547582,0.8912462570208521,0.48,0.06,0.36,0.04,0.0,0.0,0.0,0.0,0.0,0.0,0.0,0.04,0.0,0.02,0.0,Unknown
16,2,2.897740187385897,2.391556855457975,-0.7054728223985983,0.8547891905268533,0.6,0.28,0.02,0.0,0.0,0.0,0.0,0.0,0.04,0.0,0.0,0.02,0.0,0.0,0.04,Unknown
16,3,3.1089529264862508,1.710898539064584,-0.5026756769442277,0.9134352395711114,0.28,0.26,0.38,0.0,0.0,0.0,0.0,0.0,0.04,0.0,0.0,0.04,0.0,0.0,0.0,Unknown
16,4,5.395050237884034,1.5717586379209514,-0.2416315556330788,0.829398579560718,0.44,0.0,0.52,0.04,0.0,0.0,0.0,0.0,0.0,0.0,0.0,0.0,0.0,0.0,0.0,Unknown
17,0,5.629626303172181,1.6162990135900583,-0.2548511073859464,0.8876553691333245,0.5,0.04,0.36,0.0,0.0,0.0,0.0,0.0,0.0,0.0,0.0,0.02,0.0,0.04,0.04,Unknown
17,1,2.0965140188710674,2.333862453881111,-1.0095645441569367,0.9068941557642082,0.54,0.32,0.04,0.0,0.02,0.0,0.0,0.0,0.04,0.0,0.0,0.02,0.0,0.02,0.0,Unknown
17,2,2.718914828710183,1.6503527426139368,-0.5507327890065181,0.9073184829067416,0.26,0.24,0.4,0.04,0.0,0.0,0.0,0.0,0.02,0.0,0.0,0.0,0.0,0.04,0.0,Unknown
17,3,7.015119032372747,1.5739986588867185,-0.18806718211270668,0.8381923714876092,0.4,0.02,0.48,0.04,0.0,0.0,0.0,0.0,0.04,0.0,0.0,0.0,0.0,0.02,0.0,Unknown
17,4,18.126512436688614,1.6176410289544618,-0.07479584476323697,0.8381264978224903,0.5,0.02,0.46,0.0,0.02,0.0,0.0,0.0,0.0,0.0,0.0,0.0,0.0,0.0,0.0,Unknown
18,0,5.938489121114618,1.6075280469944648,-0.2396365948575182,0.8852593982723597,0.52,0.02,0.36,0.02,0.02,0.0,0.0,0.0,0.0,0.0,0.0,0.04,0.0,0.02,0.0,Unknown
18,1,2.911833223707947,1.650830579246624,-0.5140744574037651,0.9067551227540007,0.3,0.3,0.32,0.04,0.0,0.0,0.0,0.0,0.02,0.0,0.0,0.0,0.0,0.02,0.0,Unknown
18,2,1.166657813747624,0.9435726553711623,-0.75865755933279,0.9380239714633406,0.0,0.2,0.7000000000000001,0.04,0.02,0.0,0.0,0.0,0.0,0.0,0.0,0.0,0.0,0.02,0.02,Unknown
18,3,4.73579835560139,1.8287284438198619,-0.33754572878541167,0.8741311553004013,0.64,0.0,0.34,0.0,0.0,0.0,0.0,0.0,0.0,0.0,0.0,0.0,0.0,0.02,0.0,Unknown
18,4,130.5222399989794,1.1357784050526591,0.006526972442007173,0.7500715455436124,0.24,0.0,0.76,0.0,0.0,0.0,0.0,0.0,0.0,0.0,0.0,0.0,0.0,0.0,0.0,Unknown
19,0,4.424799609510013,1.786964094570438,-0.35124464763072505,0.8697360984507888,0.6,0.0,0.36,0.02,0.0,0.0,0.0,0.0,0.02,0.0,0.0,0.0,0.0,0.0,0.0,Unknown
19,1,2.0729096994067837,2.2787964856453664,-1.0368564745459374,0.9431776187650098,0.46,0.44,0.0,0.0,0.0,0.0,0.0,0.0,0.04,0.0,0.0,0.02,0.0,0.0,0.04,Unknown
19,2,2.6241210804821162,1.6763483409211022,-0.5756725359958248,0.9011459016530062,0.26,0.3,0.38,0.0,0.0,0.0,0.0,0.0,0.02,0.0,0.0,0.04,0.0,0.0,0.0,Unknown
19,3,10.19924420485465,1.6290547089726193,-0.13054294129988298,0.8173079333765273,0.48,0.0,0.48,0.0,0.0,0.0,0.0,0.0,0.02,0.0,0.0,0.02,0.0,0.0,0.0,Unknown
19,4,2.4148827758604545,1.9431650473282938,-0.7097126067968207,0.882000606342486,0.62,0.0,0.3,0.0,0.02,0.0,0.0,0.0,0.02,0.0,0.0,0.0,0.0,0.02,0.02,Unknown
20,0,4.738489100370094,1.8234743248045486,-0.3364757387173848,0.8743674636751128,0.64,0.02,0.32,0.0,0.0,0.0,0.0,0.0,0.02,0.0,0.0,0.0,0.0,0.0,0.0,Unknown
20,1,4.412903778854444,1.6592641742585772,-0.34137866750801493,0.9079152284740769,0.46,0.08,0.36,0.0,0.04,0.0,0.0,0.0,0.0,0.0,0.0,0.02,0.0,0.04,0.0,Unknown
20,2,10.045806966933347,1.6045270672528136,-0.13564406421557162,0.8492559042104872,0.42,0.04,0.46,0.0,0.0,0.0,0.0,0.0,0.0,0.0,0.0,0.04,0.0,0.04,0.0,Unknown
20,3,3.5504210656083224,1.7153545167519049,-0.44477872592021295,0.9205978954340553,0.36,0.16,0.38,0.04,0.02,0.0,0.0,0.0,0.04,0.0,0.0,0.0,0.0,0.0,0.0,Unknown
20,4,2.0626644394557183,2.3895705643858625,-0.8811568670231007,0.7606098611529988,0.76,0.16,0.02,0.0,0.0,0.0,0.0,0.0,0.04,0.0,0.0,0.02,0.0,0.0,0.0,Unknown
21,0,1.4671649904307413,1.7536845024974055,-1.0637000944435855,0.8899112335568342,0.16,0.58,0.16,0.0,0.02,0.0,0.0,0.0,0.04,0.0,0.0,0.04,0.0,0.0,0.0,Unknown
21,1,2.9878438119735478,2.3092999539846555,-0.6865976375889932,0.8883412911558689,0.62,0.24,0.06,0.0,0.0,0.0,0.0,0.0,0.0,0.0,0.0,0.0,0.0,0.04,0.04,Unknown
21,2,2.2413600145723,1.89991741239689,-0.7614218404211133,0.8982603434278462,0.52,0.14,0.3,0.0,0.02,0.0,0.0,0.0,0.0,0.0,0.0,0.0,0.0,0.02,0.0,Unknown
21,3,1.602803881723194,1.8977233642338867,-1.0516882545243973,0.8882485448012052,0.22,0.52,0.16,0.04,0.04,0.0,0.0,0.0,0.02,0.0,0.0,0.0,0.0,0.0,0.0,Unknown
21,4,3.0186077948461887,2.3149394055364203,-0.6810121085110256,0.8880182583710816,0.62,0.24,0.04,0.0,0.0,0.0,0.0,0.0,0.04,0.0,0.0,0.0,0.0,0.02,0.04,Unknown
22,0,5.580028188605476,1.659255132719685,-0.2661008771742305,0.8948897408059309,0.44,0.04,0.44,0.0,0.04,0.0,0.0,0.0,0.0,0.0,0.0,0.02,0.0,0.02,0.0,Unknown
22,1,1.8629224863518308,1.8573401583414664,-0.9576525831724558,0.9605308555325808,0.44,0.16,0.3,0.02,0.04,0.0,0.0,0.0,0.02,0.0,0.0,0.02,0.0,0.0,0.0,Unknown
22,2,2.6957577090411857,2.191963332687213,-0.7126887120475396,0.8764909800275564,0.78,0.0,0.18,0.0,0.0,0.0,0.0,0.0,0.0,0.0,0.0,0.0,0.0,0.0,0.04,Unknown
22,3,2.079414421100849,2.379352477953224,-1.0434368358642552,0.9119025550483011,0.5,0.44,0.02,0.0,0.0,0.0,0.0,0.0,0.0,0.0,0.0,0.0,0.0,0.0,0.04,Unknown
22,4,11.974506910057046,1.6415423196206778,-0.11255791197330556,0.821072645284811,0.5,0.0,0.48,0.0,0.0,0.0,0.0,0.0,0.0,0.0,0.0,0.0,0.0,0.02,0.0,Unknown
23,0,1.7184524023447312,2.1698526297352245,-1.182035619201477,0.9361335980330625,0.68,0.16,0.06,0.02,0.04,0.0,0.0,0.0,0.0,0.0,0.0,0.0,0.0,0.0,0.04,Unknown
23,1,2.913443936777431,2.4043011457862207,-0.6998655545068588,0.8480714073251107,0.6,0.28,0.04,0.0,0.04,0.0,0.0,0.0,0.0,0.0,0.0,0.0,0.0,0.0,0.04,Unknown
23,2,2.309000423238962,2.2589535000654397,-0.8760166320689629,0.8954247062435406,0.78,0.04,0.08,0.0,0.04,0.0,0.0,0.0,0.02,0.0,0.0,0.0,0.0,0.0,0.04,Unknown
23,3,4.178530202920405,1.663517927967555,-0.36003256090052016,0.9043527000636713,0.28,0.2,0.42,0.0,0.04,0.0,0.0,0.0,0.0,0.0,0.0,0.02,0.0,0.04,0.0,Unknown
23,4,9.494427640942709,1.566469999113656,-0.14047483542535577,0.8514227282255797,0.4,0.06,0.46,0.0,0.04,0.0,0.0,0.0,0.0,0.0,0.0,0.02,0.0,0.0,0.02,Unknown
24,0,4.457921953655528,1.7850842082875666,-0.348672100950997,0.870744924102038,0.6,0.02,0.36,0.0,0.0,0.0,0.0,0.0,0.0,0.0,0.0,0.0,0.0,0.0,0.02,Unknown
24,1,4.753710617918807,1.8239913823738452,-0.33555930250070043,0.8745391204467983,0.64,0.0,0.32,0.0,0.0,0.0,0.0,0.0,0.02,0.0,0.0,0.0,0.0,0.0,0.02,Unknown
24,2,1.8636734311025371,1.857130087268261,-0.9572303601004319,0.9606030303401468,0.42,0.18,0.3,0.02,0.04,0.0,0.0,0.0,0.0,0.0,0.0,0.04,0.0,0.0,0.0,Unknown
24,3,2.0637747998614233,2.2916703495509467,-1.0343584033540456,0.9314964551019881,0.5,0.38,0.04,0.0,0.0,0.0,0.0,0.0,0.02,0.0,0.0,0.02,0.0,0.0,0.04,Unknown
24,4,4.741718685255942,1.6796652917977546,-0.32117447759968554,0.9066800564989341,0.4,0.14,0.44,0.0,0.02,0.0,0.0,0.0,0.0,0.0,0.0,0.0,0.0,0.0,0.0,Unknown
25,0,2.2516712532602114,2.468252536021193,-0.9195403152910601,0.8388535872810646,0.66,0.3,0.02,0.0,0.02,0.0,0.0,0.0,0.0,0.0,0.0,0.0,0.0,0.0,0.0,Unknown
25,1,3.7382420298733883,1.729432850731358,-0.4275273485998725,0.9241183910576533,0.38,0.2,0.4,0.0,0.0,0.0,0.0,0.0,0.0,0.0,0.0,0.02,0.0,0.0,0.0,Unknown
25,2,2.0486741620380213,1.8811371911682495,-0.8655490021754413,0.9426361272648233,0.48,0.14,0.3,0.02,0.0,0.0,0.0,0.0,0.02,0.0,0.0,0.04,0.0,0.0,0.0,Unknown
25,3,5.011141259467765,1.686798481990646,-0.3016694159151878,0.8961995596730287,0.44,0.06,0.44,0.0,0.0,0.0,0.0,0.0,0.0,0.0,0.0,0.02,0.0,0.04,0.0,Unknown
25,4,3.000556353513356,1.8528717128642502,-0.5442899798518899,0.8814278645749387,0.6,0.0,0.3,0.0,0.0,0.0,0.0,0.0,0.04,0.0,0.0,0.02,0.0,0.0,0.04,Unknown
26,0,3.9696722663813437,1.7186727227995884,-0.3988775221232486,0.921299917229314,0.38,0.14,0.4,0.0,0.04,0.0,0.0,0.0,0.04,0.0,0.0,0.0,0.0,0.0,0.0,Unknown
26,1,1.9145315501579463,2.392873880058582,-1.037425454433126,0.8300411400714751,0.56,0.34,0.02,0.0,0.04,0.0,0.0,0.0,0.02,0.0,0.0,0.0,0.0,0.02,0.0,Unknown
26,2,1.887291496288091,1.8861261498704172,-0.9479255734453248,0.9485112509585701,0.44,0.16,0.3,0.04,0.0,0.0,0.0,0.0,0.0,0.0,0.0,0.02,0.0,0.04,0.0,Unknown
26,3,4.684380204877816,1.806581020761991,-0.3369324560659047,0.8736501211083018,0.62,0.0,0.34,0.0,0.0,0.0,0.0,0.0,0.0,0.0,0.0,0.02,0.0,0.0,0.02,Unknown
26,4,2.5271936136003563,1.9433918300811959,-0.6790485772015629,0.8830371729817482,0.62,0.0,0.3,0.0,0.02,0.0,0.0,0.0,0.0,0.0,0.0,0.0,0.0,0.02,0.04,Unknown
27,0,3.9680359027176997,1.6632032343692793,-0.38262885664232915,0.9128680182926162,0.4,0.18,0.32,0.04,0.04,0.0,0.0,0.0,0.0,0.0,0.0,0.02,0.0,0.0,0.0,Unknown
27,1,4.435154283938003,1.7857451890978011,-0.3503716765536823,0.8701983080951944,0.6,0.02,0.36,0.02,0.0,0.0,0.0,0.0,0.0,0.0,0.0,0.0,0.0,0.0,0.0,Unknown
27,2,1.8646384725844194,1.8590395186826179,-0.9573053907087866,0.9601885509108825,0.44,0.18,0.3,0.02,0.02,0.0,0.0,0.0,0.0,0.0,0.0,0.04,0.0,0.0,0.0,Unknown
27,3,9.76362324856248,1.5671161730060983,-0.13679227732768096,0.8522586149998965,0.4,0.04,0.46,0.0,0.04,0.0,0.0,0.0,0.0,0.0,0.0,0.04,0.0,0.02,0.0,Unknown
27,4,1.1917675110939152,0.9699356483069164,-0.7634640100056069,0.9380741955444075,0.0,0.24,0.66,0.0,0.04,0.0,0.0,0.0,0.0,0.0,0.0,0.0,0.0,0.02,0.04,Unknown
28,0,2.632140730749299,1.8119261089242433,-0.6002639094973338,0.8719886962318916,0.66,0.0,0.3,0.0,0.0,0.0,0.0,0.0,0.0,0.0,0.0,0.0,0.0,0.04,0.0,Unknown
28,1,2.0669797752166095,1.879412131402145,-0.8541590357858908,0.939405158821041,0.5,0.1,0.3,0.02,0.0,0.0,0.0,0.0,0.04,0.0,0.0,0.04,0.0,0.0,0.0,Unknown
28,2,5.674715188572827,1.6543963907154207,-0.26076090531971075,0.8944312731301011,0.44,0.02,0.44,0.02,0.04,0.0,0.0,0.0,0.0,0.0,0.0,0.0,0.0,0.04,0.0,Unknown
28,3,4.804998315213316,1.8372765348250424,-0.3351767499624726,0.8765820976571311,0.66,0.0,0.32,0.02,0.0,0.0,0.0,0.0,0.0,0.0,0.0,0.0,0.0,0.0,0.0,Unknown
28,4,3.9119114283597716,1.7320652245764185,-0.40955232670670255,0.9249838889589175,0.4,0.12,0.4,0.0,0.0,0.0,0.0,0.0,0.04,0.0,0.0,0.04,0.0,0.0,0.0,Unknown
29,0,5.081958341313627,1.6809112514765499,-0.29641564243026064,0.8961638785070609,0.44,0.02,0.44,0.02,0.0,0.0,0.0,0.0,0.0,0.0,0.0,0.02,0.0,0.02,0.04,Unknown
29,1,1.8897218669854616,1.85066375949156,-0.9385755063561664,0.9583840657620972,0.46,0.14,0.3,0.02,0.02,0.0,0.0,0.0,0.02,0.0,0.0,0.04,0.0,0.0,0.0,Unknown
29,2,9.758403710997415,1.6124885968094924,-0.14046950885124143,0.8500886016669583,0.44,0.0,0.46,0.04,0.0,0.0,0.0,0.0,0.0,0.0,0.0,0.02,0.0,0.0,0.04,Unknown
29,3,2.962611195088049,1.6131041823019436,-0.48878521477071785,0.8976980936282474,0.26,0.22,0.42,0.04,0.02,0.0,0.0,0.0,0.0,0.0,0.0,0.0,0.0,0.0,0.04,Unknown
29,4,3.5392025780821346,1.7267560803624236,-0.45005067973145013,0.9224351627257003,0.36,0.2,0.4,0.0,0.0,0.0,0.0,0.0,0.0,0.0,0.0,0.02,0.0,0.02,0.0,Unknown
30,0,2.121134119064026,2.4369215293413053,-1.0016850849317533,0.8718821614181044,0.6,0.34,0.04,0.0,0.0,0.0,0.0,0.0,0.0,0.0,0.0,0.0,0.0,0.0,0.02,Unknown
30,1,1.708938215181942,2.130006461200491,-1.18305998163913,0.949187925156703,0.46,0.4,0.1,0.0,0.0,0.0,0.0,0.0,0.0,0.0,0.0,0.0,0.0,0.0,0.04,Unknown
30,2,1.7160845915406642,2.1303353451466105,-1.1445904195242784,0.9220210268995077,0.42,0.54,0.02,0.02,0.0,0.0,0.0,0.0,0.0,0.0,0.0,0.0,0.0,0.0,0.0,Unknown
30,3,1.471926325344604,1.7585665209764387,-1.0637973474409852,0.8904020984444735,0.24,0.44,0.26,0.0,0.02,0.0,0.0,0.0,0.0,0.0,0.0,0.02,0.0,0.02,0.0,Unknown
30,4,4.1769133914255185,1.527673297059491,-0.31004260758470037,0.8477081598728552,0.26,0.16,0.48,0.04,0.0,0.0,0.0,0.0,0.02,0.0,0.0,0.04,0.0,0.0,0.0,Unknown
31,0,4.714305943649951,1.8292694885959813,-0.33891648778733174,0.8734393826290863,0.64,0.0,0.34,0.0,0.02,0.0,0.0,0.0,0.0,0.0,0.0,0.0,0.0,0.0,0.0,Unknown
31,1,3.2524916947664604,1.7197771223386895,-0.48492155967172834,0.9170975267445941,0.34,0.24,0.4,0.0,0.0,0.0,0.0,0.0,0.0,0.0,0.0,0.02,0.0,0.0,0.0,Unknown
31,2,1.940506132838533,1.891631812482809,-0.9262225492519754,0.9501534734921218,0.46,0.14,0.3,0.02,0.0,0.0,0.0,0.0,0.02,0.0,0.0,0.04,0.0,0.02,0.0,Unknown
31,3,8.670227545662348,1.60872719755369,-0.15848554059112785,0.8541570638704858,0.42,0.08,0.46,0.02,0.0,0.0,0.0,0.0,0.0,0.0,0.0,0.02,0.0,0.0,0.0,Unknown
31,4,1.7961393460353754,2.1260986225631746,-1.1335093614959817,0.9575946955977434,0.48,0.32,0.18,0.0,0.0,0.0,0.0,0.0,0.0,0.0,0.0,0.0,0.0,0.0,0.02,Unknown
32,0,1.6727766114221874,2.120489270339667,-1.2003242236791674,0.9468919817613838,0.36,0.4,0.14,0.04,0.0,0.0,0.0,0.0,0.04,0.0,0.0,0.0,0.0,0.02,0.0,Unknown
32,1,1.7974433741578537,2.278078202034201,-1.1409491698047758,0.9002287646170571,0.78,0.0,0.16,0.02,0.0,0.0,0.0,0.0,0.0,0.0,0.0,0.0,0.0,0.0,0.04,Unknown
32,2,1.8677936810234574,2.170676091942883,-1.0538706616064373,0.9068202159100285,0.54,0.14,0.22,0.0,0.04,0.0,0.0,0.0,0.02,0.0,0.0,0.04,0.0,0.0,0.0,Unknown
32,3,6.505090043313723,1.4434721360728826,-0.1706547578816543,0.7690654627852942,0.38,0.0,0.62,0.0,0.0,0.0,0.0,0.0,0.0,0.0,0.0,0.0,0.0,0.0,0.0,Unknown
32,4,1.4047907148698922,1.7709656963691776,-1.085735577172918,0.8612426885200783,0.18,0.72,0.0,0.0,0.0,0.0,0.0,0.0,0.04,0.0,0.0,0.02,0.0,0.0,0.04,Unknown
33,0,3.7318389367369273,1.7277281598998018,-0.42775284104148004,0.9239327948412585,0.42,0.16,0.4,0.0,0.0,0.0,0.0,0.0,0.0,0.0,0.0,0.0,0.0,0.0,0.02,Unknown
33,1,5.674715188572827,1.6543963907154207,-0.26076090531971075,0.8944312731301011,0.44,0.02,0.44,0.02,0.02,0.0,0.0,0.0,0.02,0.0,0.0,0.0,0.0,0.04,0.0,Unknown
33,2,1.920725842029833,1.8465148024201532,-0.9174508044689423,0.954322958379142,0.48,0.12,0.3,0.02,0.04,0.0,0.0,0.0,0.0,0.0,0.0,0.04,0.0,0.0,0.0,Unknown
33,3,1.3860008794534668,1.6510311333718797,-1.0956234763160753,0.9197495256337452,0.0,0.84,0.1,0.04,0.02,0.0,0.0,0.0,0.0,0.0,0.0,0.0,0.0,0.0,0.0,Unknown
33,4,2.160814445159987,2.4336369834560134,-0.9884758482006358,0.8776628996049568,0.58,0.34,0.04,0.0,0.0,0.0,0.0,0.0,0.0,0.0,0.0,0.0,0.0,0.0,0.04,Unknown
34,0,4.046151078473079,1.7188971606751458,-0.39224023702882027,0.923303205326943,0.4,0.12,0.4,0.0,0.04,0.0,0.0,0.0,0.0,0.0,0.0,0.0,0.0,0.04,0.0,Unknown
34,1,3.734632053076118,1.7302848407811093,-0.4285658257632107,0.9250128256510181,0.4,0.16,0.4,0.0,0.0,0.0,0.0,0.0,0.0,0.0,0.0,0.04,0.0,0.0,0.0,Unknown
34,2,5.081958341313627,1.6809112514765499,-0.29641564243026064,0.8961638785070609,0.44,0.02,0.44,0.0,0.0,0.0,0.0,0.0,0.0,0.0,0.0,0.04,0.0,0.02,0.04,Unknown
34,3,2.02436209815397,2.163172924608559,-0.9615341833103617,0.899832525930484,0.48,0.28,0.14,0.0,0.02,0.0,0.0,0.0,0.0,0.0,0.0,0.0,0.0,0.04,0.04,Unknown
34,4,1.0552414276428586,1.0167385989839341,-0.9157160455274882,0.9503932556161602,0.0,0.3,0.64,0.04,0.0,0.0,0.0,0.0,0.0,0.0,0.0,0.0,0.0,0.0,0.02,Unknown
35,0,3.7513392475482914,1.726365304264558,-0.42423081877134833,0.9218406536258658,0.44,0.16,0.4,0.0,0.0,0.0,0.0,0.0,0.0,0.0,0.0,0.0,0.0,0.0,0.0,Unknown
35,1,3.7399792730692947,1.7225622281946908,-0.4245071040536534,0.9216780354570921,0.36,0.14,0.4,0.0,0.04,0.0,0.0,0.0,0.0,0.0,0.0,0.04,0.0,0.02,0.0,Unknown
35,2,3.9894600995247327,1.6651186572548513,-0.38072392407514366,0.9121769775496481,0.42,0.16,0.32,0.04,0.02,0.0,0.0,0.0,0.0,0.0,0.0,0.04,0.0,0.0,0.0,Unknown
35,3,7.8766992843500825,1.5750225636718174,-0.1716070329354924,0.8582080185372886,0.38,0.08,0.46,0.0,0.04,0.0,0.0,0.0,0.0,0.0,0.0,0.0,0.0,0.04,0.0,Unknown
35,4,5.285287922075295,1.6199103158450172,-0.2726625240162014,0.8896171170062199,0.48,0.06,0.36,0.0,0.04,0.0,0.0,0.0,0.02,0.0,0.0,0.04,0.0,0.0,0.0,Unknown
36,0,3.9071194576112815,1.7280305117767805,-0.4096503381674541,0.9262294827359859,0.38,0.12,0.4,0.0,0.0,0.0,0.0,0.0,0.02,0.0,0.0,0.0,0.0,0.04,0.04,Unknown
36,1,1.4469072000023389,2.0456091186714613,-1.149166174419687,0.8128321274048264,0.48,0.2,0.22,0.04,0.0,0.0,0.0,0.0,0.0,0.0,0.0,0.0,0.0,0.02,0.04,Unknown
36,2,5.220627832280313,1.6813526456959293,-0.2866868364506907,0.8901673788419305,0.46,0.0,0.44,0.0,0.0,0.0,0.0,0.0,0.04,0.0,0.0,0.0,0.0,0.04,0.02,Unknown
36,3,2.292172172150361,1.8822728053455666,-0.7380362988891448,0.8987572160360972,0.48,0.12,0.3,0.0,0.04,0.0,0.0,0.0,0.02,0.0,0.0,0.04,0.0,0.0,0.0,Unknown
36,4,4.691925795528588,1.808403442742995,-0.33633461793860575,0.8726244556615552,0.62,0.0,0.34,0.0,0.02,0.0,0.0,0.0,0.0,0.0,0.0,0.0,0.0,0.0,0.02,Unknown
37,0,1.0114079921290589,0.649028875560592,-0.5437695832117821,0.8473781722932769,0.02,0.0,0.98,0.0,0.0,0.0,0.0,0.0,0.0,0.0,0.0,0.0,0.0,0.0,0.0,Unknown
37,1,4.575393942928665,1.655866048545153,-0.3276445357054335,0.9053285592889624,0.48,0.08,0.34,0.0,0.02,0.0,0.0,0.0,0.0,0.0,0.0,0.04,0.0,0.04,0.0,Unknown
37,2,1.6858854475963736,2.0408189879109173,-1.162410582020699,0.9602473791016857,0.4,0.52,0.0,0.04,0.0,0.0,0.0,0.0,0.0,0.0,0.0,0.02,0.0,0.0,0.02,Unknown
37,3,3.8723992300931775,1.727843387334059,-0.4124640366115458,0.9244040458342425,0.38,0.14,0.4,0.02,0.0,0.0,0.0,0.0,0.02,0.0,0.0,0.0,0.0,0.0,0.04,Unknown
37,4,1.072843038240492,1.0880212934867783,-0.9695462153733896,0.9560207264725474,0.0,0.4,0.54,0.0,0.02,0.0,0.0,0.0,0.0,0.0,0.0,0.04,0.0,0.0,0.0,Unknown
38,0,4.393267287956112,1.6608317314940448,-0.34252112476255137,0.9060441369963312,0.48,0.12,0.34,0.02,0.0,0.0,0.0,0.0,0.0,0.0,0.0,0.04,0.0,0.0,0.0,Unknown
38,1,4.259918147190659,1.701020184003393,-0.3640838547430766,0.911786605772766,0.42,0.16,0.42,0.0,0.0,0.0,0.0,0.0,0.0,0.0,0.0,0.0,0.0,0.0,0.0,Unknown
38,2,11.996258937195735,1.6404069251643878,-0.1121538609580649,0.8201786619111979,0.5,0.0,0.48,0.02,0.0,0.0,0.0,0.0,0.0,0.0,0.0,0.0,0.0,0.0,0.0,Unknown
38,3,1.0804322274968647,1.0582070306352023,-0.9255272918271001,0.9449658569351316,0.0,0.34,0.56,0.04,0.02,0.0,0.0,0.0,0.0,0.0,0.0,0.02,0.0,0.02,0.0,Unknown
38,4,1.3745314370412836,1.5681151803365236,-1.0679516229748218,0.9361130466860881,0.0,0.64,0.28,0.04,0.0,0.0,0.0,0.0,0.02,0.0,0.0,0.0,0.0,0.02,0.0,Unknown
39,0,2.6496676744300185,2.317029947664276,-0.7592081342916194,0.8682016620576515,0.56,0.28,0.08,0.0,0.02,0.0,0.0,0.0,0.02,0.0,0.0,0.0,0.0,0.02,0.02,Unknown
39,1,1.5975723444008352,1.9859726021938628,-1.2262162080028807,0.9864028839063688,0.5,0.32,0.08,0.04,0.02,0.0,0.0,0.0,0.02,0.0,0.0,0.02,0.0,0.0,0.0,Unknown
39,2,2.2769392544485467,2.238155901105528,-0.8548905394923138,0.8697043073127924,0.84,0.02,0.04,0.0,0.0,0.0,0.0,0.0,0.02,0.0,0.0,0.0,0.0,0.04,0.04,Unknown
39,3,1.7638024880555458,2.144418331156698,-1.1554069319983438,0.950332121194758,0.38,0.32,0.26,0.0,0.0,0.0,0.0,0.0,0.0,0.0,0.0,0.0,0.0,0.0,0.04,Unknown
39,4,1.7128874436126857,2.1633731205260003,-1.2074478518483782,0.9560173622509671,0.44,0.4,0.06,0.02,0.0,0.0,0.0,0.0,0.0,0.0,0.0,0.0,0.0,0.04,0.04,Unknown
40,0,3.943874028581291,1.7280678252096162,-0.4059166131170961,0.9264011313051039,0.4,0.14,0.4,0.0,0.0,0.0,0.0,0.0,0.0,0.0,0.0,0.0,0.0,0.04,0.02,Unknown
40,1,1.677459914574225,2.1277549740790347,-1.2006681915031965,0.9465717559064236,0.4,0.4,0.1,0.04,0.0,0.0,0.0,0.0,0.02,0.0,0.0,0.0,0.0,0.0,0.04,Unknown
40,2,3.472401736100085,1.7237216986993107,-0.4571601880592427,0.9209397502474352,0.36,0.2,0.4,0.04,0.0,0.0,0.0,0.0,0.0,0.0,0.0,0.0,0.0,0.0,0.0,Unknown
40,3,5.54378966426379,1.6584896500680082,-0.26732013027833845,0.8935639575631217,0.44,0.02,0.44,0.0,0.04,0.0,0.0,0.0,0.02,0.0,0.0,0.04,0.0,0.0,0.0,Unknown
40,4,4.1630864643079235,1.6717516153001228,-0.3673344263582704,0.9147560942993647,0.42,0.12,0.36,0.04,0.0,0.0,0.0,0.0,0.0,0.0,0.0,0.04,0.0,0.02,0.0,Unknown
41,0,3.943874028581291,1.7280678252096162,-0.4059166131170961,0.9264011313051039,0.4,0.1,0.4,0.0,0.0,0.0,0.0,0.0,0.04,0.0,0.0,0.0,0.0,0.04,0.02,Unknown
41,1,4.739551828486426,1.828629829747367,-0.33719847830429106,0.8739711222120206,0.64,0.0,0.34,0.0,0.0,0.0,0.0,0.0,0.0,0.0,0.0,0.0,0.0,0.0,0.02,Unknown
41,2,1.3805563372900869,1.627358759606894,-1.0744542298022188,0.9115043547258695,0.0,0.86,0.12,0.0,0.0,0.0,0.0,0.0,0.02,0.0,0.0,0.0,0.0,0.0,0.0,Unknown
41,3,2.0669797752166095,1.879412131402145,-0.8541590357858908,0.939405158821041,0.5,0.12,0.3,0.02,0.0,0.0,0.0,0.0,0.02,0.0,0.0,0.04,0.0,0.0,0.0,Unknown
41,4,1.296242195143907,1.5421453623076757,-1.1053292995210235,0.9290787448371874,0.0,0.78,0.22,0.0,0.0,0.0,0.0,0.0,0.0,0.0,0.0,0.0,0.0,0.0,0.0,Unknown
42,0,3.9279809255517804,1.6667405101117787,-0.3883489239892463,0.9152157499249503,0.38,0.18,0.36,0.02,0.0,0.0,0.0,0.0,0.02,0.0,0.0,0.02,0.0,0.02,0.0,Unknown
42,1,1.7968649889637494,2.275634987074517,-1.147691148241661,0.9062288346480377,0.6,0.2,0.18,0.02,0.0,0.0,0.0,0.0,0.0,0.0,0.0,0.0,0.0,0.0,0.0,Unknown
42,2,1.6589798581589668,1.9860168000079719,-1.170687932534203,0.9779110127657881,0.62,0.0,0.28,0.02,0.04,0.0,0.0,0.0,0.0,0.0,0.0,0.04,0.0,0.0,0.0,Unknown
42,3,1.135492258759817,1.3017549776094555,-0.913847376039988,0.7971289828198589,0.12,0.32,0.48,0.0,0.04,0.0,0.0,0.0,0.0,0.0,0.0,0.02,0.0,0.0,0.02,Unknown
42,4,2.2417401518187683,2.1613899253731343,-0.8737625036219315,0.9062448494512467,0.58,0.16,0.18,0.0,0.0,0.0,0.0,0.0,0.02,0.0,0.0,0.04,0.0,0.0,0.02,Unknown
43,0,1.2575820442869776,1.3255787481589723,-1.0095126169997186,0.9577287976172414,0.0,0.56,0.4,0.0,0.02,0.0,0.0,0.0,0.0,0.0,0.0,0.02,0.0,0.0,0.0,Unknown
43,1,3.687108424140365,1.7298686425514784,-0.433801288844315,0.9246207181057162,0.36,0.14,0.4,0.0,0.0,0.0,0.0,0.0,0.0,0.0,0.0,0.04,0.0,0.02,0.04,Unknown
43,2,5.38855898915266,1.6106237131442356,-0.2658599817408508,0.8894704472432655,0.48,0.06,0.36,0.04,0.04,0.0,0.0,0.0,0.0,0.0,0.0,0.0,0.0,0.0,0.02,Unknown
43,3,1.2659020178890035,1.2992897628905096,-0.9854298786937509,0.9601073660063337,0.0,0.48,0.42,0.04,0.0,0.0,0.0,0.0,0.02,0.0,0.0,0.02,0.0,0.02,0.0,Unknown
43,4,7.571398411895411,1.5595685529230305,-0.17295819664651357,0.8396780077200673,0.4,0.04,0.48,0.02,0.02,0.0,0.0,0.0,0.0,0.0,0.0,0.04,0.0,0.0,0.0,Unknown
44,0,1.724673261786915,2.1041497127518856,-1.1649252153175924,0.9548348003306976,0.4,0.4,0.16,0.0,0.0,0.0,0.0,0.0,0.0,0.0,0.0,0.02,0.0,0.0,0.02,Unknown
44,1,1.800573631779683,2.2751623502585967,-1.14520057583769,0.9063168435956599,0.6,0.28,0.08,0.02,0.0,0.0,0.0,0.0,0.0,0.0,0.0,0.0,0.0,0.0,0.02,Unknown
44,2,4.092233746086323,1.6871668263328712,-0.37265001246547397,0.9038649484410399,0.32,0.14,0.44,0.02,0.0,0.0,0.0,0.0,0.04,0.0,0.0,0.04,0.0,0.0,0.0,Unknown
44,3,1.2696186097105115,1.3597981819175848,-0.8659426931944678,0.8085148023020667,0.22,0.34,0.34,0.0,0.0,0.0,0.0,0.0,0.04,0.0,0.0,0.02,0.0,0.0,0.04,Unknown
44,4,4.326485829918367,1.506407060394001,-0.2901045088138211,0.8331964709820672,0.4,0.0,0.56,0.02,0.0,0.0,0.0,0.0,0.0,0.0,0.0,0.0,0.0,0.0,0.02,Unknown
45,0,3.472401736100085,1.7237216986993107,-0.4571601880592427,0.9209397502474352,0.36,0.2,0.4,0.0,0.0,0.0,0.0,0.0,0.04,0.0,0.0,0.0,0.0,0.0,0.0,Unknown
45,1,2.418303772172771,2.2757305078834924,-0.8689375566897249,0.9233760165574718,0.74,0.1,0.06,0.0,0.0,0.0,0.0,0.0,0.0,0.0,0.0,0.02,0.0,0.04,0.04,Unknown
45,2,6.262448910591256,1.658600800111994,-0.2331252210803405,0.8802207177842957,0.5,0.0,0.44,0.0,0.04,0.0,0.0,0.0,0.0,0.0,0.0,0.0,0.0,0.02,0.0,Unknown
45,3,1.579794340863508,1.9873305007330462,-1.2465171856818436,0.9908974853475501,0.46,0.34,0.12,0.04,0.02,0.0,0.0,0.0,0.0,0.0,0.0,0.02,0.0,0.0,0.0,Unknown
45,4,3.9377103609317055,1.7315971429068444,-0.40778597152650187,0.9273190659294304,0.38,0.12,0.4,0.0,0.0,0.0,0.0,0.0,0.0,0.0,0.0,0.04,0.0,0.04,0.02,Unknown
46,0,3.9332387738853645,1.6680136708233724,-0.388199647523455,0.9153893234568705,0.4,0.18,0.32,0.04,0.0,0.0,0.0,0.0,0.02,0.0,0.0,0.02,0.0,0.02,0.0,Unknown
46,1,1.9880933229774276,2.28097088152312,-1.0486973441344196,0.9140441925797801,0.4,0.5,0.0,0.0,0.0,0.0,0.0,0.0,0.02,0.0,0.0,0.04,0.0,0.0,0.04,Unknown
46,2,1.8272195415123347,1.9291459644956441,-0.9793260602787187,0.9275833699412271,0.34,0.28,0.3,0.04,0.0,0.0,0.0,0.0,0.0,0.0,0.0,0.0,0.0,0.04,0.0,Unknown
46,3,1.3703515714760188,1.526348025083648,-1.033548401018134,0.9279172588803777,0.0,0.64,0.28,0.0,0.0,0.0,0.0,0.0,0.02,0.0,0.0,0.02,0.0,0.0,0.04,Unknown
46,4,5.781830751010648,1.6594843734209406,-0.25535359891585074,0.8896807431546595,0.46,0.0,0.44,0.02,0.04,0.0,0.0,0.0,0.0,0.0,0.0,0.0,0.0,0.04,0.0,Unknown
47,0,3.6195395502394376,1.7267599893887207,-0.44039198060265494,0.9231255074235858,0.36,0.14,0.4,0.02,0.0,0.0,0.0,0.0,0.04,0.0,0.0,0.0,0.0,0.04,0.0,Unknown
47,1,3.873400180528108,1.6673439754689754,-0.3927904712583151,0.9124899868712552,0.42,0.18,0.34,0.04,0.0,0.0,0.0,0.0,0.02,0.0,0.0,0.0,0.0,0.0,0.0,Unknown
47,2,1.2758123252099598,1.3165497939042718,-0.9895108469951313,0.9588928123886851,0.0,0.54,0.4,0.0,0.0,0.0,0.0,0.0,0.02,0.0,0.0,0.0,0.0,0.0,0.04,Unknown
47,3,2.4829164654556917,2.320495453758513,-0.8092512968144903,0.8658941202836996,0.66,0.26,0.06,0.0,0.0,0.0,0.0,0.0,0.0,0.0,0.0,0.0,0.0,0.02,0.0,Unknown
47,4,5.318641214758915,1.6813800666580518,-0.2803130692832775,0.8867029370071244,0.48,0.04,0.44,0.02,0.0,0.0,0.0,0.0,0.0,0.0,0.0,0.02,0.0,0.0,0.0,Unknown
48,0,1.220589078469949,1.389110109625035,-1.0646043246240573,0.9354509786700658,0.0,0.58,0.32,0.04,0.04,0.0,0.0,0.0,0.02,0.0,0.0,0.0,0.0,0.0,0.0,Unknown
48,1,1.5505320465910726,2.117159735550436,-1.1528877629709686,0.8443337517686063,0.68,0.02,0.22,0.04,0.0,0.0,0.0,0.0,0.0,0.0,0.0,0.0,0.0,0.0,0.04,Unknown
48,2,3.9377103609317055,1.7315971429068444,-0.40778597152650187,0.9273190659294304,0.38,0.12,0.4,0.0,0.0,0.0,0.0,0.0,0.0,0.0,0.0,0.04,0.0,0.02,0.04,Unknown
48,3,4.292536954071158,1.6646347052615709,-0.35270832807775776,0.9095169814141406,0.46,0.1,0.34,0.02,0.0,0.0,0.0,0.0,0.0,0.0,0.0,0.04,0.0,0.04,0.0,Unknown
48,4,4.691925795528588,1.808403442742995,-0.33633461793860575,0.8726244556615552,0.62,0.0,0.34,0.0,0.0,0.0,0.0,0.0,0.02,0.0,0.0,0.0,0.0,0.0,0.02,Unknown
49,0,3.902565056204083,1.731410018464123,-0.4106049132354583,0.9254956187233794,0.38,0.14,0.4,0.0,0.0,0.0,0.0,0.0,0.0,0.0,0.0,0.04,0.0,0.0,0.04,Unknown
49,1,4.631593606819498,1.801222039154875,-0.3385789213550572,0.8706089163179068,0.62,0.0,0.36,0.0,0.0,0.0,0.0,0.0,0.02,0.0,0.0,0.0,0.0,0.0,0.0,Unknown
49,2,1.579794340863508,1.9873305007330462,-1.2465171856818436,0.9908974853475501,0.46,0.28,0.16,0.04,0.02,0.0,0.0,0.0,0.0,0.0,0.0,0.02,0.0,0.02,0.0,Unknown
49,3,1.2053261387123726,0.8712131523120317,-0.6901721395706685,0.9548553276877421,0.14,0.0,0.76,0.04,0.0,0.0,0.0,0.0,0.0,0.0,0.0,0.0,0.0,0.02,0.04,Unknown
49,4,1.9466594655994984,1.8522724481740676,-0.8965689040240766,0.9422557385135641,0.56,0.04,0.3,0.02,0.02,0.0,0.0,0.0,0.0,0.0,0.0,0.04,0.0,0.02,0.0,Unknown
50,0,0.8936255482421689,0.8004361351749409,-0.8272799855518206,0.9235946481574552,0.0,0.16,0.76,0.04,0.0,0.0,0.0,0.0,0.02,0.0,0.0,0.02,0.0,0.0,0.0,Unknown
50,1,1.837877824124419,2.1798724929713735,-1.123093833983251,0.9468944897217129,0.46,0.36,0.08,0.0,0.0,0.0,0.0,0.0,0.04,0.0,0.0,0.04,0.0,0.0,0.02,Unknown
50,2,1.9464922230629902,1.8247578324001235,-0.8869215690044344,0.9460904378008174,0.54,0.06,0.3,0.02,0.04,0.0,0.0,0.0,0.0,0.0,0.0,0.04,0.0,0.0,0.0,Unknown
50,3,1.303515930648287,0.8613069904804975,-0.6039492178530028,0.9140265149085555,0.16,0.02,0.72,0.04,0.02,0.0,0.0,0.0,0.0,0.0,0.0,0.02,0.0,0.02,0.0,Unknown
50,4,2.039074938831779,2.425309287520108,-1.0427430163242826,0.8766845379975529,0.6,0.36,0.02,0.0,0.0,0.0,0.0,0.0,0.0,0.0,0.0,0.0,0.0,0.0,0.02,Unknown
