iteration,option,n_opt,n_exp,selected,full_qehvi,full_entropy,point_idx,source,x_0,x_1,x_2,x_3,x_4
1,1,0,5,True,0.6151076504548523,0.22782977078434818,0,qUCB,0.1,0.4,0.10000000000000007,0.29999999999999993,0.1
1,1,0,5,True,0.6151076504548523,0.22782977078434818,1,qUCB,0.29999999999999993,0.1,0.4,0.10000000000000003,0.1000000000000001
1,1,0,5,True,0.6151076504548523,0.22782977078434818,2,qUCB,0.1,0.1,0.17629762517264097,0.4,0.22370237482735952
1,1,0,5,True,0.6151076504548523,0.22782977078434818,3,qUCB,0.1,0.2013995437935923,0.19860045620640776,0.4,0.10000000000000002
1,1,0,5,True,0.6151076504548523,0.22782977078434818,4,qUCB,0.39298254266208865,0.15594237834298383,0.1,0.25107507899492765,0.10000000000000003
2,1,0,5,True,0.2449949069839617,0.15119474284678347,0,qUCB,0.10000000000057457,0.10000000000053069,0.3000000000029314,0.399999999993506,0.10000000000245737
2,1,0,5,True,0.2449949069839617,0.15119474284678347,1,qUCB,0.24428269996829335,0.10000000000002916,0.1557173000429364,0.39999999999873614,0.1
2,1,0,5,True,0.2449949069839617,0.15119474284678347,2,qUCB,0.10000000000024901,0.10000000000394337,0.2792046101314807,0.1207953898669134,0.39999999999741365
2,1,0,5,True,0.2449949069839617,0.15119474284678347,3,qUCB,0.3999999999969296,0.10000000000066767,0.1,0.1,0.3000000000108415
2,1,0,5,True,0.2449949069839617,0.15119474284678347,4,qUCB,0.10000000001068374,0.15051487716299472,0.10000000000092485,0.39999999999950653,0.2494851228258902
3,1,0,5,True,0.13854941179811925,0.03286147416434915,0,qUCB,0.19283284757706953,0.3149474268532956,0.10000000000000116,0.2307614257844205,0.16145829978521328
3,1,0,5,True,0.13854941179811925,0.03286147416434915,1,qUCB,0.1000000000000006,0.2020579551575138,0.15417136960871336,0.35824353767467876,0.18552713755909356
3,1,0,5,True,0.13854941179811925,0.03286147416434915,2,qUCB,0.4,0.10000000000000002,0.2544684253038856,0.14553157469611439,0.10000000000000009
3,1,0,5,True,0.13854941179811925,0.03286147416434915,3,qUCB,0.33492057357858995,0.18877674167213165,0.2763026847492772,0.10000000000000123,0.10000000000000003
3,1,0,5,True,0.13854941179811925,0.03286147416434915,4,qUCB,0.1,0.10000000000000005,0.250222883098112,0.3999999999999999,0.14977711690188805
4,1,0,5,True,0.12869387943626653,0.30014494546924997,0,qUCB,0.18294074253290232,0.21705925746709745,0.4,0.1,0.1
4,1,0,5,True,0.12869387943626653,0.30014494546924997,1,qUCB,0.15861082713281338,0.1,0.4,0.11640567694166397,0.2249834959255227
4,1,0,5,True,0.12869387943626653,0.30014494546924997,2,qUCB,0.15449515743262446,0.24550484256737556,0.1,0.1,0.4
4,1,0,5,True,0.12869387943626653,0.30014494546924997,3,qUCB,0.16361445564997584,0.1,0.25122646408022864,0.3851590802697956,0.1
4,1,0,5,True,0.12869387943626653,0.30014494546924997,4,qUCB,0.17838621732606258,0.18534556922950524,0.1,0.4,0.1362682134444323
5,1,0,5,True,0.4254131636752388,0.25586648049179495,0,qUCB,0.1,0.1,0.3723144446079034,0.3276855553921208,0.1
5,1,0,5,True,0.4254131636752388,0.25586648049179495,1,qUCB,0.1,0.1,0.2661449750785128,0.2924510574760595,0.2414039674454344
5,1,0,5,True,0.4254131636752388,0.25586648049179495,2,qUCB,0.4,0.3000000000151715,0.1,0.1,0.1000000000000137
5,1,0,5,True,0.4254131636752388,0.25586648049179495,3,qUCB,0.4,0.10000000000001193,0.1,0.23875700733529415,0.1612429926643753
5,1,0,5,True,0.4254131636752388,0.25586648049179495,4,qUCB,0.1,0.1,0.1000000000000009,0.3000000000000126,0.4
6,1,0,5,True,0.1324704170048133,0.03957728753103584,0,qUCB,0.1000000000002521,0.10000000000005664,0.10000000000067474,0.34721070228893475,0.35278929771008183
6,1,0,5,True,0.1324704170048133,0.03957728753103584,1,qUCB,0.10000000000000082,0.1,0.3305367346112251,0.1862273804190881,0.28323588496968777
6,1,0,5,True,0.1324704170048133,0.03957728753103584,2,qUCB,0.10000000001124963,0.23603883779902976,0.3322896444221103,0.23167151776761077,0.1
6,1,0,5,True,0.1324704170048133,0.03957728753103584,3,qUCB,0.10000000000000503,0.10000000000000207,0.15679648666888452,0.24320351333111137,0.399999999999997
6,1,0,5,True,0.1324704170048133,0.03957728753103584,4,qUCB,0.10000000000000187,0.10000000000000393,0.4,0.21333440153535876,0.18666559846463537
7,1,0,5,True,0.0784108198166535,0.08837343236591977,0,qUCB,0.1,0.23937761437970362,0.1,0.2450883302118857,0.31553405540841095
7,1,0,5,True,0.0784108198166535,0.08837343236591977,1,qUCB,0.1,0.10000000000000009,0.1451753221156155,0.32786338956365724,0.326961288320727
7,1,0,5,True,0.0784108198166535,0.08837343236591977,2,qUCB,0.1,0.4,0.1,0.1,0.30000000000000115
7,1,0,5,True,0.0784108198166535,0.08837343236591977,3,qUCB,0.21070379902269457,0.10000000000000248,0.1,0.28587751490217295,0.3034186860751307
7,1,0,5,True,0.0784108198166535,0.08837343236591977,4,qUCB,0.12188154011279459,0.2669345235129119,0.372294287598568,0.12938290502196706,0.1095067437537586
8,1,0,5,True,0.1699752757982229,0.20459747310807685,0,qUCB,0.2599404361401803,0.10001263367434635,0.20773025579200527,0.2579460221760216,0.17437065221744658
8,1,0,5,True,0.1699752757982229,0.20459747310807685,1,qUCB,0.11481225479258401,0.13567673190919155,0.2704813607418122,0.24608162300777361,0.23294802954863866
8,1,0,5,True,0.1699752757982229,0.20459747310807685,2,qUCB,0.38946510189109085,0.2711673972404106,0.1169688499677556,0.11078028781602722,0.11161836308471582
8,1,0,5,True,0.1699752757982229,0.20459747310807685,3,qUCB,0.10000000000017543,0.4,0.10000000000021762,0.1000000000004246,0.29999999999917565
8,1,0,5,True,0.1699752757982229,0.20459747310807685,4,qUCB,0.10037706757108683,0.3220548899827702,0.10000010318045097,0.18194774876919043,0.29562019049650157
9,1,0,5,True,0.6124752321412484,0.12014596848253056,0,qUCB,0.1327076552133668,0.21085207893712088,0.13010530810144122,0.1271241242838155,0.39921083346425557
9,1,0,5,True,0.6124752321412484,0.12014596848253056,1,qUCB,0.11483725584491064,0.2646912977898731,0.2515295258504271,0.21297150167483206,0.15597041883995713
9,1,0,5,True,0.6124752321412484,0.12014596848253056,2,qUCB,0.11831271127725906,0.1881613358103026,0.3779927968975556,0.13811726855768672,0.17741588745719608
9,1,0,5,True,0.6124752321412484,0.12014596848253056,3,qUCB,0.35066712807846145,0.1425507303862659,0.25401904048648904,0.15076463640996388,0.10199846463881972
9,1,0,5,True,0.6124752321412484,0.12014596848253056,4,qUCB,0.1,0.3931018902129694,0.1,0.10000000000000091,0.3068981097870319
10,1,0,5,True,0.6770038966697122,0.1845756789679518,0,qUCB,0.2549143176013244,0.20353371686403374,0.2905071421732124,0.1309959507361379,0.12004887262529165
10,1,0,5,True,0.6770038966697122,0.1845756789679518,1,qUCB,0.10064931526354982,0.2707991947899057,0.13046467478622956,0.10136061279382921,0.3967262023664857
10,1,0,5,True,0.6770038966697122,0.1845756789679518,2,qUCB,0.1,0.3885285001063188,0.1,0.1,0.31147149989368117
10,1,0,5,True,0.6770038966697122,0.1845756789679518,3,qUCB,0.11527885696283563,0.1306563039552163,0.15034771455733897,0.3148752264537089,0.28884189807090016
10,1,0,5,True,0.6770038966697122,0.1845756789679518,4,qUCB,0.38859560930131176,0.16575500302088259,0.11005712889433762,0.17827031481998523,0.15732194396348273
11,1,0,5,True,0.9418760442735257,0.2343093362757287,0,qUCB,0.10000000000001787,0.3660501493014253,0.10000000000001123,0.10000000000001065,0.3339498506985349
11,1,0,5,True,0.9418760442735257,0.2343093362757287,1,qUCB,0.20785165847996856,0.2325693115152159,0.24712799888837858,0.12327642712782316,0.18917460398861383
11,1,0,5,True,0.9418760442735257,0.2343093362757287,2,qUCB,0.21657593008729664,0.2918621337413996,0.1280262414572855,0.2626867214062205,0.10084897330779782
11,1,0,5,True,0.9418760442735257,0.2343093362757287,3,qUCB,0.321879365334927,0.10371031177374795,0.22376922435389132,0.13827263380557397,0.21236846473185975
11,1,0,5,True,0.9418760442735257,0.2343093362757287,4,qUCB,0.10000000000000395,0.39999999999976266,0.1000000000000023,0.10000000000000518,0.300000000000226
12,1,0,5,True,0.23738600525687437,0.09160853015982084,0,qUCB,0.10000000000000939,0.39999999999999025,0.1000000000000016,0.10000000000000406,0.2999999999999947
12,1,0,5,True,0.23738600525687437,0.09160853015982084,1,qUCB,0.18428732291372918,0.20490470639046193,0.20420173999867516,0.230038861431683,0.17656736926545072
12,1,0,5,True,0.23738600525687437,0.09160853015982084,2,qUCB,0.2441057428963773,0.11510906590832773,0.21185669893557688,0.29402750597709415,0.13490098628262406
12,1,0,5,True,0.23738600525687437,0.09160853015982084,3,qUCB,0.11504643466449158,0.15106650441707464,0.28611974429201226,0.16550900606605617,0.2822583105603653
12,1,0,5,True,0.23738600525687437,0.09160853015982084,4,qUCB,0.17641308059129157,0.17354388926829528,0.3620114096197806,0.12240291086501386,0.1656287096556187
13,1,0,5,True,0.23406747783209036,0.10925066013173534,0,qUCB,0.3495532235146882,0.2233405442791644,0.1270964751684509,0.1647144121346481,0.1352953449030485
13,1,0,5,True,0.23406747783209036,0.10925066013173534,1,qUCB,0.4,0.22046964114396936,0.1,0.1,0.17953035885603036
13,1,0,5,True,0.23406747783209036,0.10925066013173534,2,qUCB,0.3088835059871475,0.24764463924071822,0.14210119606388316,0.20137065870825127,0.1
13,1,0,5,True,0.23406747783209036,0.10925066013173534,3,qUCB,0.1,0.4,0.1,0.1,0.3000000000000003
13,1,0,5,True,0.23406747783209036,0.10925066013173534,4,qUCB,0.12852432840393394,0.29653038805592946,0.12636286034767644,0.33082774750081007,0.11775467569165016
14,1,0,5,True,1.519094512329417,0.19485886903564031,0,qUCB,0.18026236733691692,0.11048369424025029,0.35267251410333134,0.11322578881158896,0.24335563550791248
14,1,0,5,True,1.519094512329417,0.19485886903564031,1,qUCB,0.10000000000000012,0.18268254752078483,0.1136119399386346,0.3397043415520177,0.2640011709885628
14,1,0,5,True,1.519094512329417,0.19485886903564031,2,qUCB,0.16986560071069712,0.1,0.22966457181420252,0.10109202477408923,0.3993778027010153
14,1,0,5,True,1.519094512329417,0.19485886903564031,3,qUCB,0.10947349389463432,0.39496819322632504,0.1959804076376952,0.173814712583009,0.1257631926583365
14,1,0,5,True,1.519094512329417,0.19485886903564031,4,qUCB,0.10000000000008923,0.3068941077936107,0.100000000000023,0.10000000000005504,0.39310589220622194
15,1,0,5,True,0.10595145756055321,0.1394830615528333,0,qUCB,0.25940256003579515,0.24765348097305578,0.1311112313178711,0.13581868441356137,0.22601404325971655
15,1,0,5,True,0.10595145756055321,0.1394830615528333,1,qUCB,0.32400750162937486,0.1,0.1788812714675879,0.11565731088393555,0.28145391601910386
15,1,0,5,True,0.10595145756055321,0.1394830615528333,2,qUCB,0.10000000000000091,0.3344183237130839,0.1664514358723793,0.10000000000000195,0.29913024041453407
15,1,0,5,True,0.10595145756055321,0.1394830615528333,3,qUCB,0.10000000000000182,0.3888478793462734,0.1233220603707759,0.10000000000000267,0.28783006028294633
15,1,0,5,True,0.10595145756055321,0.1394830615528333,4,qUCB,0.19847033818471177,0.15290250983183634,0.2667287161805042,0.23182965700446082,0.1500687787984869
16,1,0,5,True,0.18840556578868195,0.1022514957207612,0,qUCB,0.10000000000000014,0.4,0.1,0.10000000000000718,0.3000000000000289
16,1,0,5,True,0.18840556578868195,0.1022514957207612,1,qUCB,0.19677617336151093,0.22459204474069439,0.14580072106023562,0.2113277134560575,0.2215033473815016
16,1,0,5,True,0.18840556578868195,0.1022514957207612,2,qUCB,0.14382591959137495,0.31908221304544315,0.21534225729823836,0.1385976130509659,0.1831519970139776
16,1,0,5,True,0.18840556578868195,0.1022514957207612,3,qUCB,0.14569341066193353,0.1993313400902576,0.10118286991190258,0.19673096700654708,0.3570614123293593
16,1,0,5,True,0.18840556578868195,0.1022514957207612,4,qUCB,0.16354413153915717,0.19968886665982838,0.16603508994856436,0.12374006830246789,0.34699184354998214
17,1,0,5,True,0.1589868778873145,0.09008823434792657,0,qUCB,0.12707273275227246,0.22321027157607,0.14999400738975638,0.16348968563107458,0.3362333026508266
17,1,0,5,True,0.1589868778873145,0.09008823434792657,1,qUCB,0.2300426801880564,0.3487940029213972,0.1526109228495992,0.11388976205767903,0.15466263198326818
17,1,0,5,True,0.1589868778873145,0.09008823434792657,2,qUCB,0.1,0.4,0.10000000000000221,0.1,0.2999999999999964
17,1,0,5,True,0.1589868778873145,0.09008823434792657,3,qUCB,0.1149722859624667,0.25096260584901325,0.20585770599129122,0.1824388888230372,0.24576851337419164
17,1,0,5,True,0.1589868778873145,0.09008823434792657,4,qUCB,0.128507521578281,0.15732755940363635,0.22273333532416079,0.1609330317741929,0.33049855191972893
18,1,0,5,True,0.16878925255798038,0.10564597745328075,0,qUCB,0.1379141255915505,0.19867704363625077,0.18089454936121369,0.15356450682564457,0.32894977458534047
18,1,0,5,True,0.16878925255798038,0.10564597745328075,1,qUCB,0.35992366098311057,0.10993960778686118,0.23783913457424938,0.17058422547771412,0.12171337117806479
18,1,0,5,True,0.16878925255798038,0.10564597745328075,2,qUCB,0.10000000000000095,0.39999999999999925,0.1,0.10000000000000055,0.2999999999999993
18,1,0,5,True,0.16878925255798038,0.10564597745328075,3,qUCB,0.1950246973020242,0.17097573066209443,0.13751764534399144,0.3049274746982745,0.19155445199361543
18,1,0,5,True,0.16878925255798038,0.10564597745328075,4,qUCB,0.11616202565000353,0.11223823520241398,0.3282360357419407,0.3358494128042444,0.10751429060139746
19,1,0,5,True,0.035120882660570896,0.09510369058349788,0,qUCB,0.13185644070322236,0.28683128746207465,0.23880029504999514,0.2149920237597359,0.12751995302497204
19,1,0,5,True,0.035120882660570896,0.09510369058349788,1,qUCB,0.13755645793995658,0.24415582000201713,0.211281939754337,0.28219286725849707,0.12481291504519218
19,1,0,5,True,0.035120882660570896,0.09510369058349788,2,qUCB,0.19210631302935094,0.1701472422507061,0.29369935093770255,0.19851958307404288,0.14552751070819753
19,1,0,5,True,0.035120882660570896,0.09510369058349788,3,qUCB,0.10000000000000109,0.4,0.1089204002478871,0.10000000000000138,0.2910795997521104
19,1,0,5,True,0.035120882660570896,0.09510369058349788,4,qUCB,0.2587296121941637,0.19171598432250708,0.2287949298882364,0.14999423720227986,0.170765236392813
