iteration,total_evaluated,new_points,timing_sec,strategy,best_score,mean_score,std_score,total_hypervolume,best_Ms,mean_Ms,ref_point_Ms,best_NegLogHc,mean_NegLogHc,ref_point_NegLogHc,best_LogHv,mean_LogHv,ref_point_LogHv,total_uncertainty_obj0,total_uncertainty_obj1,total_uncertainty_obj2,time_remaining,budget_remaining,selected_n_opt,selected_n_exp,hypervolume_improvement,information_gain,pareto_size,n_clusters_discovered,llm_model,llm_temp,best_x_0,best_x_1,best_x_2,best_x_3,best_x_4,best_x_5,best_x_6,best_x_7,best_x_8,best_x_9,best_x_10,best_x_11,best_x_12,best_x_13,best_x_14
0,5,5,0.0,BOAgent,2.5955749664811556,1.6990744030971947,0.48954861168012803,0.0,2.1911825800650426,1.82363078828906,0.26750390902629684,0.7403379898758974,0.9826239484620928,-1.346777193337695,0.8769706234167002,0.898336581660254,0.6028554690679321,,,,50.0,25000.0,,,,,,,,,0.8200000000000001,0.02,0.12,0.0,0.0,0.0,0.0,0.0,0.0,0.0,0.0,0.0,0.0,0.02,0.02
1,10,5,11.870342115871608,BOAgent,3.0609305383001066,2.0197619914024116,0.558067015011777,0.36201881811260256,2.2655637917223737,2.008774045153675,0.26750390902629684,0.6599369702183029,0.9313112502765657,-1.346777193337695,0.891619663448898,0.904477520499173,0.6028554690679321,297205.1344554379,263134.83896353364,305443.37167446583,49.0,24500.0,5,0,8.272906774418118,0.13224889347723234,4,,,,0.7000000000000001,0.2,0.08,0.0,0.0,0.0,0.0,0.0,0.0,0.0,0.0,0.0,0.0,0.0,0.02
2,15,5,15.961926414864138,BOAgent,3.0609305383001066,1.7736814096448164,0.5823202088393642,0.4442112404188762,2.2655637917223737,1.8403198152660332,0.26750390902629684,0.6599369702183029,0.9625448362078224,-1.346777193337695,0.891619663448898,0.8993138490233288,0.6028554690679321,203141.9884645089,139027.3306631419,200838.4362281718,48.0,24000.0,5,0,5.838017134498564,1.0639180260633339,5,,,,0.7000000000000001,0.2,0.08,0.0,0.0,0.0,0.0,0.0,0.0,0.0,0.0,0.0,0.0,0.0,0.02
3,20,5,15.718505911063403,BOAgent,6.76448437930841,2.269023444817112,1.3863067720104123,0.44466036753615623,1.596715841165468,1.8813040784824924,0.26750390902629684,0.19728849139348137,0.8836381203066459,-1.346777193337695,0.8358124118573147,0.894243058935615,0.6028554690679321,125937.52687819666,104271.1321739302,156249.18893497356,47.0,23500.0,5,0,3.9187617926953844,0.8301247012839696,6,,,,0.44,0.06,0.5,0.0,0.0,0.0,0.0,0.0,0.0,0.0,0.0,0.0,0.0,0.0,0.0
4,25,5,23.93615451687947,BOAgent,7.571398411895411,2.688663058889344,1.749531698160748,0.6400355111359827,1.5595685529230305,1.8801406771129603,0.26750390902629684,0.17295819664651357,0.8009150963032284,-1.346777193337695,0.8396780077200673,0.8823145530300879,0.6028554690679321,119398.80043878246,152309.03619034917,186.52654656361784,46.0,23000.0,5,0,6.179532040260578,0.5087882539923605,9,,,,0.4,0.02,0.48,0.02,0.04,0.0,0.0,0.0,0.0,0.0,0.0,0.04,0.0,0.0,0.0
5,30,5,17.82720599300228,BOAgent,7.571398411895411,2.6424407875061515,1.6767273063077996,0.6549623614049385,1.5595685529230305,1.894356877985771,0.26750390902629684,0.17295819664651357,0.8126913950198599,-1.346777193337695,0.8396780077200673,0.8854620379831083,0.6028554690679321,154293.277134712,182656.29527327733,280967.99515682535,45.0,22500.0,5,0,10.847519818036568,0.5458333951212282,12,,,,0.4,0.02,0.48,0.02,0.04,0.0,0.0,0.0,0.0,0.0,0.0,0.04,0.0,0.0,0.0
6,35,5,17.1411208959762,BOAgent,7.571398411895411,2.627897536506621,1.627398443042636,0.6625133298103865,1.5595685529230305,1.8829774994450466,0.26750390902629684,0.17295819664651357,0.7974909482594518,-1.346777193337695,0.8396780077200673,0.8858349286135,0.6028554690679321,117610.38664189608,142079.18642040633,242415.56935278536,44.0,22000.0,5,0,6.263978789713547,0.3452749637937549,15,,,,0.4,0.02,0.48,0.02,0.04,0.0,0.0,0.0,0.0,0.0,0.0,0.04,0.0,0.0,0.0
7,40,5,16.953211579006165,BOAgent,11.996258937195735,2.817017200421171,2.1222131334864636,0.6805239478313395,1.6404069251643878,1.9168785362456155,0.26750390902629684,0.1121538609580649,0.7996905615257794,-1.346777193337695,0.8201786619111979,0.8888299278923177,0.6028554690679321,104306.16121801673,135564.42357201103,173572.7887566502,43.0,21500.0,5,0,3.063166607514753,0.33935417655024835,17,,,,0.5,0.0,0.48,0.0,0.0,0.0,0.0,0.0,0.0,0.0,0.0,0.02,0.0,0.0,0.0
8,45,5,18.38101245695725,BOAgent,11.996258937195735,2.917876254695277,2.0717980858683713,0.7045959766131039,1.6404069251643878,1.9208549349687896,0.26750390902629684,0.1121538609580649,0.7779611266481743,-1.346777193337695,0.8201786619111979,0.8905795007037022,0.6028554690679321,96847.43263131024,131180.84372939586,156369.7881808483,42.0,21000.0,5,0,1.491428327086452,0.3494751329212198,18,,,,0.5,0.0,0.48,0.0,0.0,0.0,0.0,0.0,0.0,0.0,0.0,0.02,0.0,0.0,0.0
9,50,5,20.308712763013318,BOAgent,11.996258937195735,2.9791008732371687,2.0565727058776835,0.7084504403400853,1.6404069251643878,1.8940239796596767,0.26750390902629684,0.1121538609580649,0.7601129572677872,-1.346777193337695,0.8201786619111979,0.8922470856182123,0.6028554690679321,106278.93130078376,137072.66135952197,163254.72786436637,41.0,20500.0,5,0,1.5706442025881573,0.3868909598125496,19,,,,0.5,0.0,0.48,0.0,0.0,0.0,0.0,0.0,0.0,0.0,0.0,0.02,0.0,0.0,0.0
10,55,5,21.473022823920473,BOAgent,11.996258937195735,3.016652629498424,2.1653105250567806,0.7114345761746698,1.6404069251643878,1.8953674852454248,0.26750390902629684,0.1121538609580649,0.7685573512679883,-1.346777193337695,0.8201786619111979,0.8945645334739993,0.6028554690679321,157198.77273461808,178881.59445917152,182274.169500001,40.0,20000.0,5,0,3.3129401773564586,0.37809149948368326,23,,,,0.5,0.0,0.48,0.0,0.0,0.0,0.0,0.0,0.0,0.0,0.0,0.02,0.0,0.0,0.0
11,60,5,44.023859604028985,BOAgent,11.996258937195735,3.1232520151622793,2.274265083813637,0.7123107058479718,1.6404069251643878,1.8940477981164123,0.26750390902629684,0.1121538609580649,0.7541584215432516,-1.346777193337695,0.8201786619111979,0.8928009011094293,0.6028554690679321,124855.2354862212,143063.91938232863,163800.461205134,39.0,19500.0,5,0,1.3429600908840535,0.16454897759976178,24,,,,0.5,0.0,0.48,0.0,0.0,0.0,0.0,0.0,0.0,0.0,0.0,0.02,0.0,0.0,0.0
12,65,5,37.209002336952835,BOAgent,11.996258937195735,3.0639129079015266,2.212655830847709,0.7227469501448547,1.6404069251643878,1.898490217785472,0.26750390902629684,0.1121538609580649,0.7627154454918097,-1.346777193337695,0.8201786619111979,0.8926701390798716,0.6028554690679321,140551.43107989585,150220.29694029636,193246.96385060437,38.0,19000.0,5,0,1.6753631008796843,0.17514720500670578,27,,,,0.5,0.0,0.48,0.0,0.0,0.0,0.0,0.0,0.0,0.0,0.0,0.02,0.0,0.0,0.0
13,70,5,28.12883360008709,BOAgent,11.996258937195735,3.1668419189553965,2.2217832082641635,0.7234529036100605,1.6404069251643878,1.8747396166940185,0.26750390902629684,0.1121538609580649,0.738184523304956,-1.346777193337695,0.8201786619111979,0.8921410715463186,0.6028554690679321,70727.11646053652,93507.10573499001,135936.48682180693,36,18500.0,5,0,0.9916930374391281,0.315100231372468,28,,,,0.5,0.0,0.48,0.0,0.0,0.0,0.0,0.0,0.0,0.0,0.0,0.02,0.0,0.0,0.0
14,75,5,27.55597979389131,BOAgent,11.996258937195735,3.268688795406321,2.202700679762526,0.7235246700289597,1.6404069251643878,1.8643119122999754,0.26750390902629684,0.1121538609580649,0.7122766814956809,-1.346777193337695,0.8201786619111979,0.8907626804711377,0.6028554690679321,79886.82767361042,101725.13153567455,143252.78185265558,35.0,18000.0,5,0,1.0691110244527988,0.01649349625532892,31,,,,0.5,0.0,0.48,0.0,0.0,0.0,0.0,0.0,0.0,0.0,0.0,0.02,0.0,0.0,0.0
15,80,5,24.70560289104469,BOAgent,11.996258937195735,3.2419348614066834,2.1611604115894956,0.7259293053366734,1.6404069251643878,1.8618112134937181,0.26750390902629684,0.1121538609580649,0.7111322135887015,-1.346777193337695,0.8201786619111979,0.8899778243359989,0.6028554690679321,79677.75149166366,99726.07320133662,138890.31488339376,34.0,17500.0,5,0,0.8631122635882962,0.44561752782005204,32,,,,0.5,0.0,0.48,0.0,0.0,0.0,0.0,0.0,0.0,0.0,0.0,0.02,0.0,0.0,0.0
16,85,5,30.14491691812873,BOAgent,11.996258937195735,3.2732712225253087,2.1354287338846807,0.728674928031291,1.6404069251643878,1.8663422251899109,0.26750390902629684,0.1121538609580649,0.7025222146150358,-1.346777193337695,0.8201786619111979,0.8894137295393738,0.6028554690679321,81963.10698797533,101445.91768296013,148707.37260776226,33.0,17000.0,5,0,0.7746314924048623,0.30174302623338356,33,,,,0.5,0.0,0.48,0.0,0.0,0.0,0.0,0.0,0.0,0.0,0.0,0.02,0.0,0.0,0.0
17,90,5,24.98710528598167,BOAgent,11.996258937195735,3.3714427019353392,2.1216978086913425,0.7373875044699965,1.6404069251643878,1.8516336468163492,0.26750390902629684,0.1121538609580649,0.6794897517343362,-1.346777193337695,0.8201786619111979,0.8882591800791731,0.6028554690679321,75683.18433510973,100741.06116922607,143128.6824848626,32.0,16500.0,5,0,0.6879411902149225,0.04023577223766717,37,,,,0.5,0.0,0.48,0.0,0.0,0.0,0.0,0.0,0.0,0.0,0.0,0.02,0.0,0.0,0.0
18,95,5,44.952052084961906,BOAgent,18.885362471327507,3.501032539378461,2.6175949033371624,0.7440080896346991,1.0079273438004783,1.844243161343305,0.26750390902629684,0.04083372046307987,0.6776038347803851,-1.346777193337695,0.7650944453092097,0.8888022158078974,0.6028554690679321,122763.77837438433,140126.96146131592,213641.37436300848,31.0,4000.0,5,0,2.672336530882695,0.389893312567577,40,,,,0.16,0.0,0.8,0.0,0.0,0.0,0.0,0.0,0.0,0.0,0.0,0.02,0.0,0.02,0.0
19,100,5,43.89146556612104,BOAgent,18.885362471327507,3.462193664285101,2.5711720749004154,0.7630437804067853,1.0079273438004783,1.8424806116531685,0.26750390902629684,0.04083372046307987,0.6813617798432492,-1.346777193337695,0.7650944453092097,0.8907565486800776,0.6028554690679321,120025.20862678085,144347.83998979843,217487.06008468062,30.0,3500.0,5,0,2.394998259180206,0.19592058667691248,42,,,,0.16,0.0,0.8,0.0,0.0,0.0,0.0,0.0,0.0,0.0,0.0,0.02,0.0,0.02,0.0
20,105,5,32.62280247313902,BOAgent,18.885362471327507,3.4577540015955046,2.5391060344743006,0.7744660512637325,1.0079273438004783,1.8424769968033785,0.26750390902629684,0.04083372046307987,0.6814700035100864,-1.346777193337695,0.7650944453092097,0.8909547822880426,0.6028554690679321,63550.788600863685,99741.62639340173,142870.39460524774,29.0,3000.0,5,0,0.6602388799636165,2.7837657506903444,44,,,,0.16,0.0,0.8,0.0,0.0,0.0,0.0,0.0,0.0,0.0,0.0,0.02,0.0,0.02,0.0
21,110,5,40.37262111878954,BOAgent,18.885362471327507,3.4703462662985003,2.4932905060354,0.7747567650204605,1.0079273438004783,1.8420581467497303,0.26750390902629684,0.04083372046307987,0.6746606194736591,-1.346777193337695,0.7650944453092097,0.8911295659960762,0.6028554690679321,92527.34523697794,124293.81591154648,170074.06402781367,28.0,2500.0,5,0,0.8699538560771974,0.12092845504579408,46,,,,0.16,0.0,0.8,0.0,0.0,0.0,0.0,0.0,0.0,0.0,0.0,0.02,0.0,0.02,0.0
22,115,5,39.728028861107305,BOAgent,18.885362471327507,3.5344290087191523,2.536522039643825,0.7763466313500517,1.0079273438004783,1.8354388775570603,0.26750390902629684,0.04083372046307987,0.6629783622935115,-1.346777193337695,0.7650944453092097,0.8912886530496426,0.6028554690679321,95389.23604345304,126293.4562118567,178117.82249939,27.0,2000.0,5,0,0.7618929857310162,0.063803482962844,47,,,,0.16,0.0,0.8,0.0,0.0,0.0,0.0,0.0,0.0,0.0,0.0,0.02,0.0,0.02,0.0
23,120,5,21.90659750881605,BOAgent,18.885362471327507,3.577029324397538,2.5487470845291127,0.7769854495354994,1.0079273438004783,1.8366879904214466,0.26750390902629684,0.04083372046307987,0.6555694808771969,-1.346777193337695,0.7650944453092097,0.8896181846123364,0.6028554690679321,75469.12864098023,123740.51482860796,133159.36880903796,26.0,1500.0,5,0,1.2729229300521985,0.34886238827319715,50,,,,0.16,0.0,0.8,0.0,0.0,0.0,0.0,0.0,0.0,0.0,0.0,0.02,0.0,0.02,0.0
24,125,5,40.94412131188437,BOAgent,18.885362471327507,3.581735286016147,2.571738699257684,0.7770370299763846,1.0079273438004783,1.833179865395492,0.26750390902629684,0.04083372046307987,0.6580266698370676,-1.346777193337695,0.7650944453092097,0.889630827299372,0.6028554690679321,90394.88397294504,120739.55616348793,170634.83232097188,25.0,1000.0,5,0,0.7953416604643039,0.2459226870032395,51,,,,0.16,0.0,0.8,0.0,0.0,0.0,0.0,0.0,0.0,0.0,0.0,0.02,0.0,0.02,0.0
25,130,5,43.09039402497001,BOAgent,18.885362471327507,3.605412109114417,2.5988550192152378,0.7773824639659586,1.0079273438004783,1.8253397855079654,0.26750390902629684,0.04083372046307987,0.6545181232153497,-1.346777193337695,0.7650944453092097,0.8904383184931974,0.6028554690679321,87368.52058796033,117402.50174049116,165132.05839921098,24.0,500.0,5,0,0.6876308024052381,0.08936209328192124,53,,,,0.16,0.0,0.8,0.0,0.0,0.0,0.0,0.0,0.0,0.0,0.0,0.02,0.0,0.02,0.0
26,135,5,52.697128681931645,BOAgent,18.885362471327507,3.5929584430247403,2.562577204893931,0.7775158331277987,1.0079273438004783,1.8241142810307918,0.26750390902629684,0.04083372046307987,0.6530786880898888,-1.346777193337695,0.7650944453092097,0.8910871196451926,0.6028554690679321,86437.64343915018,118406.8493717475,165811.20803263772,23.0,0.0,5,0,0.6275934401043612,0.29708742665016796,56,,,,0.16,0.0,0.8,0.0,0.0,0.0,0.0,0.0,0.0,0.0,0.0,0.02,0.0,0.02,0.0
