iteration,total_evaluated,new_points,timing_sec,strategy,best_score,best_CTE,best_K,mean_score,std_score,mean_CTE,mean_K,total_hypervolume,ref_point_obj1,ref_point_obj2,best_x_0,best_x_1,best_x_2,best_x_3,best_x_4,selected_n_opt,selected_n_exp,hypervolume_improvement,information_gain,llm_model,llm_temp
0,5,5,0.0,PureExploration,3.1113498092897447,11.462681992337163,35.664413430810335,1.1814292569147022,1.0782122143192727,11.917638752052547,14.522921106033937,110.4078868226382,-14.708721948549536,1.6805685665852486,0.15000000000000002,0.275,0.17500000000000002,0.125,0.275,,,,,,
1,10,5,2.6732966620475054,PureExploration,3.1113498092897447,11.462681992337163,35.664413430810335,0.8970687598485559,0.8441222340900134,13.124269020251779,11.912045828333296,111.5132223536889,-14.708721948549536,1.6805685665852486,0.15000000000000002,0.275,0.17500000000000002,0.125,0.275,0,5,2.1082620507801044,0.17111743881985042,,
2,15,5,3.7054606809979305,PureExploration,6.4819331976373284,10.013853311439519,64.9091282156968,1.3462457008394382,1.5984013907934222,12.187697135559203,15.524413772301221,296.8510241199572,-14.708721948549536,1.6805685665852486,0.1,0.3605989972397323,0.11523309461703994,0.1,0.3241679081432278,0,5,1.3810274486142862,0.12065385686383934,,
3,20,5,3.175831025990192,PureExploration,7.273680990123686,10.0044061302682,72.76885868721594,1.7150771970132184,2.144602686432975,11.781713601532566,18.79890701014716,334.422113268116,-14.708721948549536,1.6805685665852486,0.10000000021607809,0.39999999996612035,0.10000000000939743,0.10000000001323507,0.2999999997951691,0,5,1.193171099841931,0.154461416453465,,
4,25,5,3.8108914450276643,PureExploration,7.273680990123686,10.0044061302682,72.76885868721594,1.7316296599759067,2.205091451786639,11.414810640394087,18.62338898715819,340.27057467747807,-14.708721948549536,1.6805685665852486,0.10000000021607809,0.39999999996612035,0.10000000000939743,0.10000000001323507,0.2999999997951691,0,5,1.0690874789226426,0.05554936846872227,,
5,30,5,3.663632302021142,PureExploration,7.273680990123686,10.0044061302682,72.76885868721594,1.7711432928997135,2.2956534768194468,11.849468819558474,19.156092838938136,340.3023173521724,-14.708721948549536,1.6805685665852486,0.10000000021607809,0.39999999996612035,0.10000000000939743,0.10000000001323507,0.2999999997951691,0,5,0.5376994300600761,0.0189071305188091,,
6,35,5,2.684102939965669,PureExploration,7.273680990123686,10.0044061302682,72.76885868721594,1.7439165846166103,2.344176518332038,11.609878583157402,18.69657230504234,340.3023173521724,-14.708721948549536,1.6805685665852486,0.10000000021607809,0.39999999996612035,0.10000000000939743,0.10000000001323507,0.2999999997951691,0,5,0.6520654763212774,0.16333813693739896,,
7,40,5,3.021452710032463,PureExploration,7.701981680495207,10.127400109469074,78.00105011418366,1.9122882705438407,2.481627629470307,11.526976607827038,20.33751597096864,364.2726702027892,-14.708721948549536,1.6805685665852486,0.1,0.3999999999236663,0.12265752755446382,0.1,0.27734247253296673,0,5,0.24863782995481803,0.08218362734596685,,
8,45,5,2.1278789489879273,PureExploration,7.701981680495207,10.127400109469074,78.00105011418366,1.9163667799242243,2.5030026527285316,11.45655817673174,20.31789416099844,364.2726702027892,-14.708721948549536,1.6805685665852486,0.1,0.3999999999236663,0.12265752755446382,0.1,0.27734247253296673,0,5,0.3391931827980106,0.06167512299585898,,
9,50,5,3.5040596179896966,PureExploration,7.701981680495207,10.127400109469074,78.00105011418366,1.9139981457326478,2.54683777769923,11.405799709906951,20.25296766008789,364.2726702027892,-14.708721948549536,1.6805685665852486,0.1,0.3999999999236663,0.12265752755446382,0.1,0.27734247253296673,0,5,0.11332250925318091,0.007318946264165405,,
10,55,5,3.8881301669753157,PureExploration,7.701981680495207,10.127400109469074,78.00105011418366,1.9131936243138936,2.581998393632498,11.381533373140268,20.23073288144363,364.2726702027892,-14.708721948549536,1.6805685665852486,0.1,0.3999999999236663,0.12265752755446382,0.1,0.27734247253296673,0,5,0.0025303102726749105,0.01697770288524003,,
11,60,5,2.282802467001602,PureExploration,7.701981680495207,10.127400109469074,78.00105011418366,1.9911900625232473,2.6739034806490394,11.269089212734903,20.92212274052134,364.2726702027892,-14.708721948549536,1.6805685665852486,0.1,0.3999999999236663,0.12265752755446382,0.1,0.27734247253296673,0,5,0.7415087008167227,0.07417495359182347,,
12,65,5,6.799515907012392,PureExploration,7.701981680495207,10.127400109469074,78.00105011418366,2.0126796014161448,2.678258685707435,11.373306382889142,21.255921318300693,364.2726702027892,-14.708721948549536,1.6805685665852486,0.1,0.3999999999236663,0.12265752755446382,0.1,0.27734247253296673,0,5,0.009881808500060821,0.1096458470484789,,
13,70,5,3.2240508280228823,PureExploration,7.701981680495207,10.127400109469074,78.00105011418366,2.053737774231504,2.677057714199966,11.367094921416845,21.74822028302037,364.2726702027892,-14.708721948549536,1.6805685665852486,0.1,0.3999999999236663,0.12265752755446382,0.1,0.27734247253296673,0,5,0.07082569412930083,0.010651270215165543,,
14,75,5,4.8021926620276645,PureExploration,7.701981680495207,10.127400109469074,78.00105011418366,2.1144319407873637,2.674887001462097,11.398459377242597,22.609362200969308,364.2726702027892,-14.708721948549536,1.6805685665852486,0.1,0.3999999999236663,0.12265752755446382,0.1,0.27734247253296673,0,5,0.004952230364170336,0.037042151722003425,,
15,80,5,2.317047970951535,PureExploration,7.701981680495207,10.127400109469074,78.00105011418366,2.1031012530305184,2.675912592363618,11.377067023581462,22.465466859367456,364.2726702027892,-14.708721948549536,1.6805685665852486,0.1,0.3999999999236663,0.12265752755446382,0.1,0.27734247253296673,0,5,0.2992536337228453,0.11104059371087693,,
16,85,5,2.3285299699637108,PureExploration,7.701981680495207,10.127400109469074,78.00105011418366,2.099627608437707,2.690056785298221,11.347829129506206,22.39111674308159,364.2726702027892,-14.708721948549536,1.6805685665852486,0.1,0.3999999999236663,0.12265752755446382,0.1,0.27734247253296673,0,5,0.2474542102820668,0.06962296636374354,,
17,90,5,3.6801832679775544,PureExploration,7.701981680495207,10.127400109469074,78.00105011418366,2.094075149541131,2.698914334705496,11.320552512720713,22.305079017541043,364.2726702027892,-14.708721948549536,1.6805685665852486,0.1,0.3999999999236663,0.12265752755446382,0.1,0.27734247253296673,0,5,0.30531268540514866,0.046302671308710686,,
18,95,5,3.243301574024372,PureExploration,7.701981680495207,10.127400109469074,78.00105011418366,2.078321650273181,2.7124476400426536,11.289300793170668,22.103366170163763,364.2726702027892,-14.708721948549536,1.6805685665852486,0.1,0.3999999999236663,0.12265752755446382,0.1,0.27734247253296673,0,5,0.04125619133433635,0.012229223259396793,,
19,100,5,4.381234114989638,PureExploration,7.701981680495207,10.127400109469074,78.00105011418366,2.0649308075200787,2.7262844348839232,11.283185540047436,21.963170997310925,364.2726702027892,-14.708721948549536,1.6805685665852486,0.1,0.3999999999236663,0.12265752755446382,0.1,0.27734247253296673,0,5,0.004340562903716042,0.01212419977779211,,
