iteration,option,n_opt,n_exp,selected,full_qehvi,full_entropy,point_idx,source,x_0,x_1,x_2,x_3,x_4,x_5,x_6,x_7,x_8,x_9,x_10,x_11,x_12,x_13,x_14
1,1,5,0,True,0.6229219011903749,0.44029794636926844,0,qEHVI,0.62,0.04,0.24,0.04,0.02,0.0,0.0,0.0,0.0,0.0,0.0,0.0,0.0,0.04,0.0
1,1,5,0,True,0.6229219011903749,0.44029794636926844,1,qEHVI,0.52,0.02,0.4,0.04,0.0,0.0,0.0,0.0,0.0,0.0,0.0,0.0,0.0,0.02,0.0
1,1,5,0,True,0.6229219011903749,0.44029794636926844,2,qEHVI,0.74,0.02,0.18,0.0,0.02,0.0,0.0,0.0,0.0,0.0,0.0,0.0,0.0,0.04,0.0
1,1,5,0,True,0.6229219011903749,0.44029794636926844,3,qEHVI,0.14,0.42,0.36,0.04,0.0,0.0,0.0,0.0,0.0,0.0,0.0,0.0,0.0,0.04,0.0
1,1,5,0,True,0.6229219011903749,0.44029794636926844,4,qEHVI,0.7000000000000001,0.02,0.28,0.0,0.0,0.0,0.0,0.0,0.0,0.0,0.0,0.0,0.0,0.0,0.0
1,2,4,1,False,0.625424465081554,0.2487383945557653,0,qEHVI,0.62,0.04,0.24,0.04,0.02,0.0,0.0,0.0,0.0,0.0,0.0,0.0,0.0,0.04,0.0
1,2,4,1,False,0.625424465081554,0.2487383945557653,1,qEHVI,0.52,0.02,0.4,0.04,0.0,0.0,0.0,0.0,0.0,0.0,0.0,0.0,0.0,0.02,0.0
1,2,4,1,False,0.625424465081554,0.2487383945557653,2,qEHVI,0.74,0.02,0.18,0.0,0.02,0.0,0.0,0.0,0.0,0.0,0.0,0.0,0.0,0.04,0.0
1,2,4,1,False,0.625424465081554,0.2487383945557653,3,qEHVI,0.48,0.2,0.28,0.0,0.0,0.0,0.0,0.0,0.0,0.0,0.0,0.0,0.0,0.04,0.0
1,2,4,1,False,0.625424465081554,0.2487383945557653,4,qUCB,0.0,0.9,0.0,0.0,0.04,0.0,0.0,0.0,0.04,0.0,0.0,0.0,0.0,0.0,0.02
1,3,3,2,False,0.5624727705346069,0.1347544406731238,0,qEHVI,0.62,0.04,0.24,0.04,0.02,0.0,0.0,0.0,0.0,0.0,0.0,0.0,0.0,0.04,0.0
1,3,3,2,False,0.5624727705346069,0.1347544406731238,1,qEHVI,0.52,0.02,0.4,0.04,0.0,0.0,0.0,0.0,0.0,0.0,0.0,0.0,0.0,0.02,0.0
1,3,3,2,False,0.5624727705346069,0.1347544406731238,2,qEHVI,0.74,0.02,0.18,0.0,0.02,0.0,0.0,0.0,0.0,0.0,0.0,0.0,0.0,0.04,0.0
1,3,3,2,False,0.5624727705346069,0.1347544406731238,3,qUCB,0.0,0.8,0.1,0.0,0.0,0.0,0.0,0.0,0.04,0.0,0.0,0.04,0.0,0.0,0.02
1,3,3,2,False,0.5624727705346069,0.1347544406731238,4,qUCB,0.02,0.88,0.0,0.0,0.02,0.0,0.0,0.0,0.04,0.0,0.0,0.0,0.0,0.0,0.04
1,4,2,3,False,0.6023984535205339,0.278065908275563,0,qEHVI,0.3,0.26,0.36,0.04,0.0,0.0,0.0,0.0,0.0,0.0,0.0,0.0,0.0,0.04,0.0
1,4,2,3,False,0.6023984535205339,0.278065908275563,1,qEHVI,0.62,0.04,0.24,0.04,0.02,0.0,0.0,0.0,0.0,0.0,0.0,0.0,0.0,0.04,0.0
1,4,2,3,False,0.6023984535205339,0.278065908275563,2,qUCB,0.0,0.66,0.24,0.0,0.0,0.0,0.0,0.0,0.04,0.0,0.0,0.04,0.0,0.0,0.02
1,4,2,3,False,0.6023984535205339,0.278065908275563,3,qUCB,0.0,0.9,0.0,0.0,0.04,0.0,0.0,0.0,0.04,0.0,0.0,0.0,0.0,0.0,0.02
1,4,2,3,False,0.6023984535205339,0.278065908275563,4,qUCB,0.02,0.88,0.0,0.0,0.02,0.0,0.0,0.0,0.04,0.0,0.0,0.0,0.0,0.0,0.04
1,5,1,4,False,0.49446877943456174,0.3036091861971144,0,qEHVI,0.3,0.26,0.36,0.04,0.0,0.0,0.0,0.0,0.0,0.0,0.0,0.0,0.0,0.04,0.0
1,5,1,4,False,0.49446877943456174,0.3036091861971144,1,qUCB,0.0,0.9,0.0,0.0,0.04,0.0,0.0,0.0,0.04,0.0,0.0,0.0,0.0,0.0,0.02
1,5,1,4,False,0.49446877943456174,0.3036091861971144,2,qUCB,0.9,0.0,0.0,0.0,0.04,0.0,0.0,0.0,0.0,0.0,0.0,0.04,0.0,0.0,0.02
1,5,1,4,False,0.49446877943456174,0.3036091861971144,3,qUCB,0.0,0.66,0.24,0.0,0.0,0.0,0.0,0.0,0.04,0.0,0.0,0.04,0.0,0.0,0.02
1,5,1,4,False,0.49446877943456174,0.3036091861971144,4,qUCB,0.02,0.88,0.0,0.0,0.02,0.0,0.0,0.0,0.04,0.0,0.0,0.0,0.0,0.0,0.04
1,6,0,5,False,0.5036065959786632,0.21377892951915278,0,qUCB,0.46,0.22,0.24,0.02,0.02,0.0,0.0,0.0,0.0,0.0,0.0,0.0,0.0,0.02,0.02
1,6,0,5,False,0.5036065959786632,0.21377892951915278,1,qUCB,0.44,0.02,0.46,0.02,0.0,0.0,0.0,0.0,0.0,0.0,0.0,0.04,0.0,0.0,0.02
1,6,0,5,False,0.5036065959786632,0.21377892951915278,2,qUCB,0.02,0.4,0.48,0.04,0.04,0.0,0.0,0.0,0.0,0.0,0.0,0.0,0.0,0.0,0.02
1,6,0,5,False,0.5036065959786632,0.21377892951915278,3,qUCB,0.1,0.4,0.42,0.02,0.0,0.0,0.0,0.0,0.0,0.0,0.0,0.0,0.0,0.04,0.02
1,6,0,5,False,0.5036065959786632,0.21377892951915278,4,qUCB,0.28,0.0,0.62,0.0,0.04,0.0,0.0,0.0,0.04,0.0,0.0,0.0,0.0,0.0,0.02
2,1,5,0,False,2.3283445983857938,0.2691169713736592,0,qEHVI,0.32,0.28,0.3,0.02,0.0,0.0,0.0,0.0,0.02,0.0,0.0,0.02,0.0,0.02,0.02
2,1,5,0,False,2.3283445983857938,0.2691169713736592,1,qEHVI,0.32,0.28,0.38,0.0,0.02,0.0,0.0,0.0,0.0,0.0,0.0,0.0,0.0,0.0,0.0
2,1,5,0,False,2.3283445983857938,0.2691169713736592,2,qEHVI,0.44,0.04,0.44,0.02,0.02,0.0,0.0,0.0,0.0,0.0,0.0,0.0,0.0,0.04,0.0
2,1,5,0,False,2.3283445983857938,0.2691169713736592,3,qEHVI,0.32,0.0,0.58,0.02,0.04,0.0,0.0,0.0,0.02,0.0,0.0,0.02,0.0,0.0,0.0
2,1,5,0,False,2.3283445983857938,0.2691169713736592,4,qEHVI,0.3,0.58,0.04,0.02,0.04,0.0,0.0,0.0,0.0,0.0,0.0,0.0,0.0,0.0,0.02
2,2,4,1,True,2.50576998841566,0.2815656846641872,0,qEHVI,0.32,0.28,0.3,0.02,0.0,0.0,0.0,0.0,0.02,0.0,0.0,0.02,0.0,0.02,0.02
2,2,4,1,True,2.50576998841566,0.2815656846641872,1,qEHVI,0.32,0.28,0.38,0.0,0.02,0.0,0.0,0.0,0.0,0.0,0.0,0.0,0.0,0.0,0.0
2,2,4,1,True,2.50576998841566,0.2815656846641872,2,qEHVI,0.44,0.04,0.44,0.02,0.02,0.0,0.0,0.0,0.0,0.0,0.0,0.0,0.0,0.04,0.0
2,2,4,1,True,2.50576998841566,0.2815656846641872,3,qEHVI,0.34,0.54,0.02,0.0,0.04,0.0,0.0,0.0,0.02,0.0,0.0,0.0,0.0,0.04,0.0
2,2,4,1,True,2.50576998841566,0.2815656846641872,4,qUCB,0.34,0.56,0.0,0.0,0.04,0.0,0.0,0.0,0.0,0.0,0.0,0.04,0.0,0.0,0.02
2,3,3,2,False,2.1822686008551297,0.02745396021947144,0,qEHVI,0.32,0.28,0.3,0.02,0.0,0.0,0.0,0.0,0.02,0.0,0.0,0.02,0.0,0.02,0.02
2,3,3,2,False,2.1822686008551297,0.02745396021947144,1,qEHVI,0.32,0.28,0.38,0.0,0.02,0.0,0.0,0.0,0.0,0.0,0.0,0.0,0.0,0.0,0.0
2,3,3,2,False,2.1822686008551297,0.02745396021947144,2,qEHVI,0.42,0.1,0.42,0.04,0.02,0.0,0.0,0.0,0.0,0.0,0.0,0.0,0.0,0.0,0.0
2,3,3,2,False,2.1822686008551297,0.02745396021947144,3,qUCB,0.34,0.54,0.02,0.0,0.04,0.0,0.0,0.0,0.02,0.0,0.0,0.0,0.0,0.04,0.0
2,3,3,2,False,2.1822686008551297,0.02745396021947144,4,qUCB,0.9,0.0,0.0,0.0,0.04,0.0,0.0,0.0,0.0,0.0,0.0,0.04,0.0,0.02,0.0
2,4,2,3,False,2.103303532439233,0.4654282857453218,0,qEHVI,0.32,0.28,0.3,0.02,0.0,0.0,0.0,0.0,0.02,0.0,0.0,0.02,0.0,0.02,0.02
2,4,2,3,False,2.103303532439233,0.4654282857453218,1,qEHVI,0.32,0.28,0.38,0.0,0.02,0.0,0.0,0.0,0.0,0.0,0.0,0.0,0.0,0.0,0.0
2,4,2,3,False,2.103303532439233,0.4654282857453218,2,qUCB,0.5,0.4,0.0,0.04,0.04,0.0,0.0,0.0,0.0,0.0,0.0,0.0,0.0,0.02,0.0
2,4,2,3,False,2.103303532439233,0.4654282857453218,3,qUCB,0.9,0.0,0.0,0.0,0.04,0.0,0.0,0.0,0.0,0.0,0.0,0.04,0.0,0.02,0.0
2,4,2,3,False,2.103303532439233,0.4654282857453218,4,qUCB,0.24,0.66,0.0,0.0,0.04,0.0,0.0,0.0,0.0,0.0,0.0,0.04,0.0,0.02,0.0
2,5,1,4,False,2.010787958604488,0.09152845282156719,0,qEHVI,0.32,0.28,0.3,0.02,0.0,0.0,0.0,0.0,0.02,0.0,0.0,0.02,0.0,0.02,0.02
2,5,1,4,False,2.010787958604488,0.09152845282156719,1,qUCB,0.46,0.44,0.02,0.04,0.04,0.0,0.0,0.0,0.0,0.0,0.0,0.0,0.0,0.0,0.0
2,5,1,4,False,2.010787958604488,0.09152845282156719,2,qUCB,0.28,0.64,0.0,0.0,0.04,0.0,0.0,0.0,0.0,0.0,0.0,0.04,0.0,0.0,0.0
2,5,1,4,False,2.010787958604488,0.09152845282156719,3,qUCB,0.36,0.54,0.02,0.0,0.04,0.0,0.0,0.0,0.0,0.0,0.0,0.0,0.0,0.0,0.04
2,5,1,4,False,2.010787958604488,0.09152845282156719,4,qUCB,0.84,0.06,0.02,0.04,0.04,0.0,0.0,0.0,0.0,0.0,0.0,0.0,0.0,0.0,0.0
2,6,0,5,False,2.047243418405991,0.1020228402030341,0,qUCB,0.46,0.22,0.26,0.04,0.02,0.0,0.0,0.0,0.0,0.0,0.0,0.0,0.0,0.0,0.0
2,6,0,5,False,2.047243418405991,0.1020228402030341,1,qUCB,0.5,0.06,0.34,0.02,0.0,0.0,0.0,0.0,0.02,0.0,0.0,0.02,0.0,0.04,0.0
2,6,0,5,False,2.047243418405991,0.1020228402030341,2,qUCB,0.36,0.26,0.3,0.0,0.0,0.0,0.0,0.0,0.02,0.0,0.0,0.04,0.0,0.02,0.0
2,6,0,5,False,2.047243418405991,0.1020228402030341,3,qUCB,0.36,0.16,0.44,0.0,0.0,0.0,0.0,0.0,0.0,0.0,0.0,0.0,0.0,0.0,0.04
2,6,0,5,False,2.047243418405991,0.1020228402030341,4,qUCB,0.38,0.46,0.08,0.0,0.04,0.0,0.0,0.0,0.04,0.0,0.0,0.0,0.0,0.0,0.0
3,1,5,0,False,2.57676044697161,1.1792873144853004,0,qEHVI,0.48,0.16,0.34,0.0,0.0,0.0,0.0,0.0,0.0,0.0,0.0,0.0,0.0,0.0,0.02
3,1,5,0,False,2.57676044697161,1.1792873144853004,1,qEHVI,0.66,0.2,0.06,0.0,0.04,0.0,0.0,0.0,0.0,0.0,0.0,0.02,0.0,0.02,0.0
3,1,5,0,False,2.57676044697161,1.1792873144853004,2,qEHVI,0.5,0.06,0.38,0.0,0.0,0.0,0.0,0.0,0.02,0.0,0.0,0.04,0.0,0.0,0.0
3,1,5,0,False,2.57676044697161,1.1792873144853004,3,qEHVI,0.84,0.0,0.1,0.0,0.0,0.0,0.0,0.0,0.02,0.0,0.0,0.0,0.0,0.0,0.04
3,1,5,0,False,2.57676044697161,1.1792873144853004,4,qEHVI,0.58,0.32,0.0,0.02,0.0,0.0,0.0,0.0,0.0,0.0,0.0,0.0,0.0,0.04,0.04
3,2,4,1,False,2.5180047129820857,0.6794218349602943,0,qEHVI,0.48,0.16,0.34,0.0,0.0,0.0,0.0,0.0,0.0,0.0,0.0,0.0,0.0,0.0,0.02
3,2,4,1,False,2.5180047129820857,0.6794218349602943,1,qEHVI,0.66,0.2,0.06,0.0,0.04,0.0,0.0,0.0,0.0,0.0,0.0,0.02,0.0,0.02,0.0
3,2,4,1,False,2.5180047129820857,0.6794218349602943,2,qEHVI,0.5,0.06,0.38,0.0,0.0,0.0,0.0,0.0,0.02,0.0,0.0,0.04,0.0,0.0,0.0
3,2,4,1,False,2.5180047129820857,0.6794218349602943,3,qEHVI,0.84,0.0,0.1,0.0,0.0,0.0,0.0,0.0,0.02,0.0,0.0,0.0,0.0,0.0,0.04
3,2,4,1,False,2.5180047129820857,0.6794218349602943,4,qUCB,0.84,0.0,0.06,0.04,0.0,0.0,0.0,0.0,0.02,0.0,0.0,0.0,0.0,0.04,0.0
3,3,3,2,True,2.4240854868017085,0.9615064288337827,0,qEHVI,0.48,0.16,0.34,0.0,0.0,0.0,0.0,0.0,0.0,0.0,0.0,0.0,0.0,0.0,0.02
3,3,3,2,True,2.4240854868017085,0.9615064288337827,1,qEHVI,0.66,0.2,0.06,0.0,0.04,0.0,0.0,0.0,0.0,0.0,0.0,0.02,0.0,0.02,0.0
3,3,3,2,True,2.4240854868017085,0.9615064288337827,2,qEHVI,0.5,0.06,0.38,0.0,0.0,0.0,0.0,0.0,0.02,0.0,0.0,0.04,0.0,0.0,0.0
3,3,3,2,True,2.4240854868017085,0.9615064288337827,3,qUCB,0.84,0.0,0.06,0.04,0.0,0.0,0.0,0.0,0.02,0.0,0.0,0.0,0.0,0.04,0.0
3,3,3,2,True,2.4240854868017085,0.9615064288337827,4,qUCB,0.02,0.88,0.0,0.04,0.02,0.0,0.0,0.0,0.04,0.0,0.0,0.0,0.0,0.0,0.0
3,4,2,3,False,2.3415121467281024,0.9285764082137611,0,qEHVI,0.48,0.16,0.34,0.0,0.0,0.0,0.0,0.0,0.0,0.0,0.0,0.0,0.0,0.0,0.02
3,4,2,3,False,2.3415121467281024,0.9285764082137611,1,qEHVI,0.66,0.2,0.06,0.0,0.04,0.0,0.0,0.0,0.0,0.0,0.0,0.02,0.0,0.02,0.0
3,4,2,3,False,2.3415121467281024,0.9285764082137611,2,qUCB,0.84,0.0,0.06,0.04,0.0,0.0,0.0,0.0,0.02,0.0,0.0,0.0,0.0,0.04,0.0
3,4,2,3,False,2.3415121467281024,0.9285764082137611,3,qUCB,0.0,0.9,0.0,0.0,0.0,0.0,0.0,0.0,0.04,0.0,0.0,0.04,0.0,0.02,0.0
3,4,2,3,False,2.3415121467281024,0.9285764082137611,4,qUCB,0.64,0.26,0.0,0.04,0.0,0.0,0.0,0.0,0.04,0.0,0.0,0.02,0.0,0.0,0.0
3,5,1,4,False,1.9912686511689224,1.071358321702272,0,qEHVI,0.48,0.16,0.34,0.0,0.0,0.0,0.0,0.0,0.0,0.0,0.0,0.0,0.0,0.0,0.02
3,5,1,4,False,1.9912686511689224,1.071358321702272,1,qUCB,0.52,0.0,0.38,0.0,0.04,0.0,0.0,0.0,0.02,0.0,0.0,0.04,0.0,0.0,0.0
3,5,1,4,False,1.9912686511689224,1.071358321702272,2,qUCB,0.86,0.02,0.02,0.0,0.04,0.0,0.0,0.0,0.04,0.0,0.0,0.0,0.0,0.02,0.0
3,5,1,4,False,1.9912686511689224,1.071358321702272,3,qUCB,0.0,0.9,0.0,0.0,0.0,0.0,0.0,0.0,0.04,0.0,0.0,0.04,0.0,0.02,0.0
3,5,1,4,False,1.9912686511689224,1.071358321702272,4,qUCB,0.0,0.0,0.92,0.0,0.0,0.0,0.0,0.0,0.04,0.0,0.0,0.04,0.0,0.0,0.0
3,6,0,5,False,1.8733755693629077,0.5614118542401023,0,qUCB,0.48,0.04,0.42,0.0,0.02,0.0,0.0,0.0,0.0,0.0,0.0,0.0,0.0,0.0,0.04
3,6,0,5,False,1.8733755693629077,0.5614118542401023,1,qUCB,0.74,0.14,0.02,0.0,0.02,0.0,0.0,0.0,0.0,0.0,0.0,0.04,0.0,0.04,0.0
3,6,0,5,False,1.8733755693629077,0.5614118542401023,2,qUCB,0.02,0.0,0.96,0.0,0.0,0.0,0.0,0.0,0.0,0.0,0.0,0.0,0.0,0.02,0.0
3,6,0,5,False,1.8733755693629077,0.5614118542401023,3,qUCB,0.12,0.24,0.54,0.0,0.0,0.0,0.0,0.0,0.04,0.0,0.0,0.02,0.0,0.0,0.04
3,6,0,5,False,1.8733755693629077,0.5614118542401023,4,qUCB,0.88,0.0,0.02,0.02,0.0,0.0,0.0,0.0,0.02,0.0,0.0,0.0,0.0,0.02,0.04
4,1,5,0,True,1.6828882547924582,0.674248822871867,0,qEHVI,0.56,0.36,0.0,0.0,0.04,0.0,0.0,0.0,0.02,0.0,0.0,0.02,0.0,0.0,0.0
4,1,5,0,True,1.6828882547924582,0.674248822871867,1,qEHVI,0.48,0.26,0.16,0.0,0.0,0.0,0.0,0.0,0.02,0.0,0.0,0.02,0.0,0.02,0.04
4,1,5,0,True,1.6828882547924582,0.674248822871867,2,qEHVI,0.46,0.12,0.34,0.0,0.02,0.0,0.0,0.0,0.0,0.0,0.0,0.04,0.0,0.02,0.0
4,1,5,0,True,1.6828882547924582,0.674248822871867,3,qEHVI,0.6,0.28,0.02,0.04,0.0,0.0,0.0,0.0,0.0,0.0,0.0,0.02,0.0,0.0,0.04
4,1,5,0,True,1.6828882547924582,0.674248822871867,4,qEHVI,0.36,0.14,0.48,0.0,0.0,0.0,0.0,0.0,0.02,0.0,0.0,0.0,0.0,0.0,0.0
4,2,4,1,False,1.6360487235619237,0.14861974572382053,0,qEHVI,0.56,0.36,0.0,0.0,0.04,0.0,0.0,0.0,0.02,0.0,0.0,0.02,0.0,0.0,0.0
4,2,4,1,False,1.6360487235619237,0.14861974572382053,1,qEHVI,0.5,0.24,0.16,0.0,0.04,0.0,0.0,0.0,0.0,0.0,0.0,0.0,0.0,0.02,0.04
4,2,4,1,False,1.6360487235619237,0.14861974572382053,2,qEHVI,0.46,0.12,0.34,0.0,0.02,0.0,0.0,0.0,0.0,0.0,0.0,0.04,0.0,0.02,0.0
4,2,4,1,False,1.6360487235619237,0.14861974572382053,3,qEHVI,0.36,0.14,0.48,0.0,0.0,0.0,0.0,0.0,0.02,0.0,0.0,0.0,0.0,0.0,0.0
4,2,4,1,False,1.6360487235619237,0.14861974572382053,4,qUCB,0.6,0.28,0.02,0.04,0.0,0.0,0.0,0.0,0.0,0.0,0.0,0.02,0.0,0.0,0.04
4,3,3,2,False,1.6524558575252004,0.5713680925457272,0,qEHVI,0.56,0.36,0.0,0.0,0.04,0.0,0.0,0.0,0.02,0.0,0.0,0.02,0.0,0.0,0.0
4,3,3,2,False,1.6524558575252004,0.5713680925457272,1,qEHVI,0.5,0.24,0.16,0.0,0.04,0.0,0.0,0.0,0.0,0.0,0.0,0.0,0.0,0.02,0.04
4,3,3,2,False,1.6524558575252004,0.5713680925457272,2,qEHVI,0.46,0.12,0.34,0.0,0.02,0.0,0.0,0.0,0.0,0.0,0.0,0.04,0.0,0.02,0.0
4,3,3,2,False,1.6524558575252004,0.5713680925457272,3,qUCB,0.24,0.16,0.5,0.04,0.0,0.0,0.0,0.0,0.04,0.0,0.0,0.0,0.0,0.0,0.02
4,3,3,2,False,1.6524558575252004,0.5713680925457272,4,qUCB,0.54,0.36,0.0,0.02,0.0,0.0,0.0,0.0,0.04,0.0,0.0,0.0,0.0,0.0,0.04
4,4,2,3,False,1.391281317874336,1.1156687292624614,0,qEHVI,0.56,0.36,0.0,0.0,0.04,0.0,0.0,0.0,0.02,0.0,0.0,0.02,0.0,0.0,0.0
4,4,2,3,False,1.391281317874336,1.1156687292624614,1,qEHVI,0.48,0.26,0.16,0.0,0.0,0.0,0.0,0.0,0.02,0.0,0.0,0.02,0.0,0.02,0.04
4,4,2,3,False,1.391281317874336,1.1156687292624614,2,qUCB,0.32,0.12,0.48,0.04,0.0,0.0,0.0,0.0,0.0,0.0,0.0,0.04,0.0,0.0,0.0
4,4,2,3,False,1.391281317874336,1.1156687292624614,3,qUCB,0.26,0.12,0.52,0.04,0.02,0.0,0.0,0.0,0.0,0.0,0.0,0.0,0.0,0.04,0.0
4,4,2,3,False,1.391281317874336,1.1156687292624614,4,qUCB,0.0,0.04,0.9,0.04,0.0,0.0,0.0,0.0,0.0,0.0,0.0,0.02,0.0,0.0,0.0
4,5,1,4,False,1.267997549354525,0.19067049492694466,0,qEHVI,0.56,0.36,0.0,0.0,0.04,0.0,0.0,0.0,0.02,0.0,0.0,0.02,0.0,0.0,0.0
4,5,1,4,False,1.267997549354525,0.19067049492694466,1,qUCB,0.28,0.08,0.54,0.04,0.0,0.0,0.0,0.0,0.0,0.0,0.0,0.0,0.0,0.02,0.04
4,5,1,4,False,1.267997549354525,0.19067049492694466,2,qUCB,0.0,0.04,0.88,0.04,0.0,0.0,0.0,0.0,0.0,0.0,0.0,0.0,0.0,0.0,0.04
4,5,1,4,False,1.267997549354525,0.19067049492694466,3,qUCB,0.62,0.3,0.0,0.04,0.0,0.0,0.0,0.0,0.0,0.0,0.0,0.0,0.0,0.0,0.04
4,5,1,4,False,1.267997549354525,0.19067049492694466,4,qUCB,0.4,0.02,0.5,0.04,0.0,0.0,0.0,0.0,0.0,0.0,0.0,0.0,0.0,0.0,0.04
4,6,0,5,False,1.6803937731118557,1.19288819703824,0,qUCB,0.56,0.36,0.0,0.0,0.04,0.0,0.0,0.0,0.02,0.0,0.0,0.02,0.0,0.0,0.0
4,6,0,5,False,1.6803937731118557,1.19288819703824,1,qUCB,0.3,0.1,0.5,0.0,0.04,0.0,0.0,0.0,0.02,0.0,0.0,0.0,0.0,0.02,0.02
4,6,0,5,False,1.6803937731118557,1.19288819703824,2,qUCB,0.44,0.32,0.18,0.0,0.0,0.0,0.0,0.0,0.0,0.0,0.0,0.04,0.0,0.02,0.0
4,6,0,5,False,1.6803937731118557,1.19288819703824,3,qUCB,0.38,0.0,0.54,0.0,0.02,0.0,0.0,0.0,0.02,0.0,0.0,0.0,0.0,0.04,0.0
4,6,0,5,False,1.6803937731118557,1.19288819703824,4,qUCB,0.34,0.12,0.5,0.04,0.0,0.0,0.0,0.0,0.0,0.0,0.0,0.0,0.0,0.0,0.0
5,1,5,0,True,1.4247990035545033,1.5188033332169812,0,qEHVI,0.6,0.22,0.1,0.0,0.02,0.0,0.0,0.0,0.0,0.0,0.0,0.04,0.0,0.02,0.0
5,1,5,0,True,1.4247990035545033,1.5188033332169812,1,qEHVI,0.3,0.18,0.42,0.0,0.02,0.0,0.0,0.0,0.0,0.0,0.0,0.02,0.0,0.02,0.04
5,1,5,0,True,1.4247990035545033,1.5188033332169812,2,qEHVI,0.38,0.0,0.54,0.04,0.0,0.0,0.0,0.0,0.04,0.0,0.0,0.0,0.0,0.0,0.0
5,1,5,0,True,1.4247990035545033,1.5188033332169812,3,qEHVI,0.68,0.12,0.1,0.0,0.04,0.0,0.0,0.0,0.02,0.0,0.0,0.0,0.0,0.04,0.0
5,1,5,0,True,1.4247990035545033,1.5188033332169812,4,qEHVI,0.04,0.42,0.52,0.0,0.0,0.0,0.0,0.0,0.0,0.0,0.0,0.0,0.0,0.02,0.0
5,2,4,1,False,1.3905183081951173,0.9945120082198358,0,qEHVI,0.6,0.22,0.1,0.0,0.02,0.0,0.0,0.0,0.0,0.0,0.0,0.04,0.0,0.02,0.0
5,2,4,1,False,1.3905183081951173,0.9945120082198358,1,qEHVI,0.3,0.18,0.42,0.0,0.02,0.0,0.0,0.0,0.0,0.0,0.0,0.02,0.0,0.02,0.04
5,2,4,1,False,1.3905183081951173,0.9945120082198358,2,qEHVI,0.38,0.0,0.54,0.04,0.0,0.0,0.0,0.0,0.04,0.0,0.0,0.0,0.0,0.0,0.0
5,2,4,1,False,1.3905183081951173,0.9945120082198358,3,qEHVI,0.74,0.06,0.1,0.0,0.04,0.0,0.0,0.0,0.04,0.0,0.0,0.0,0.0,0.0,0.02
5,2,4,1,False,1.3905183081951173,0.9945120082198358,4,qUCB,0.14,0.28,0.48,0.04,0.04,0.0,0.0,0.0,0.0,0.0,0.0,0.0,0.0,0.02,0.0
5,3,3,2,False,1.290136999492972,1.0277658273790733,0,qEHVI,0.6,0.22,0.1,0.0,0.02,0.0,0.0,0.0,0.0,0.0,0.0,0.04,0.0,0.02,0.0
5,3,3,2,False,1.290136999492972,1.0277658273790733,1,qEHVI,0.3,0.18,0.42,0.0,0.02,0.0,0.0,0.0,0.0,0.0,0.0,0.02,0.0,0.02,0.04
5,3,3,2,False,1.290136999492972,1.0277658273790733,2,qEHVI,0.38,0.0,0.54,0.04,0.0,0.0,0.0,0.0,0.04,0.0,0.0,0.0,0.0,0.0,0.0
5,3,3,2,False,1.290136999492972,1.0277658273790733,3,qUCB,0.14,0.28,0.48,0.04,0.04,0.0,0.0,0.0,0.0,0.0,0.0,0.0,0.0,0.02,0.0
5,3,3,2,False,1.290136999492972,1.0277658273790733,4,qUCB,0.0,0.3,0.6,0.0,0.04,0.0,0.0,0.0,0.04,0.0,0.0,0.02,0.0,0.0,0.0
5,4,2,3,False,1.318779196686504,0.9712473940054975,0,qEHVI,0.6,0.22,0.1,0.0,0.02,0.0,0.0,0.0,0.0,0.0,0.0,0.04,0.0,0.02,0.0
5,4,2,3,False,1.318779196686504,0.9712473940054975,1,qEHVI,0.3,0.18,0.42,0.0,0.02,0.0,0.0,0.0,0.0,0.0,0.0,0.02,0.0,0.02,0.04
5,4,2,3,False,1.318779196686504,0.9712473940054975,2,qUCB,0.38,0.0,0.54,0.04,0.0,0.0,0.0,0.0,0.04,0.0,0.0,0.0,0.0,0.0,0.0
5,4,2,3,False,1.318779196686504,0.9712473940054975,3,qUCB,0.0,0.38,0.52,0.04,0.0,0.0,0.0,0.0,0.04,0.0,0.0,0.02,0.0,0.0,0.0
5,4,2,3,False,1.318779196686504,0.9712473940054975,4,qUCB,0.06,0.22,0.62,0.04,0.0,0.0,0.0,0.0,0.04,0.0,0.0,0.0,0.0,0.02,0.0
5,5,1,4,False,1.1531044147104144,1.1026255280630977,0,qEHVI,0.6,0.22,0.1,0.0,0.02,0.0,0.0,0.0,0.0,0.0,0.0,0.04,0.0,0.02,0.0
5,5,1,4,False,1.1531044147104144,1.1026255280630977,1,qUCB,0.16,0.2,0.54,0.04,0.0,0.0,0.0,0.0,0.04,0.0,0.0,0.0,0.0,0.0,0.02
5,5,1,4,False,1.1531044147104144,1.1026255280630977,2,qUCB,0.0,0.0,0.9,0.04,0.02,0.0,0.0,0.0,0.0,0.0,0.0,0.0,0.0,0.0,0.04
5,5,1,4,False,1.1531044147104144,1.1026255280630977,3,qUCB,0.06,0.36,0.48,0.04,0.0,0.0,0.0,0.0,0.02,0.0,0.0,0.0,0.0,0.0,0.04
5,5,1,4,False,1.1531044147104144,1.1026255280630977,4,qUCB,0.16,0.12,0.62,0.02,0.0,0.0,0.0,0.0,0.04,0.0,0.0,0.0,0.0,0.0,0.04
5,6,0,5,False,0.7600938238252658,1.0446608772754349,0,qUCB,0.4,0.0,0.52,0.04,0.0,0.0,0.0,0.0,0.02,0.0,0.0,0.0,0.0,0.0,0.02
5,6,0,5,False,0.7600938238252658,1.0446608772754349,1,qUCB,0.0,0.38,0.54,0.04,0.04,0.0,0.0,0.0,0.0,0.0,0.0,0.0,0.0,0.0,0.0
5,6,0,5,False,0.7600938238252658,1.0446608772754349,2,qUCB,0.24,0.1,0.58,0.0,0.02,0.0,0.0,0.0,0.02,0.0,0.0,0.0,0.0,0.04,0.0
5,6,0,5,False,0.7600938238252658,1.0446608772754349,3,qUCB,0.0,0.0,0.9400000000000001,0.0,0.0,0.0,0.0,0.0,0.02,0.0,0.0,0.0,0.0,0.04,0.0
5,6,0,5,False,0.7600938238252658,1.0446608772754349,4,qUCB,0.0,0.34,0.62,0.0,0.0,0.0,0.0,0.0,0.02,0.0,0.0,0.0,0.0,0.0,0.02
6,1,5,0,False,2.302764862898357,0.3562938921804125,0,qEHVI,0.44,0.24,0.22,0.0,0.02,0.0,0.0,0.0,0.0,0.0,0.0,0.04,0.0,0.0,0.04
6,1,5,0,False,2.302764862898357,0.3562938921804125,1,qEHVI,0.46,0.24,0.22,0.02,0.0,0.0,0.0,0.0,0.02,0.0,0.0,0.04,0.0,0.0,0.0
6,1,5,0,False,2.302764862898357,0.3562938921804125,2,qEHVI,0.68,0.24,0.0,0.0,0.0,0.0,0.0,0.0,0.04,0.0,0.0,0.0,0.0,0.0,0.04
6,1,5,0,False,2.302764862898357,0.3562938921804125,3,qEHVI,0.42,0.2,0.3,0.0,0.0,0.0,0.0,0.0,0.02,0.0,0.0,0.0,0.0,0.02,0.04
6,1,5,0,False,2.302764862898357,0.3562938921804125,4,qEHVI,0.36,0.36,0.2,0.0,0.02,0.0,0.0,0.0,0.02,0.0,0.0,0.0,0.0,0.0,0.04
6,2,4,1,False,2.1201007685844733,0.44873797708881913,0,qEHVI,0.44,0.24,0.22,0.0,0.02,0.0,0.0,0.0,0.0,0.0,0.0,0.04,0.0,0.0,0.04
6,2,4,1,False,2.1201007685844733,0.44873797708881913,1,qEHVI,0.46,0.24,0.22,0.02,0.0,0.0,0.0,0.0,0.02,0.0,0.0,0.04,0.0,0.0,0.0
6,2,4,1,False,2.1201007685844733,0.44873797708881913,2,qEHVI,0.68,0.24,0.0,0.0,0.0,0.0,0.0,0.0,0.04,0.0,0.0,0.0,0.0,0.0,0.04
6,2,4,1,False,2.1201007685844733,0.44873797708881913,3,qEHVI,0.42,0.2,0.3,0.0,0.0,0.0,0.0,0.0,0.02,0.0,0.0,0.0,0.0,0.02,0.04
6,2,4,1,False,2.1201007685844733,0.44873797708881913,4,qUCB,0.44,0.4,0.06,0.04,0.04,0.0,0.0,0.0,0.0,0.0,0.0,0.0,0.0,0.0,0.02
6,3,3,2,True,1.834444076030365,0.4626632573432419,0,qEHVI,0.44,0.24,0.22,0.0,0.02,0.0,0.0,0.0,0.0,0.0,0.0,0.04,0.0,0.0,0.04
6,3,3,2,True,1.834444076030365,0.4626632573432419,1,qEHVI,0.46,0.24,0.22,0.02,0.0,0.0,0.0,0.0,0.02,0.0,0.0,0.04,0.0,0.0,0.0
6,3,3,2,True,1.834444076030365,0.4626632573432419,2,qEHVI,0.68,0.24,0.0,0.0,0.0,0.0,0.0,0.0,0.04,0.0,0.0,0.0,0.0,0.0,0.04
6,3,3,2,True,1.834444076030365,0.4626632573432419,3,qUCB,0.9,0.0,0.02,0.0,0.04,0.0,0.0,0.0,0.0,0.0,0.0,0.0,0.0,0.04,0.0
6,3,3,2,True,1.834444076030365,0.4626632573432419,4,qUCB,0.44,0.4,0.06,0.04,0.04,0.0,0.0,0.0,0.0,0.0,0.0,0.0,0.0,0.0,0.02
6,4,2,3,False,1.7555415392113862,0.6359868716472104,0,qEHVI,0.44,0.24,0.22,0.0,0.02,0.0,0.0,0.0,0.0,0.0,0.0,0.04,0.0,0.0,0.04
6,4,2,3,False,1.7555415392113862,0.6359868716472104,1,qEHVI,0.46,0.24,0.22,0.02,0.0,0.0,0.0,0.0,0.02,0.0,0.0,0.04,0.0,0.0,0.0
6,4,2,3,False,1.7555415392113862,0.6359868716472104,2,qUCB,0.9,0.0,0.02,0.0,0.04,0.0,0.0,0.0,0.0,0.0,0.0,0.0,0.0,0.04,0.0
6,4,2,3,False,1.7555415392113862,0.6359868716472104,3,qUCB,0.44,0.4,0.06,0.04,0.04,0.0,0.0,0.0,0.0,0.0,0.0,0.0,0.0,0.0,0.02
6,4,2,3,False,1.7555415392113862,0.6359868716472104,4,qUCB,0.0,0.12,0.78,0.04,0.04,0.0,0.0,0.0,0.0,0.0,0.0,0.0,0.0,0.0,0.02
6,5,1,4,False,1.3219944248286564,0.14742505536237793,0,qEHVI,0.44,0.24,0.22,0.0,0.02,0.0,0.0,0.0,0.0,0.0,0.0,0.04,0.0,0.0,0.04
6,5,1,4,False,1.3219944248286564,0.14742505536237793,1,qUCB,0.46,0.44,0.02,0.04,0.0,0.0,0.0,0.0,0.04,0.0,0.0,0.0,0.0,0.0,0.0
6,5,1,4,False,1.3219944248286564,0.14742505536237793,2,qUCB,0.96,0.0,0.0,0.0,0.0,0.0,0.0,0.0,0.04,0.0,0.0,0.0,0.0,0.0,0.0
6,5,1,4,False,1.3219944248286564,0.14742505536237793,3,qUCB,0.04,0.0,0.92,0.04,0.0,0.0,0.0,0.0,0.0,0.0,0.0,0.0,0.0,0.0,0.0
6,5,1,4,False,1.3219944248286564,0.14742505536237793,4,qUCB,0.04,0.9,0.0,0.0,0.0,0.0,0.0,0.0,0.02,0.0,0.0,0.0,0.0,0.04,0.0
6,6,0,5,False,0.9557986061912864,0.3016478719382292,0,qUCB,0.46,0.18,0.26,0.04,0.04,0.0,0.0,0.0,0.0,0.0,0.0,0.0,0.0,0.0,0.02
6,6,0,5,False,0.9557986061912864,0.3016478719382292,1,qUCB,0.96,0.0,0.0,0.0,0.0,0.0,0.0,0.0,0.04,0.0,0.0,0.0,0.0,0.0,0.0
6,6,0,5,False,0.9557986061912864,0.3016478719382292,2,qUCB,0.04,0.0,0.92,0.04,0.0,0.0,0.0,0.0,0.0,0.0,0.0,0.0,0.0,0.0,0.0
6,6,0,5,False,0.9557986061912864,0.3016478719382292,3,qUCB,0.4,0.52,0.0,0.04,0.02,0.0,0.0,0.0,0.0,0.0,0.0,0.02,0.0,0.0,0.0
6,6,0,5,False,0.9557986061912864,0.3016478719382292,4,qUCB,0.04,0.9,0.0,0.0,0.0,0.0,0.0,0.0,0.02,0.0,0.0,0.0,0.0,0.04,0.0
7,1,5,0,False,3.0397570517656325,0.2597345201496646,0,qEHVI,0.44,0.14,0.32,0.02,0.0,0.0,0.0,0.0,0.02,0.0,0.0,0.04,0.0,0.0,0.02
7,1,5,0,False,3.0397570517656325,0.2597345201496646,1,qEHVI,0.66,0.24,0.0,0.0,0.04,0.0,0.0,0.0,0.02,0.0,0.0,0.0,0.0,0.02,0.02
7,1,5,0,False,3.0397570517656325,0.2597345201496646,2,qEHVI,0.52,0.0,0.38,0.02,0.0,0.0,0.0,0.0,0.0,0.0,0.0,0.0,0.0,0.04,0.04
7,1,5,0,False,3.0397570517656325,0.2597345201496646,3,qEHVI,0.46,0.42,0.04,0.0,0.02,0.0,0.0,0.0,0.0,0.0,0.0,0.02,0.0,0.0,0.04
7,1,5,0,False,3.0397570517656325,0.2597345201496646,4,qEHVI,0.42,0.2,0.3,0.02,0.0,0.0,0.0,0.0,0.0,0.0,0.0,0.0,0.0,0.02,0.04
7,2,4,1,True,2.836039820613115,0.6030807265909934,0,qEHVI,0.44,0.14,0.32,0.02,0.0,0.0,0.0,0.0,0.02,0.0,0.0,0.04,0.0,0.0,0.02
7,2,4,1,True,2.836039820613115,0.6030807265909934,1,qEHVI,0.66,0.24,0.0,0.0,0.04,0.0,0.0,0.0,0.02,0.0,0.0,0.0,0.0,0.02,0.02
7,2,4,1,True,2.836039820613115,0.6030807265909934,2,qEHVI,0.52,0.0,0.38,0.02,0.0,0.0,0.0,0.0,0.0,0.0,0.0,0.0,0.0,0.04,0.04
7,2,4,1,True,2.836039820613115,0.6030807265909934,3,qEHVI,0.46,0.42,0.04,0.0,0.02,0.0,0.0,0.0,0.0,0.0,0.0,0.02,0.0,0.0,0.04
7,2,4,1,True,2.836039820613115,0.6030807265909934,4,qUCB,0.42,0.12,0.38,0.0,0.0,0.0,0.0,0.0,0.04,0.0,0.0,0.0,0.0,0.04,0.0
7,3,3,2,False,2.47385986241481,0.18712642430489623,0,qEHVI,0.44,0.14,0.32,0.02,0.0,0.0,0.0,0.0,0.02,0.0,0.0,0.04,0.0,0.0,0.02
7,3,3,2,False,2.47385986241481,0.18712642430489623,1,qEHVI,0.66,0.24,0.0,0.0,0.04,0.0,0.0,0.0,0.02,0.0,0.0,0.0,0.0,0.02,0.02
7,3,3,2,False,2.47385986241481,0.18712642430489623,2,qEHVI,0.52,0.0,0.38,0.02,0.0,0.0,0.0,0.0,0.0,0.0,0.0,0.0,0.0,0.04,0.04
7,3,3,2,False,2.47385986241481,0.18712642430489623,3,qUCB,0.42,0.12,0.38,0.0,0.0,0.0,0.0,0.0,0.04,0.0,0.0,0.0,0.0,0.04,0.0
7,3,3,2,False,2.47385986241481,0.18712642430489623,4,qUCB,0.02,0.04,0.86,0.04,0.04,0.0,0.0,0.0,0.0,0.0,0.0,0.0,0.0,0.0,0.0
7,4,2,3,False,2.322380359941675,0.094873299681975,0,qEHVI,0.44,0.14,0.32,0.02,0.0,0.0,0.0,0.0,0.02,0.0,0.0,0.04,0.0,0.0,0.02
7,4,2,3,False,2.322380359941675,0.094873299681975,1,qEHVI,0.66,0.24,0.0,0.0,0.04,0.0,0.0,0.0,0.02,0.0,0.0,0.0,0.0,0.02,0.02
7,4,2,3,False,2.322380359941675,0.094873299681975,2,qUCB,0.52,0.0,0.38,0.02,0.0,0.0,0.0,0.0,0.0,0.0,0.0,0.0,0.0,0.04,0.04
7,4,2,3,False,2.322380359941675,0.094873299681975,3,qUCB,0.02,0.04,0.86,0.04,0.04,0.0,0.0,0.0,0.0,0.0,0.0,0.0,0.0,0.0,0.0
7,4,2,3,False,2.322380359941675,0.094873299681975,4,qUCB,0.0,1.0,0.0,0.0,0.0,0.0,0.0,0.0,0.0,0.0,0.0,0.0,0.0,0.0,0.0
7,5,1,4,False,1.595750427606344,0.3590860287705606,0,qEHVI,0.44,0.14,0.32,0.02,0.0,0.0,0.0,0.0,0.02,0.0,0.0,0.04,0.0,0.0,0.02
7,5,1,4,False,1.595750427606344,0.3590860287705606,1,qUCB,0.46,0.04,0.4,0.0,0.04,0.0,0.0,0.0,0.0,0.0,0.0,0.0,0.0,0.04,0.02
7,5,1,4,False,1.595750427606344,0.3590860287705606,2,qUCB,0.06,0.86,0.0,0.0,0.04,0.0,0.0,0.0,0.0,0.0,0.0,0.0,0.0,0.0,0.04
7,5,1,4,False,1.595750427606344,0.3590860287705606,3,qUCB,0.02,0.04,0.86,0.04,0.04,0.0,0.0,0.0,0.0,0.0,0.0,0.0,0.0,0.0,0.0
7,5,1,4,False,1.595750427606344,0.3590860287705606,4,qUCB,0.0,0.9,0.02,0.0,0.02,0.0,0.0,0.0,0.0,0.0,0.0,0.0,0.0,0.04,0.02
7,6,0,5,False,1.7168459267284957,0.413830641508417,0,qUCB,0.48,0.02,0.4,0.02,0.02,0.0,0.0,0.0,0.0,0.0,0.0,0.0,0.0,0.02,0.04
7,6,0,5,False,1.7168459267284957,0.413830641508417,1,qUCB,0.5,0.02,0.4,0.0,0.0,0.0,0.0,0.0,0.0,0.0,0.0,0.0,0.0,0.04,0.04
7,6,0,5,False,1.7168459267284957,0.413830641508417,2,qUCB,0.04,0.0,0.9,0.04,0.0,0.0,0.0,0.0,0.0,0.0,0.0,0.0,0.0,0.0,0.02
7,6,0,5,False,1.7168459267284957,0.413830641508417,3,qUCB,0.5,0.0,0.4,0.02,0.0,0.0,0.0,0.0,0.0,0.0,0.0,0.04,0.0,0.0,0.04
7,6,0,5,False,1.7168459267284957,0.413830641508417,4,qUCB,0.04,0.78,0.12,0.0,0.02,0.0,0.0,0.0,0.0,0.0,0.0,0.0,0.0,0.0,0.04
8,1,5,0,False,2.2969483136515687,0.18719781948925207,0,qEHVI,0.52,0.0,0.4,0.0,0.0,0.0,0.0,0.0,0.04,0.0,0.0,0.0,0.0,0.04,0.0
8,1,5,0,False,2.2969483136515687,0.18719781948925207,1,qEHVI,0.64,0.28,0.0,0.0,0.0,0.0,0.0,0.0,0.02,0.0,0.0,0.02,0.0,0.0,0.04
8,1,5,0,False,2.2969483136515687,0.18719781948925207,2,qEHVI,0.36,0.18,0.36,0.0,0.0,0.0,0.0,0.0,0.0,0.0,0.0,0.02,0.0,0.04,0.04
8,1,5,0,False,2.2969483136515687,0.18719781948925207,3,qEHVI,0.58,0.34,0.0,0.0,0.02,0.0,0.0,0.0,0.0,0.0,0.0,0.02,0.0,0.0,0.04
8,1,5,0,False,2.2969483136515687,0.18719781948925207,4,qEHVI,0.44,0.02,0.44,0.0,0.0,0.0,0.0,0.0,0.04,0.0,0.0,0.0,0.0,0.02,0.04
8,2,4,1,False,2.103079824141559,0.28582365645497476,0,qEHVI,0.52,0.0,0.4,0.0,0.0,0.0,0.0,0.0,0.04,0.0,0.0,0.0,0.0,0.04,0.0
8,2,4,1,False,2.103079824141559,0.28582365645497476,1,qEHVI,0.64,0.28,0.0,0.0,0.0,0.0,0.0,0.0,0.02,0.0,0.0,0.02,0.0,0.0,0.04
8,2,4,1,False,2.103079824141559,0.28582365645497476,2,qEHVI,0.36,0.18,0.36,0.0,0.0,0.0,0.0,0.0,0.0,0.0,0.0,0.02,0.0,0.04,0.04
8,2,4,1,False,2.103079824141559,0.28582365645497476,3,qEHVI,0.58,0.34,0.0,0.0,0.02,0.0,0.0,0.0,0.0,0.0,0.0,0.02,0.0,0.0,0.04
8,2,4,1,False,2.103079824141559,0.28582365645497476,4,qUCB,0.0,0.0,0.9400000000000001,0.04,0.0,0.0,0.0,0.0,0.0,0.0,0.0,0.0,0.0,0.0,0.02
8,3,3,2,True,1.666627607553164,0.368952390804437,0,qEHVI,0.52,0.0,0.4,0.0,0.0,0.0,0.0,0.0,0.04,0.0,0.0,0.0,0.0,0.04,0.0
8,3,3,2,True,1.666627607553164,0.368952390804437,1,qEHVI,0.64,0.28,0.0,0.0,0.0,0.0,0.0,0.0,0.02,0.0,0.0,0.02,0.0,0.0,0.04
8,3,3,2,True,1.666627607553164,0.368952390804437,2,qEHVI,0.36,0.18,0.36,0.0,0.0,0.0,0.0,0.0,0.0,0.0,0.0,0.02,0.0,0.04,0.04
8,3,3,2,True,1.666627607553164,0.368952390804437,3,qUCB,0.06,0.02,0.84,0.04,0.04,0.0,0.0,0.0,0.0,0.0,0.0,0.0,0.0,0.0,0.0
8,3,3,2,True,1.666627607553164,0.368952390804437,4,qUCB,0.3,0.48,0.14,0.0,0.04,0.0,0.0,0.0,0.0,0.0,0.0,0.04,0.0,0.0,0.0
8,4,2,3,False,1.403660226002271,0.2896819747892643,0,qEHVI,0.52,0.0,0.4,0.0,0.0,0.0,0.0,0.0,0.04,0.0,0.0,0.0,0.0,0.04,0.0
8,4,2,3,False,1.403660226002271,0.2896819747892643,1,qEHVI,0.64,0.28,0.0,0.0,0.0,0.0,0.0,0.0,0.02,0.0,0.0,0.02,0.0,0.0,0.04
8,4,2,3,False,1.403660226002271,0.2896819747892643,2,qUCB,0.0,0.0,0.9400000000000001,0.04,0.0,0.0,0.0,0.0,0.0,0.0,0.0,0.0,0.0,0.0,0.02
8,4,2,3,False,1.403660226002271,0.2896819747892643,3,qUCB,0.0,0.28,0.64,0.04,0.04,0.0,0.0,0.0,0.0,0.0,0.0,0.0,0.0,0.0,0.0
8,4,2,3,False,1.403660226002271,0.2896819747892643,4,qUCB,0.3,0.48,0.14,0.0,0.04,0.0,0.0,0.0,0.0,0.0,0.0,0.04,0.0,0.0,0.0
8,5,1,4,False,1.1472585001163453,0.4776245671506434,0,qEHVI,0.52,0.0,0.4,0.0,0.0,0.0,0.0,0.0,0.04,0.0,0.0,0.0,0.0,0.04,0.0
8,5,1,4,False,1.1472585001163453,0.4776245671506434,1,qUCB,0.34,0.46,0.1,0.0,0.04,0.0,0.0,0.0,0.0,0.0,0.0,0.02,0.0,0.0,0.04
8,5,1,4,False,1.1472585001163453,0.4776245671506434,2,qUCB,0.0,0.0,0.9400000000000001,0.04,0.0,0.0,0.0,0.0,0.0,0.0,0.0,0.0,0.0,0.0,0.02
8,5,1,4,False,1.1472585001163453,0.4776245671506434,3,qUCB,0.04,0.76,0.12,0.0,0.0,0.0,0.0,0.0,0.0,0.0,0.0,0.04,0.0,0.0,0.04
8,5,1,4,False,1.1472585001163453,0.4776245671506434,4,qUCB,0.14,0.78,0.0,0.0,0.0,0.0,0.0,0.0,0.0,0.0,0.0,0.04,0.0,0.0,0.04
8,6,0,5,False,0.495556302705422,0.2181217499601118,0,qUCB,0.32,0.46,0.12,0.0,0.0,0.0,0.0,0.0,0.02,0.0,0.0,0.04,0.0,0.0,0.04
8,6,0,5,False,0.495556302705422,0.2181217499601118,1,qUCB,0.0,0.0,0.9400000000000001,0.04,0.0,0.0,0.0,0.0,0.0,0.0,0.0,0.0,0.0,0.0,0.02
8,6,0,5,False,0.495556302705422,0.2181217499601118,2,qUCB,0.0,0.76,0.14,0.0,0.0,0.0,0.0,0.0,0.02,0.0,0.0,0.04,0.0,0.0,0.04
8,6,0,5,False,0.495556302705422,0.2181217499601118,3,qUCB,0.14,0.6,0.18,0.0,0.02,0.0,0.0,0.0,0.0,0.0,0.0,0.02,0.0,0.0,0.04
8,6,0,5,False,0.495556302705422,0.2181217499601118,4,qUCB,0.4,0.42,0.18,0.0,0.0,0.0,0.0,0.0,0.0,0.0,0.0,0.0,0.0,0.0,0.0
9,1,5,0,False,1.7468968262305167,0.1896775849985699,0,qEHVI,0.4,0.24,0.3,0.0,0.02,0.0,0.0,0.0,0.0,0.0,0.0,0.0,0.0,0.0,0.04
9,1,5,0,False,1.7468968262305167,0.1896775849985699,1,qEHVI,0.38,0.16,0.36,0.04,0.0,0.0,0.0,0.0,0.02,0.0,0.0,0.0,0.0,0.04,0.0
9,1,5,0,False,1.7468968262305167,0.1896775849985699,2,qEHVI,0.7000000000000001,0.22,0.02,0.0,0.04,0.0,0.0,0.0,0.0,0.0,0.0,0.0,0.0,0.0,0.02
9,1,5,0,False,1.7468968262305167,0.1896775849985699,3,qEHVI,0.58,0.32,0.04,0.0,0.02,0.0,0.0,0.0,0.0,0.0,0.0,0.0,0.0,0.0,0.04
9,1,5,0,False,1.7468968262305167,0.1896775849985699,4,qEHVI,0.36,0.24,0.3,0.02,0.0,0.0,0.0,0.0,0.04,0.0,0.0,0.0,0.0,0.0,0.04
9,2,4,1,False,1.500169264546891,0.2495471253391063,0,qEHVI,0.4,0.24,0.3,0.0,0.02,0.0,0.0,0.0,0.0,0.0,0.0,0.0,0.0,0.0,0.04
9,2,4,1,False,1.500169264546891,0.2495471253391063,1,qEHVI,0.38,0.16,0.36,0.04,0.0,0.0,0.0,0.0,0.02,0.0,0.0,0.0,0.0,0.04,0.0
9,2,4,1,False,1.500169264546891,0.2495471253391063,2,qEHVI,0.7000000000000001,0.22,0.02,0.0,0.04,0.0,0.0,0.0,0.0,0.0,0.0,0.0,0.0,0.0,0.02
9,2,4,1,False,1.500169264546891,0.2495471253391063,3,qEHVI,0.58,0.32,0.04,0.0,0.02,0.0,0.0,0.0,0.0,0.0,0.0,0.0,0.0,0.0,0.04
9,2,4,1,False,1.500169264546891,0.2495471253391063,4,qUCB,0.4,0.36,0.16,0.0,0.0,0.0,0.0,0.0,0.04,0.0,0.0,0.04,0.0,0.0,0.0
9,3,3,2,True,1.3343524643165832,0.16059846944022205,0,qEHVI,0.4,0.24,0.3,0.0,0.02,0.0,0.0,0.0,0.0,0.0,0.0,0.0,0.0,0.0,0.04
9,3,3,2,True,1.3343524643165832,0.16059846944022205,1,qEHVI,0.38,0.16,0.36,0.04,0.0,0.0,0.0,0.0,0.02,0.0,0.0,0.0,0.0,0.04,0.0
9,3,3,2,True,1.3343524643165832,0.16059846944022205,2,qEHVI,0.7000000000000001,0.22,0.02,0.0,0.04,0.0,0.0,0.0,0.0,0.0,0.0,0.0,0.0,0.0,0.02
9,3,3,2,True,1.3343524643165832,0.16059846944022205,3,qUCB,0.4,0.36,0.16,0.0,0.0,0.0,0.0,0.0,0.04,0.0,0.0,0.04,0.0,0.0,0.0
9,3,3,2,True,1.3343524643165832,0.16059846944022205,4,qUCB,0.0,0.76,0.16,0.0,0.0,0.0,0.0,0.0,0.04,0.0,0.0,0.04,0.0,0.0,0.0
9,4,2,3,False,1.041409387555898,0.1614836952148675,0,qEHVI,0.4,0.24,0.3,0.0,0.02,0.0,0.0,0.0,0.0,0.0,0.0,0.0,0.0,0.0,0.04
9,4,2,3,False,1.041409387555898,0.1614836952148675,1,qEHVI,0.38,0.16,0.36,0.04,0.0,0.0,0.0,0.0,0.02,0.0,0.0,0.0,0.0,0.04,0.0
9,4,2,3,False,1.041409387555898,0.1614836952148675,2,qUCB,0.4,0.36,0.16,0.0,0.0,0.0,0.0,0.0,0.04,0.0,0.0,0.04,0.0,0.0,0.0
9,4,2,3,False,1.041409387555898,0.1614836952148675,3,qUCB,0.0,0.76,0.16,0.0,0.0,0.0,0.0,0.0,0.04,0.0,0.0,0.04,0.0,0.0,0.0
9,4,2,3,False,1.041409387555898,0.1614836952148675,4,qUCB,0.0,0.22,0.68,0.04,0.02,0.0,0.0,0.0,0.0,0.0,0.0,0.04,0.0,0.0,0.0
9,5,1,4,False,0.9799485533402865,0.10013839931261614,0,qEHVI,0.4,0.24,0.3,0.0,0.02,0.0,0.0,0.0,0.0,0.0,0.0,0.0,0.0,0.0,0.04
9,5,1,4,False,0.9799485533402865,0.10013839931261614,1,qUCB,0.36,0.12,0.42,0.04,0.0,0.0,0.0,0.0,0.02,0.0,0.0,0.0,0.0,0.04,0.0
9,5,1,4,False,0.9799485533402865,0.10013839931261614,2,qUCB,0.0,0.76,0.16,0.0,0.0,0.0,0.0,0.0,0.04,0.0,0.0,0.04,0.0,0.0,0.0
9,5,1,4,False,0.9799485533402865,0.10013839931261614,3,qUCB,0.02,0.84,0.04,0.0,0.0,0.0,0.0,0.0,0.02,0.0,0.0,0.04,0.0,0.04,0.0
9,5,1,4,False,0.9799485533402865,0.10013839931261614,4,qUCB,0.0,0.02,0.9400000000000001,0.0,0.0,0.0,0.0,0.0,0.0,0.0,0.0,0.0,0.0,0.04,0.0
9,6,0,5,False,0.7334241477298334,0.4864154586145233,0,qUCB,0.46,0.46,0.0,0.0,0.02,0.0,0.0,0.0,0.02,0.0,0.0,0.0,0.0,0.0,0.04
9,6,0,5,False,0.7334241477298334,0.4864154586145233,1,qUCB,0.0,0.72,0.26,0.0,0.0,0.0,0.0,0.0,0.0,0.0,0.0,0.0,0.0,0.0,0.02
9,6,0,5,False,0.7334241477298334,0.4864154586145233,2,qUCB,0.34,0.18,0.4,0.04,0.0,0.0,0.0,0.0,0.0,0.0,0.0,0.0,0.0,0.04,0.0
9,6,0,5,False,0.7334241477298334,0.4864154586145233,3,qUCB,0.0,0.02,0.9400000000000001,0.0,0.0,0.0,0.0,0.0,0.0,0.0,0.0,0.0,0.0,0.04,0.0
9,6,0,5,False,0.7334241477298334,0.4864154586145233,4,qUCB,0.0,0.8,0.14,0.0,0.0,0.0,0.0,0.0,0.0,0.0,0.0,0.0,0.0,0.04,0.02
10,1,5,0,False,2.1081785189405857,0.14390648529018313,0,qEHVI,0.56,0.3,0.06,0.0,0.04,0.0,0.0,0.0,0.0,0.0,0.0,0.0,0.0,0.0,0.04
10,1,5,0,False,2.1081785189405857,0.14390648529018313,1,qEHVI,0.66,0.2,0.04,0.0,0.04,0.0,0.0,0.0,0.04,0.0,0.0,0.0,0.0,0.0,0.02
10,1,5,0,False,2.1081785189405857,0.14390648529018313,2,qEHVI,0.42,0.4,0.08,0.0,0.0,0.0,0.0,0.0,0.02,0.0,0.0,0.04,0.0,0.0,0.04
10,1,5,0,False,2.1081785189405857,0.14390648529018313,3,qEHVI,0.42,0.06,0.42,0.0,0.02,0.0,0.0,0.0,0.0,0.0,0.0,0.04,0.0,0.0,0.04
10,1,5,0,False,2.1081785189405857,0.14390648529018313,4,qEHVI,0.38,0.08,0.44,0.04,0.0,0.0,0.0,0.0,0.0,0.0,0.0,0.04,0.0,0.02,0.0
10,2,4,1,False,1.9742479008792244,0.30448433805029795,0,qEHVI,0.56,0.3,0.06,0.0,0.04,0.0,0.0,0.0,0.0,0.0,0.0,0.0,0.0,0.0,0.04
10,2,4,1,False,1.9742479008792244,0.30448433805029795,1,qEHVI,0.66,0.2,0.04,0.0,0.04,0.0,0.0,0.0,0.04,0.0,0.0,0.0,0.0,0.0,0.02
10,2,4,1,False,1.9742479008792244,0.30448433805029795,2,qEHVI,0.42,0.4,0.08,0.0,0.0,0.0,0.0,0.0,0.02,0.0,0.0,0.04,0.0,0.0,0.04
10,2,4,1,False,1.9742479008792244,0.30448433805029795,3,qEHVI,0.42,0.06,0.42,0.0,0.02,0.0,0.0,0.0,0.0,0.0,0.0,0.04,0.0,0.0,0.04
10,2,4,1,False,1.9742479008792244,0.30448433805029795,4,qUCB,0.0,0.02,0.9400000000000001,0.0,0.0,0.0,0.0,0.0,0.0,0.0,0.0,0.0,0.0,0.04,0.0
10,3,3,2,False,1.7297230823583654,0.06497096893074783,0,qEHVI,0.56,0.3,0.06,0.0,0.04,0.0,0.0,0.0,0.0,0.0,0.0,0.0,0.0,0.0,0.04
10,3,3,2,False,1.7297230823583654,0.06497096893074783,1,qEHVI,0.66,0.2,0.04,0.0,0.04,0.0,0.0,0.0,0.04,0.0,0.0,0.0,0.0,0.0,0.02
10,3,3,2,False,1.7297230823583654,0.06497096893074783,2,qEHVI,0.42,0.4,0.08,0.0,0.0,0.0,0.0,0.0,0.02,0.0,0.0,0.04,0.0,0.0,0.04
10,3,3,2,False,1.7297230823583654,0.06497096893074783,3,qUCB,0.0,0.02,0.9400000000000001,0.0,0.0,0.0,0.0,0.0,0.0,0.0,0.0,0.0,0.0,0.04,0.0
10,3,3,2,False,1.7297230823583654,0.06497096893074783,4,qUCB,0.28,0.0,0.62,0.04,0.0,0.0,0.0,0.0,0.0,0.0,0.0,0.02,0.0,0.04,0.0
10,4,2,3,True,1.6492095310239847,0.34808080438908817,0,qEHVI,0.56,0.3,0.06,0.0,0.04,0.0,0.0,0.0,0.0,0.0,0.0,0.0,0.0,0.0,0.04
10,4,2,3,True,1.6492095310239847,0.34808080438908817,1,qEHVI,0.66,0.2,0.04,0.0,0.04,0.0,0.0,0.0,0.04,0.0,0.0,0.0,0.0,0.0,0.02
10,4,2,3,True,1.6492095310239847,0.34808080438908817,2,qUCB,0.38,0.08,0.44,0.04,0.0,0.0,0.0,0.0,0.0,0.0,0.0,0.04,0.0,0.02,0.0
10,4,2,3,True,1.6492095310239847,0.34808080438908817,3,qUCB,0.0,0.02,0.9400000000000001,0.0,0.0,0.0,0.0,0.0,0.0,0.0,0.0,0.0,0.0,0.04,0.0
10,4,2,3,True,1.6492095310239847,0.34808080438908817,4,qUCB,0.26,0.0,0.64,0.04,0.0,0.0,0.0,0.0,0.0,0.0,0.0,0.04,0.0,0.02,0.0
10,5,1,4,False,1.1507326509171267,0.5032853974245164,0,qEHVI,0.56,0.3,0.06,0.0,0.04,0.0,0.0,0.0,0.0,0.0,0.0,0.0,0.0,0.0,0.04
10,5,1,4,False,1.1507326509171267,0.5032853974245164,1,qUCB,0.38,0.08,0.44,0.04,0.0,0.0,0.0,0.0,0.0,0.0,0.0,0.04,0.0,0.02,0.0
10,5,1,4,False,1.1507326509171267,0.5032853974245164,2,qUCB,0.0,0.02,0.9400000000000001,0.0,0.0,0.0,0.0,0.0,0.0,0.0,0.0,0.0,0.0,0.04,0.0
10,5,1,4,False,1.1507326509171267,0.5032853974245164,3,qUCB,0.26,0.0,0.64,0.04,0.0,0.0,0.0,0.0,0.0,0.0,0.0,0.04,0.0,0.02,0.0
10,5,1,4,False,1.1507326509171267,0.5032853974245164,4,qUCB,0.0,0.24,0.66,0.04,0.0,0.0,0.0,0.0,0.02,0.0,0.0,0.02,0.0,0.02,0.0
10,6,0,5,False,0.2910833399308392,0.14345513372676777,0,qUCB,0.36,0.34,0.2,0.04,0.0,0.0,0.0,0.0,0.02,0.0,0.0,0.0,0.0,0.0,0.04
10,6,0,5,False,0.2910833399308392,0.14345513372676777,1,qUCB,0.02,0.0,0.96,0.02,0.0,0.0,0.0,0.0,0.0,0.0,0.0,0.0,0.0,0.0,0.0
10,6,0,5,False,0.2910833399308392,0.14345513372676777,2,qUCB,0.28,0.0,0.66,0.04,0.0,0.0,0.0,0.0,0.0,0.0,0.0,0.0,0.0,0.0,0.02
10,6,0,5,False,0.2910833399308392,0.14345513372676777,3,qUCB,0.28,0.0,0.62,0.0,0.0,0.0,0.0,0.0,0.02,0.0,0.0,0.04,0.0,0.0,0.04
10,6,0,5,False,0.2910833399308392,0.14345513372676777,4,qUCB,0.02,0.02,0.92,0.0,0.0,0.0,0.0,0.0,0.0,0.0,0.0,0.04,0.0,0.0,0.0
11,1,5,0,True,0.9682824481457186,0.11659720218049019,0,qEHVI,0.4,0.2,0.3,0.02,0.0,0.0,0.0,0.0,0.04,0.0,0.0,0.02,0.0,0.02,0.0
11,1,5,0,True,0.9682824481457186,0.11659720218049019,1,qEHVI,0.54,0.3,0.06,0.0,0.0,0.0,0.0,0.0,0.04,0.0,0.0,0.02,0.0,0.0,0.04
11,1,5,0,True,0.9682824481457186,0.11659720218049019,2,qEHVI,0.5,0.0,0.4,0.02,0.0,0.0,0.0,0.0,0.04,0.0,0.0,0.04,0.0,0.0,0.0
11,1,5,0,True,0.9682824481457186,0.11659720218049019,3,qEHVI,0.72,0.14,0.04,0.0,0.04,0.0,0.0,0.0,0.0,0.0,0.0,0.02,0.0,0.0,0.04
11,1,5,0,True,0.9682824481457186,0.11659720218049019,4,qEHVI,0.4,0.06,0.44,0.0,0.02,0.0,0.0,0.0,0.0,0.0,0.0,0.04,0.0,0.0,0.04
11,2,4,1,False,0.8840664379147843,0.23729700845886503,0,qEHVI,0.4,0.2,0.3,0.02,0.0,0.0,0.0,0.0,0.04,0.0,0.0,0.02,0.0,0.02,0.0
11,2,4,1,False,0.8840664379147843,0.23729700845886503,1,qEHVI,0.54,0.3,0.06,0.0,0.0,0.0,0.0,0.0,0.04,0.0,0.0,0.02,0.0,0.0,0.04
11,2,4,1,False,0.8840664379147843,0.23729700845886503,2,qEHVI,0.5,0.0,0.4,0.02,0.0,0.0,0.0,0.0,0.04,0.0,0.0,0.04,0.0,0.0,0.0
11,2,4,1,False,0.8840664379147843,0.23729700845886503,3,qEHVI,0.4,0.06,0.44,0.0,0.02,0.0,0.0,0.0,0.0,0.0,0.0,0.04,0.0,0.0,0.04
11,2,4,1,False,0.8840664379147843,0.23729700845886503,4,qUCB,0.4,0.12,0.38,0.04,0.0,0.0,0.0,0.0,0.0,0.0,0.0,0.0,0.0,0.02,0.04
11,3,3,2,False,0.7530682990470002,0.1630689627450954,0,qEHVI,0.4,0.2,0.3,0.02,0.0,0.0,0.0,0.0,0.04,0.0,0.0,0.02,0.0,0.02,0.0
11,3,3,2,False,0.7530682990470002,0.1630689627450954,1,qEHVI,0.54,0.3,0.06,0.0,0.0,0.0,0.0,0.0,0.04,0.0,0.0,0.02,0.0,0.0,0.04
11,3,3,2,False,0.7530682990470002,0.1630689627450954,2,qEHVI,0.5,0.0,0.4,0.02,0.0,0.0,0.0,0.0,0.04,0.0,0.0,0.04,0.0,0.0,0.0
11,3,3,2,False,0.7530682990470002,0.1630689627450954,3,qUCB,0.44,0.1,0.36,0.04,0.04,0.0,0.0,0.0,0.0,0.0,0.0,0.0,0.0,0.0,0.02
11,3,3,2,False,0.7530682990470002,0.1630689627450954,4,qUCB,0.0,0.24,0.66,0.04,0.02,0.0,0.0,0.0,0.0,0.0,0.0,0.0,0.0,0.0,0.04
11,4,2,3,False,0.6954130234557709,0.1931130191167596,0,qEHVI,0.4,0.2,0.3,0.02,0.0,0.0,0.0,0.0,0.04,0.0,0.0,0.02,0.0,0.02,0.0
11,4,2,3,False,0.6954130234557709,0.1931130191167596,1,qEHVI,0.54,0.3,0.06,0.0,0.0,0.0,0.0,0.0,0.04,0.0,0.0,0.02,0.0,0.0,0.04
11,4,2,3,False,0.6954130234557709,0.1931130191167596,2,qUCB,0.44,0.1,0.36,0.04,0.04,0.0,0.0,0.0,0.0,0.0,0.0,0.0,0.0,0.0,0.02
11,4,2,3,False,0.6954130234557709,0.1931130191167596,3,qUCB,0.0,0.24,0.66,0.04,0.02,0.0,0.0,0.0,0.0,0.0,0.0,0.0,0.0,0.0,0.04
11,4,2,3,False,0.6954130234557709,0.1931130191167596,4,qUCB,0.46,0.0,0.44,0.02,0.04,0.0,0.0,0.0,0.0,0.0,0.0,0.0,0.0,0.0,0.04
11,5,1,4,False,0.5615759481706053,0.17007654436477182,0,qEHVI,0.4,0.2,0.3,0.02,0.0,0.0,0.0,0.0,0.04,0.0,0.0,0.02,0.0,0.02,0.0
11,5,1,4,False,0.5615759481706053,0.17007654436477182,1,qUCB,0.46,0.0,0.44,0.02,0.04,0.0,0.0,0.0,0.0,0.0,0.0,0.0,0.0,0.0,0.04
11,5,1,4,False,0.5615759481706053,0.17007654436477182,2,qUCB,0.8,0.0,0.1,0.0,0.04,0.0,0.0,0.0,0.0,0.0,0.0,0.02,0.0,0.0,0.04
11,5,1,4,False,0.5615759481706053,0.17007654436477182,3,qUCB,0.42,0.38,0.12,0.0,0.04,0.0,0.0,0.0,0.0,0.0,0.0,0.0,0.0,0.0,0.04
11,5,1,4,False,0.5615759481706053,0.17007654436477182,4,qUCB,0.0,0.24,0.66,0.04,0.02,0.0,0.0,0.0,0.0,0.0,0.0,0.0,0.0,0.0,0.04
11,6,0,5,False,0.2642121479473939,0.25609239317753385,0,qUCB,0.42,0.1,0.38,0.04,0.02,0.0,0.0,0.0,0.0,0.0,0.0,0.0,0.0,0.0,0.04
11,6,0,5,False,0.2642121479473939,0.25609239317753385,1,qUCB,0.44,0.46,0.0,0.02,0.0,0.0,0.0,0.0,0.0,0.0,0.0,0.04,0.0,0.0,0.04
11,6,0,5,False,0.2642121479473939,0.25609239317753385,2,qUCB,0.0,0.24,0.66,0.04,0.02,0.0,0.0,0.0,0.0,0.0,0.0,0.0,0.0,0.0,0.04
11,6,0,5,False,0.2642121479473939,0.25609239317753385,3,qUCB,0.4,0.06,0.44,0.0,0.02,0.0,0.0,0.0,0.0,0.0,0.0,0.04,0.0,0.0,0.04
11,6,0,5,False,0.2642121479473939,0.25609239317753385,4,qUCB,0.0,0.7000000000000001,0.28,0.0,0.0,0.0,0.0,0.0,0.0,0.0,0.0,0.0,0.0,0.0,0.02
12,1,5,0,False,0.8082913989592692,0.22693311699879715,0,qEHVI,0.72,0.18,0.02,0.0,0.02,0.0,0.0,0.0,0.0,0.0,0.0,0.0,0.0,0.02,0.04
12,1,5,0,False,0.8082913989592692,0.22693311699879715,1,qEHVI,0.46,0.16,0.3,0.0,0.04,0.0,0.0,0.0,0.0,0.0,0.0,0.0,0.0,0.0,0.04
12,1,5,0,False,0.8082913989592692,0.22693311699879715,2,qEHVI,0.52,0.3,0.08,0.0,0.04,0.0,0.0,0.0,0.0,0.0,0.0,0.02,0.0,0.0,0.04
12,1,5,0,False,0.8082913989592692,0.22693311699879715,3,qEHVI,0.66,0.24,0.04,0.0,0.0,0.0,0.0,0.0,0.02,0.0,0.0,0.0,0.0,0.0,0.04
12,1,5,0,False,0.8082913989592692,0.22693311699879715,4,qEHVI,0.76,0.16,0.0,0.0,0.0,0.0,0.0,0.0,0.04,0.0,0.0,0.0,0.0,0.0,0.04
12,2,4,1,True,0.7424133664706473,0.7151097621071489,0,qEHVI,0.72,0.18,0.02,0.0,0.02,0.0,0.0,0.0,0.0,0.0,0.0,0.0,0.0,0.02,0.04
12,2,4,1,True,0.7424133664706473,0.7151097621071489,1,qEHVI,0.46,0.16,0.3,0.0,0.04,0.0,0.0,0.0,0.0,0.0,0.0,0.0,0.0,0.0,0.04
12,2,4,1,True,0.7424133664706473,0.7151097621071489,2,qEHVI,0.52,0.3,0.08,0.0,0.04,0.0,0.0,0.0,0.0,0.0,0.0,0.02,0.0,0.0,0.04
12,2,4,1,True,0.7424133664706473,0.7151097621071489,3,qEHVI,0.76,0.16,0.0,0.0,0.0,0.0,0.0,0.0,0.04,0.0,0.0,0.0,0.0,0.0,0.04
12,2,4,1,True,0.7424133664706473,0.7151097621071489,4,qUCB,0.34,0.16,0.4,0.0,0.0,0.0,0.0,0.0,0.02,0.0,0.0,0.04,0.0,0.04,0.0
12,3,3,2,False,0.6694939207117871,0.4250091048843059,0,qEHVI,0.72,0.18,0.02,0.0,0.02,0.0,0.0,0.0,0.0,0.0,0.0,0.0,0.0,0.02,0.04
12,3,3,2,False,0.6694939207117871,0.4250091048843059,1,qEHVI,0.46,0.16,0.3,0.0,0.04,0.0,0.0,0.0,0.0,0.0,0.0,0.0,0.0,0.0,0.04
12,3,3,2,False,0.6694939207117871,0.4250091048843059,2,qEHVI,0.52,0.3,0.08,0.0,0.04,0.0,0.0,0.0,0.0,0.0,0.0,0.02,0.0,0.0,0.04
12,3,3,2,False,0.6694939207117871,0.4250091048843059,3,qUCB,0.4,0.06,0.44,0.04,0.0,0.0,0.0,0.0,0.04,0.0,0.0,0.02,0.0,0.0,0.0
12,3,3,2,False,0.6694939207117871,0.4250091048843059,4,qUCB,0.34,0.16,0.42,0.04,0.0,0.0,0.0,0.0,0.04,0.0,0.0,0.0,0.0,0.0,0.0
12,4,2,3,False,0.513226726157632,0.7546490219941231,0,qEHVI,0.72,0.18,0.02,0.0,0.02,0.0,0.0,0.0,0.0,0.0,0.0,0.0,0.0,0.02,0.04
12,4,2,3,False,0.513226726157632,0.7546490219941231,1,qEHVI,0.46,0.16,0.3,0.0,0.04,0.0,0.0,0.0,0.0,0.0,0.0,0.0,0.0,0.0,0.04
12,4,2,3,False,0.513226726157632,0.7546490219941231,2,qUCB,0.32,0.14,0.44,0.02,0.0,0.0,0.0,0.0,0.04,0.0,0.0,0.04,0.0,0.0,0.0
12,4,2,3,False,0.513226726157632,0.7546490219941231,3,qUCB,0.4,0.06,0.44,0.04,0.0,0.0,0.0,0.0,0.04,0.0,0.0,0.02,0.0,0.0,0.0
12,4,2,3,False,0.513226726157632,0.7546490219941231,4,qUCB,0.0,0.3,0.62,0.04,0.0,0.0,0.0,0.0,0.0,0.0,0.0,0.04,0.0,0.0,0.0
12,5,1,4,False,0.4100966828271145,0.1464385293134402,0,qEHVI,0.72,0.18,0.02,0.0,0.02,0.0,0.0,0.0,0.0,0.0,0.0,0.0,0.0,0.02,0.04
12,5,1,4,False,0.4100966828271145,0.1464385293134402,1,qUCB,0.32,0.14,0.44,0.02,0.0,0.0,0.0,0.0,0.04,0.0,0.0,0.04,0.0,0.0,0.0
12,5,1,4,False,0.4100966828271145,0.1464385293134402,2,qUCB,0.4,0.06,0.44,0.04,0.0,0.0,0.0,0.0,0.04,0.0,0.0,0.02,0.0,0.0,0.0
12,5,1,4,False,0.4100966828271145,0.1464385293134402,3,qUCB,0.0,0.3,0.62,0.04,0.0,0.0,0.0,0.0,0.0,0.0,0.0,0.04,0.0,0.0,0.0
12,5,1,4,False,0.4100966828271145,0.1464385293134402,4,qUCB,0.56,0.02,0.32,0.04,0.0,0.0,0.0,0.0,0.02,0.0,0.0,0.04,0.0,0.0,0.0
12,6,0,5,False,0.3203153181248146,0.21615697059162642,0,qUCB,0.44,0.08,0.38,0.02,0.02,0.0,0.0,0.0,0.02,0.0,0.0,0.0,0.0,0.0,0.04
12,6,0,5,False,0.3203153181248146,0.21615697059162642,1,qUCB,0.38,0.14,0.38,0.02,0.0,0.0,0.0,0.0,0.0,0.0,0.0,0.04,0.0,0.0,0.04
12,6,0,5,False,0.3203153181248146,0.21615697059162642,2,qUCB,0.46,0.06,0.38,0.04,0.04,0.0,0.0,0.0,0.0,0.0,0.0,0.0,0.0,0.0,0.02
12,6,0,5,False,0.3203153181248146,0.21615697059162642,3,qUCB,0.34,0.16,0.4,0.0,0.0,0.0,0.0,0.0,0.02,0.0,0.0,0.04,0.0,0.04,0.0
12,6,0,5,False,0.3203153181248146,0.21615697059162642,4,qUCB,0.46,0.34,0.12,0.0,0.04,0.0,0.0,0.0,0.0,0.0,0.0,0.0,0.0,0.0,0.04
13,1,5,0,False,0.7731973377387801,0.2667233161675542,0,qEHVI,0.42,0.16,0.32,0.0,0.04,0.0,0.0,0.0,0.02,0.0,0.0,0.0,0.0,0.04,0.0
13,1,5,0,False,0.7731973377387801,0.2667233161675542,1,qEHVI,0.56,0.32,0.02,0.0,0.04,0.0,0.0,0.0,0.02,0.0,0.0,0.04,0.0,0.0,0.0
13,1,5,0,False,0.7731973377387801,0.2667233161675542,2,qEHVI,0.44,0.0,0.46,0.02,0.0,0.0,0.0,0.0,0.0,0.0,0.0,0.04,0.0,0.02,0.02
13,1,5,0,False,0.7731973377387801,0.2667233161675542,3,qEHVI,0.4,0.22,0.3,0.02,0.02,0.0,0.0,0.0,0.0,0.0,0.0,0.04,0.0,0.0,0.0
13,1,5,0,False,0.7731973377387801,0.2667233161675542,4,qEHVI,0.66,0.16,0.08,0.0,0.04,0.0,0.0,0.0,0.0,0.0,0.0,0.04,0.0,0.0,0.02
13,2,4,1,False,0.7272861273182195,0.13684011869556745,0,qEHVI,0.42,0.16,0.32,0.0,0.04,0.0,0.0,0.0,0.02,0.0,0.0,0.0,0.0,0.04,0.0
13,2,4,1,False,0.7272861273182195,0.13684011869556745,1,qEHVI,0.56,0.32,0.02,0.0,0.04,0.0,0.0,0.0,0.02,0.0,0.0,0.04,0.0,0.0,0.0
13,2,4,1,False,0.7272861273182195,0.13684011869556745,2,qEHVI,0.44,0.0,0.46,0.02,0.0,0.0,0.0,0.0,0.0,0.0,0.0,0.04,0.0,0.02,0.02
13,2,4,1,False,0.7272861273182195,0.13684011869556745,3,qEHVI,0.4,0.22,0.3,0.02,0.02,0.0,0.0,0.0,0.0,0.0,0.0,0.04,0.0,0.0,0.0
13,2,4,1,False,0.7272861273182195,0.13684011869556745,4,qUCB,0.44,0.1,0.38,0.0,0.0,0.0,0.0,0.0,0.04,0.0,0.0,0.0,0.0,0.0,0.04
13,3,3,2,True,0.610642553993938,0.3062166040230607,0,qEHVI,0.42,0.16,0.32,0.0,0.04,0.0,0.0,0.0,0.02,0.0,0.0,0.0,0.0,0.04,0.0
13,3,3,2,True,0.610642553993938,0.3062166040230607,1,qEHVI,0.56,0.32,0.02,0.0,0.04,0.0,0.0,0.0,0.02,0.0,0.0,0.04,0.0,0.0,0.0
13,3,3,2,True,0.610642553993938,0.3062166040230607,2,qEHVI,0.44,0.0,0.46,0.02,0.0,0.0,0.0,0.0,0.0,0.0,0.0,0.04,0.0,0.02,0.02
13,3,3,2,True,0.610642553993938,0.3062166040230607,3,qUCB,0.44,0.1,0.38,0.0,0.0,0.0,0.0,0.0,0.04,0.0,0.0,0.0,0.0,0.0,0.04
13,3,3,2,True,0.610642553993938,0.3062166040230607,4,qUCB,0.0,0.3,0.64,0.04,0.0,0.0,0.0,0.0,0.02,0.0,0.0,0.0,0.0,0.0,0.0
13,4,2,3,False,0.40000847119944316,0.3006551608986765,0,qEHVI,0.42,0.16,0.32,0.0,0.04,0.0,0.0,0.0,0.02,0.0,0.0,0.0,0.0,0.04,0.0
13,4,2,3,False,0.40000847119944316,0.3006551608986765,1,qEHVI,0.56,0.32,0.02,0.0,0.04,0.0,0.0,0.0,0.02,0.0,0.0,0.04,0.0,0.0,0.0
13,4,2,3,False,0.40000847119944316,0.3006551608986765,2,qUCB,0.48,0.26,0.16,0.04,0.0,0.0,0.0,0.0,0.02,0.0,0.0,0.0,0.0,0.0,0.04
13,4,2,3,False,0.40000847119944316,0.3006551608986765,3,qUCB,0.0,0.26,0.66,0.04,0.0,0.0,0.0,0.0,0.02,0.0,0.0,0.0,0.0,0.0,0.02
13,4,2,3,False,0.40000847119944316,0.3006551608986765,4,qUCB,0.04,0.68,0.2,0.04,0.0,0.0,0.0,0.0,0.0,0.0,0.0,0.0,0.0,0.0,0.04
13,5,1,4,False,0.2822077956077451,0.1674869953010809,0,qEHVI,0.42,0.16,0.32,0.0,0.04,0.0,0.0,0.0,0.02,0.0,0.0,0.0,0.0,0.04,0.0
13,5,1,4,False,0.2822077956077451,0.1674869953010809,1,qUCB,0.6,0.24,0.06,0.02,0.0,0.0,0.0,0.0,0.0,0.0,0.0,0.04,0.0,0.0,0.04
13,5,1,4,False,0.2822077956077451,0.1674869953010809,2,qUCB,0.0,0.26,0.66,0.04,0.0,0.0,0.0,0.0,0.02,0.0,0.0,0.0,0.0,0.0,0.02
13,5,1,4,False,0.2822077956077451,0.1674869953010809,3,qUCB,0.34,0.34,0.22,0.04,0.0,0.0,0.0,0.0,0.0,0.0,0.0,0.04,0.0,0.0,0.02
13,5,1,4,False,0.2822077956077451,0.1674869953010809,4,qUCB,0.0,0.68,0.22,0.04,0.0,0.0,0.0,0.0,0.0,0.0,0.0,0.04,0.0,0.0,0.02
13,6,0,5,False,0.2921374676685337,0.12168040167382621,0,qUCB,0.56,0.32,0.02,0.0,0.04,0.0,0.0,0.0,0.02,0.0,0.0,0.04,0.0,0.0,0.0
13,6,0,5,False,0.2921374676685337,0.12168040167382621,1,qUCB,0.78,0.02,0.1,0.0,0.04,0.0,0.0,0.0,0.02,0.0,0.0,0.04,0.0,0.0,0.0
13,6,0,5,False,0.2921374676685337,0.12168040167382621,2,qUCB,0.0,0.3,0.64,0.04,0.0,0.0,0.0,0.0,0.02,0.0,0.0,0.0,0.0,0.0,0.0
13,6,0,5,False,0.2921374676685337,0.12168040167382621,3,qUCB,0.36,0.34,0.2,0.04,0.02,0.0,0.0,0.0,0.0,0.0,0.0,0.0,0.0,0.0,0.04
13,6,0,5,False,0.2921374676685337,0.12168040167382621,4,qUCB,0.0,0.28,0.62,0.0,0.0,0.0,0.0,0.0,0.0,0.0,0.0,0.04,0.0,0.02,0.04
14,1,5,0,True,1.3634284364766518,0.43579484438352,0,qEHVI,0.42,0.18,0.3,0.04,0.0,0.0,0.0,0.0,0.0,0.0,0.0,0.04,0.0,0.0,0.02
14,1,5,0,True,1.3634284364766518,0.43579484438352,1,qEHVI,0.4,0.08,0.42,0.0,0.0,0.0,0.0,0.0,0.0,0.0,0.0,0.02,0.0,0.04,0.04
14,1,5,0,True,1.3634284364766518,0.43579484438352,2,qEHVI,0.4,0.18,0.32,0.0,0.02,0.0,0.0,0.0,0.04,0.0,0.0,0.04,0.0,0.0,0.0
14,1,5,0,True,1.3634284364766518,0.43579484438352,3,qEHVI,0.42,0.04,0.44,0.0,0.04,0.0,0.0,0.0,0.02,0.0,0.0,0.02,0.0,0.02,0.0
14,1,5,0,True,1.3634284364766518,0.43579484438352,4,qEHVI,0.44,0.12,0.34,0.04,0.0,0.0,0.0,0.0,0.02,0.0,0.0,0.02,0.0,0.02,0.0
14,2,4,1,False,1.301982583581766,0.02227938559618714,0,qEHVI,0.42,0.18,0.3,0.04,0.0,0.0,0.0,0.0,0.0,0.0,0.0,0.04,0.0,0.0,0.02
14,2,4,1,False,1.301982583581766,0.02227938559618714,1,qEHVI,0.4,0.08,0.42,0.0,0.0,0.0,0.0,0.0,0.0,0.0,0.0,0.02,0.0,0.04,0.04
14,2,4,1,False,1.301982583581766,0.02227938559618714,2,qEHVI,0.44,0.12,0.34,0.04,0.0,0.0,0.0,0.0,0.02,0.0,0.0,0.02,0.0,0.02,0.0
14,2,4,1,False,1.301982583581766,0.02227938559618714,3,qEHVI,0.4,0.18,0.32,0.0,0.02,0.0,0.0,0.0,0.04,0.0,0.0,0.04,0.0,0.0,0.0
14,2,4,1,False,1.301982583581766,0.02227938559618714,4,qUCB,0.4,0.1,0.4,0.0,0.04,0.0,0.0,0.0,0.02,0.0,0.0,0.0,0.0,0.0,0.04
14,3,3,2,False,1.0952790025510735,0.17676151705882504,0,qEHVI,0.42,0.18,0.3,0.04,0.0,0.0,0.0,0.0,0.0,0.0,0.0,0.04,0.0,0.0,0.02
14,3,3,2,False,1.0952790025510735,0.17676151705882504,1,qEHVI,0.4,0.08,0.42,0.0,0.0,0.0,0.0,0.0,0.0,0.0,0.0,0.02,0.0,0.04,0.04
14,3,3,2,False,1.0952790025510735,0.17676151705882504,2,qEHVI,0.44,0.12,0.34,0.04,0.0,0.0,0.0,0.0,0.02,0.0,0.0,0.02,0.0,0.02,0.0
14,3,3,2,False,1.0952790025510735,0.17676151705882504,3,qUCB,0.34,0.14,0.42,0.0,0.04,0.0,0.0,0.0,0.04,0.0,0.0,0.0,0.0,0.0,0.02
14,3,3,2,False,1.0952790025510735,0.17676151705882504,4,qUCB,0.46,0.44,0.0,0.0,0.04,0.0,0.0,0.0,0.04,0.0,0.0,0.0,0.0,0.0,0.02
14,4,2,3,False,0.8332810116674255,0.45433607276337007,0,qEHVI,0.42,0.18,0.3,0.04,0.0,0.0,0.0,0.0,0.0,0.0,0.0,0.04,0.0,0.0,0.02
14,4,2,3,False,0.8332810116674255,0.45433607276337007,1,qEHVI,0.4,0.08,0.42,0.0,0.0,0.0,0.0,0.0,0.0,0.0,0.0,0.02,0.0,0.04,0.04
14,4,2,3,False,0.8332810116674255,0.45433607276337007,2,qUCB,0.5,0.06,0.36,0.0,0.04,0.0,0.0,0.0,0.04,0.0,0.0,0.0,0.0,0.0,0.0
14,4,2,3,False,0.8332810116674255,0.45433607276337007,3,qUCB,0.6,0.24,0.08,0.0,0.04,0.0,0.0,0.0,0.04,0.0,0.0,0.0,0.0,0.0,0.0
14,4,2,3,False,0.8332810116674255,0.45433607276337007,4,qUCB,0.5,0.4,0.02,0.0,0.04,0.0,0.0,0.0,0.04,0.0,0.0,0.0,0.0,0.0,0.0
14,5,1,4,False,0.8440277723026165,0.11364634428394238,0,qEHVI,0.42,0.18,0.3,0.04,0.0,0.0,0.0,0.0,0.0,0.0,0.0,0.04,0.0,0.0,0.02
14,5,1,4,False,0.8440277723026165,0.11364634428394238,1,qUCB,0.4,0.12,0.4,0.0,0.0,0.0,0.0,0.0,0.04,0.0,0.0,0.0,0.0,0.04,0.0
14,5,1,4,False,0.8440277723026165,0.11364634428394238,2,qUCB,0.44,0.08,0.4,0.0,0.04,0.0,0.0,0.0,0.0,0.0,0.0,0.0,0.0,0.04,0.0
14,5,1,4,False,0.8440277723026165,0.11364634428394238,3,qUCB,0.02,0.88,0.02,0.0,0.0,0.0,0.0,0.0,0.04,0.0,0.0,0.0,0.0,0.04,0.0
14,5,1,4,False,0.8440277723026165,0.11364634428394238,4,qUCB,0.54,0.0,0.36,0.0,0.02,0.0,0.0,0.0,0.04,0.0,0.0,0.0,0.0,0.04,0.0
14,6,0,5,False,0.44344905364845316,0.12920528232186723,0,qUCB,0.44,0.08,0.38,0.02,0.04,0.0,0.0,0.0,0.04,0.0,0.0,0.0,0.0,0.0,0.0
14,6,0,5,False,0.44344905364845316,0.12920528232186723,1,qUCB,0.4,0.12,0.38,0.04,0.0,0.0,0.0,0.0,0.02,0.0,0.0,0.04,0.0,0.0,0.0
14,6,0,5,False,0.44344905364845316,0.12920528232186723,2,qUCB,0.38,0.52,0.0,0.04,0.0,0.0,0.0,0.0,0.0,0.0,0.0,0.04,0.0,0.0,0.02
14,6,0,5,False,0.44344905364845316,0.12920528232186723,3,qUCB,0.5,0.3,0.12,0.04,0.0,0.0,0.0,0.0,0.0,0.0,0.0,0.04,0.0,0.0,0.0
14,6,0,5,False,0.44344905364845316,0.12920528232186723,4,qUCB,0.76,0.04,0.12,0.0,0.0,0.0,0.0,0.0,0.0,0.0,0.0,0.04,0.0,0.0,0.04
15,1,5,0,False,1.5335276097064376,0.1290829705588612,0,qEHVI,0.4,0.2,0.32,0.04,0.0,0.0,0.0,0.0,0.0,0.0,0.0,0.04,0.0,0.0,0.0
15,1,5,0,False,1.5335276097064376,0.1290829705588612,1,qEHVI,0.42,0.06,0.42,0.02,0.04,0.0,0.0,0.0,0.02,0.0,0.0,0.0,0.0,0.0,0.02
15,1,5,0,False,1.5335276097064376,0.1290829705588612,2,qEHVI,0.7000000000000001,0.1,0.1,0.0,0.02,0.0,0.0,0.0,0.02,0.0,0.0,0.04,0.0,0.0,0.02
15,1,5,0,False,1.5335276097064376,0.1290829705588612,3,qEHVI,0.4,0.1,0.4,0.0,0.0,0.0,0.0,0.0,0.04,0.0,0.0,0.04,0.0,0.02,0.0
15,1,5,0,False,1.5335276097064376,0.1290829705588612,4,qEHVI,0.42,0.14,0.34,0.04,0.02,0.0,0.0,0.0,0.02,0.0,0.0,0.0,0.0,0.0,0.02
15,2,4,1,False,1.4447203870659904,0.25372642791715716,0,qEHVI,0.4,0.2,0.32,0.04,0.0,0.0,0.0,0.0,0.0,0.0,0.0,0.04,0.0,0.0,0.0
15,2,4,1,False,1.4447203870659904,0.25372642791715716,1,qEHVI,0.42,0.06,0.42,0.02,0.04,0.0,0.0,0.0,0.02,0.0,0.0,0.0,0.0,0.0,0.02
15,2,4,1,False,1.4447203870659904,0.25372642791715716,2,qEHVI,0.7000000000000001,0.1,0.1,0.0,0.02,0.0,0.0,0.0,0.02,0.0,0.0,0.04,0.0,0.0,0.02
15,2,4,1,False,1.4447203870659904,0.25372642791715716,3,qEHVI,0.4,0.1,0.4,0.0,0.0,0.0,0.0,0.0,0.04,0.0,0.0,0.04,0.0,0.02,0.0
15,2,4,1,False,1.4447203870659904,0.25372642791715716,4,qUCB,0.5,0.5,0.0,0.0,0.0,0.0,0.0,0.0,0.0,0.0,0.0,0.0,0.0,0.0,0.0
15,3,3,2,True,1.3366933176596887,0.11031710323161592,0,qEHVI,0.4,0.2,0.32,0.04,0.0,0.0,0.0,0.0,0.0,0.0,0.0,0.04,0.0,0.0,0.0
15,3,3,2,True,1.3366933176596887,0.11031710323161592,1,qEHVI,0.42,0.06,0.42,0.02,0.04,0.0,0.0,0.0,0.02,0.0,0.0,0.0,0.0,0.0,0.02
15,3,3,2,True,1.3366933176596887,0.11031710323161592,2,qEHVI,0.7000000000000001,0.1,0.1,0.0,0.02,0.0,0.0,0.0,0.02,0.0,0.0,0.04,0.0,0.0,0.02
15,3,3,2,True,1.3366933176596887,0.11031710323161592,3,qUCB,0.5,0.5,0.0,0.0,0.0,0.0,0.0,0.0,0.0,0.0,0.0,0.0,0.0,0.0,0.0
15,3,3,2,True,1.3366933176596887,0.11031710323161592,4,qUCB,0.0,0.7000000000000001,0.28,0.0,0.0,0.0,0.0,0.0,0.0,0.0,0.0,0.0,0.0,0.0,0.02
15,4,2,3,False,1.265879603404255,0.04676448341835249,0,qEHVI,0.4,0.2,0.32,0.04,0.0,0.0,0.0,0.0,0.0,0.0,0.0,0.04,0.0,0.0,0.0
15,4,2,3,False,1.265879603404255,0.04676448341835249,1,qEHVI,0.42,0.06,0.42,0.02,0.04,0.0,0.0,0.0,0.02,0.0,0.0,0.0,0.0,0.0,0.02
15,4,2,3,False,1.265879603404255,0.04676448341835249,2,qUCB,0.36,0.14,0.4,0.0,0.0,0.0,0.0,0.0,0.04,0.0,0.0,0.02,0.0,0.04,0.0
15,4,2,3,False,1.265879603404255,0.04676448341835249,3,qUCB,0.0,0.7000000000000001,0.28,0.0,0.0,0.0,0.0,0.0,0.0,0.0,0.0,0.0,0.0,0.0,0.02
15,4,2,3,False,1.265879603404255,0.04676448341835249,4,qUCB,0.78,0.0,0.12,0.0,0.02,0.0,0.0,0.0,0.0,0.0,0.0,0.04,0.0,0.0,0.04
15,5,1,4,False,0.6824202395555842,0.05044386620054375,0,qEHVI,0.4,0.2,0.32,0.04,0.0,0.0,0.0,0.0,0.0,0.0,0.0,0.04,0.0,0.0,0.0
15,5,1,4,False,0.6824202395555842,0.05044386620054375,1,qUCB,0.66,0.1,0.14,0.0,0.04,0.0,0.0,0.0,0.02,0.0,0.0,0.0,0.0,0.0,0.04
15,5,1,4,False,0.6824202395555842,0.05044386620054375,2,qUCB,0.0,0.66,0.24,0.0,0.0,0.0,0.0,0.0,0.02,0.0,0.0,0.0,0.0,0.04,0.04
15,5,1,4,False,0.6824202395555842,0.05044386620054375,3,qUCB,0.42,0.48,0.0,0.0,0.02,0.0,0.0,0.0,0.04,0.0,0.0,0.0,0.0,0.0,0.04
15,5,1,4,False,0.6824202395555842,0.05044386620054375,4,qUCB,0.0,0.9400000000000001,0.0,0.0,0.0,0.0,0.0,0.0,0.04,0.0,0.0,0.0,0.0,0.0,0.02
15,6,0,5,False,0.4333673241859213,0.23600085232736134,0,qUCB,0.78,0.02,0.1,0.0,0.04,0.0,0.0,0.0,0.02,0.0,0.0,0.04,0.0,0.0,0.0
15,6,0,5,False,0.4333673241859213,0.23600085232736134,1,qUCB,0.52,0.22,0.16,0.04,0.04,0.0,0.0,0.0,0.0,0.0,0.0,0.0,0.0,0.0,0.02
15,6,0,5,False,0.4333673241859213,0.23600085232736134,2,qUCB,0.0,0.7000000000000001,0.28,0.0,0.0,0.0,0.0,0.0,0.0,0.0,0.0,0.0,0.0,0.0,0.02
15,6,0,5,False,0.4333673241859213,0.23600085232736134,3,qUCB,0.5,0.5,0.0,0.0,0.0,0.0,0.0,0.0,0.0,0.0,0.0,0.0,0.0,0.0,0.0
15,6,0,5,False,0.4333673241859213,0.23600085232736134,4,qUCB,0.44,0.46,0.0,0.04,0.02,0.0,0.0,0.0,0.0,0.0,0.0,0.04,0.0,0.0,0.0
16,1,5,0,False,1.0594008845391805,0.4850649814946344,0,qEHVI,0.34,0.26,0.3,0.0,0.0,0.0,0.0,0.0,0.04,0.0,0.0,0.04,0.0,0.02,0.0
16,1,5,0,False,1.0594008845391805,0.4850649814946344,1,qEHVI,0.46,0.06,0.4,0.0,0.0,0.0,0.0,0.0,0.04,0.0,0.0,0.04,0.0,0.0,0.0
16,1,5,0,False,1.0594008845391805,0.4850649814946344,2,qEHVI,0.46,0.14,0.3,0.04,0.0,0.0,0.0,0.0,0.02,0.0,0.0,0.02,0.0,0.0,0.02
16,1,5,0,False,1.0594008845391805,0.4850649814946344,3,qEHVI,0.46,0.04,0.4,0.04,0.0,0.0,0.0,0.0,0.0,0.0,0.0,0.04,0.0,0.0,0.02
16,1,5,0,False,1.0594008845391805,0.4850649814946344,4,qEHVI,0.56,0.3,0.04,0.0,0.02,0.0,0.0,0.0,0.0,0.0,0.0,0.04,0.0,0.0,0.04
16,2,4,1,False,1.019771064360322,0.16246829956114794,0,qEHVI,0.34,0.26,0.3,0.0,0.0,0.0,0.0,0.0,0.04,0.0,0.0,0.04,0.0,0.02,0.0
16,2,4,1,False,1.019771064360322,0.16246829956114794,1,qEHVI,0.46,0.06,0.4,0.0,0.0,0.0,0.0,0.0,0.04,0.0,0.0,0.04,0.0,0.0,0.0
16,2,4,1,False,1.019771064360322,0.16246829956114794,2,qEHVI,0.46,0.14,0.3,0.04,0.0,0.0,0.0,0.0,0.02,0.0,0.0,0.02,0.0,0.0,0.02
16,2,4,1,False,1.019771064360322,0.16246829956114794,3,qEHVI,0.46,0.04,0.4,0.04,0.0,0.0,0.0,0.0,0.0,0.0,0.0,0.04,0.0,0.0,0.02
16,2,4,1,False,1.019771064360322,0.16246829956114794,4,qUCB,0.44,0.06,0.42,0.0,0.04,0.0,0.0,0.0,0.0,0.0,0.0,0.0,0.0,0.04,0.0
16,3,3,2,True,0.839426784194354,0.3385323218019698,0,qEHVI,0.34,0.26,0.3,0.0,0.0,0.0,0.0,0.0,0.04,0.0,0.0,0.04,0.0,0.02,0.0
16,3,3,2,True,0.839426784194354,0.3385323218019698,1,qEHVI,0.46,0.06,0.4,0.0,0.0,0.0,0.0,0.0,0.04,0.0,0.0,0.04,0.0,0.0,0.0
16,3,3,2,True,0.839426784194354,0.3385323218019698,2,qEHVI,0.46,0.14,0.3,0.04,0.0,0.0,0.0,0.0,0.02,0.0,0.0,0.02,0.0,0.0,0.02
16,3,3,2,True,0.839426784194354,0.3385323218019698,3,qUCB,0.44,0.06,0.42,0.0,0.04,0.0,0.0,0.0,0.0,0.0,0.0,0.0,0.0,0.04,0.0
16,3,3,2,True,0.839426784194354,0.3385323218019698,4,qUCB,0.22,0.48,0.22,0.0,0.04,0.0,0.0,0.0,0.0,0.0,0.0,0.0,0.0,0.0,0.04
16,4,2,3,False,0.5829312002777095,0.2200847326784432,0,qEHVI,0.34,0.26,0.3,0.0,0.0,0.0,0.0,0.0,0.04,0.0,0.0,0.04,0.0,0.02,0.0
16,4,2,3,False,0.5829312002777095,0.2200847326784432,1,qEHVI,0.46,0.06,0.4,0.0,0.0,0.0,0.0,0.0,0.04,0.0,0.0,0.04,0.0,0.0,0.0
16,4,2,3,False,0.5829312002777095,0.2200847326784432,2,qUCB,0.32,0.38,0.2,0.02,0.04,0.0,0.0,0.0,0.0,0.0,0.0,0.0,0.0,0.0,0.04
16,4,2,3,False,0.5829312002777095,0.2200847326784432,3,qUCB,0.36,0.34,0.22,0.04,0.04,0.0,0.0,0.0,0.0,0.0,0.0,0.0,0.0,0.0,0.0
16,4,2,3,False,0.5829312002777095,0.2200847326784432,4,qUCB,0.22,0.48,0.22,0.0,0.04,0.0,0.0,0.0,0.0,0.0,0.0,0.0,0.0,0.0,0.04
16,5,1,4,False,0.32869715379715075,1.5453470615342866,0,qEHVI,0.34,0.26,0.3,0.0,0.0,0.0,0.0,0.0,0.04,0.0,0.0,0.04,0.0,0.02,0.0
16,5,1,4,False,0.32869715379715075,1.5453470615342866,1,qUCB,0.32,0.38,0.2,0.02,0.04,0.0,0.0,0.0,0.0,0.0,0.0,0.0,0.0,0.0,0.04
16,5,1,4,False,0.32869715379715075,1.5453470615342866,2,qUCB,0.36,0.34,0.22,0.04,0.04,0.0,0.0,0.0,0.0,0.0,0.0,0.0,0.0,0.0,0.0
16,5,1,4,False,0.32869715379715075,1.5453470615342866,3,qUCB,0.22,0.48,0.22,0.0,0.04,0.0,0.0,0.0,0.0,0.0,0.0,0.0,0.0,0.0,0.04
16,5,1,4,False,0.32869715379715075,1.5453470615342866,4,qUCB,0.56,0.22,0.14,0.04,0.0,0.0,0.0,0.0,0.0,0.0,0.0,0.0,0.0,0.0,0.04
16,6,0,5,False,0.034922340630033896,0.21430651147407875,0,qUCB,0.36,0.34,0.2,0.04,0.0,0.0,0.0,0.0,0.02,0.0,0.0,0.0,0.0,0.0,0.04
16,6,0,5,False,0.034922340630033896,0.21430651147407875,1,qUCB,0.22,0.48,0.22,0.0,0.04,0.0,0.0,0.0,0.0,0.0,0.0,0.0,0.0,0.0,0.04
16,6,0,5,False,0.034922340630033896,0.21430651147407875,2,qUCB,0.18,0.5,0.22,0.04,0.0,0.0,0.0,0.0,0.0,0.0,0.0,0.04,0.0,0.02,0.0
16,6,0,5,False,0.034922340630033896,0.21430651147407875,3,qUCB,0.34,0.56,0.0,0.04,0.02,0.0,0.0,0.0,0.0,0.0,0.0,0.04,0.0,0.0,0.0
16,6,0,5,False,0.034922340630033896,0.21430651147407875,4,qUCB,0.32,0.46,0.22,0.0,0.0,0.0,0.0,0.0,0.0,0.0,0.0,0.0,0.0,0.0,0.0
17,1,5,0,False,0.9528162722926845,0.23107670031951066,0,qEHVI,0.42,0.18,0.3,0.04,0.02,0.0,0.0,0.0,0.0,0.0,0.0,0.04,0.0,0.0,0.0
17,1,5,0,False,0.9528162722926845,0.23107670031951066,1,qEHVI,0.44,0.02,0.44,0.0,0.0,0.0,0.0,0.0,0.0,0.0,0.0,0.04,0.0,0.04,0.02
17,1,5,0,False,0.9528162722926845,0.23107670031951066,2,qEHVI,0.44,0.16,0.32,0.04,0.0,0.0,0.0,0.0,0.02,0.0,0.0,0.02,0.0,0.0,0.0
17,1,5,0,False,0.9528162722926845,0.23107670031951066,3,qEHVI,0.42,0.06,0.42,0.02,0.04,0.0,0.0,0.0,0.0,0.0,0.0,0.0,0.0,0.0,0.04
17,1,5,0,False,0.9528162722926845,0.23107670031951066,4,qEHVI,0.4,0.2,0.32,0.0,0.02,0.0,0.0,0.0,0.02,0.0,0.0,0.0,0.0,0.0,0.04
17,2,4,1,False,0.8789980985297455,0.07801374509864623,0,qEHVI,0.42,0.18,0.3,0.04,0.02,0.0,0.0,0.0,0.0,0.0,0.0,0.04,0.0,0.0,0.0
17,2,4,1,False,0.8789980985297455,0.07801374509864623,1,qEHVI,0.44,0.02,0.44,0.0,0.0,0.0,0.0,0.0,0.0,0.0,0.0,0.04,0.0,0.04,0.02
17,2,4,1,False,0.8789980985297455,0.07801374509864623,2,qEHVI,0.44,0.16,0.32,0.04,0.0,0.0,0.0,0.0,0.02,0.0,0.0,0.02,0.0,0.0,0.0
17,2,4,1,False,0.8789980985297455,0.07801374509864623,3,qEHVI,0.42,0.06,0.42,0.02,0.04,0.0,0.0,0.0,0.0,0.0,0.0,0.0,0.0,0.0,0.04
17,2,4,1,False,0.8789980985297455,0.07801374509864623,4,qUCB,0.48,0.04,0.38,0.0,0.0,0.0,0.0,0.0,0.04,0.0,0.0,0.0,0.0,0.02,0.04
17,3,3,2,True,0.7482367580423359,0.32253259573929416,0,qEHVI,0.42,0.18,0.3,0.04,0.02,0.0,0.0,0.0,0.0,0.0,0.0,0.04,0.0,0.0,0.0
17,3,3,2,True,0.7482367580423359,0.32253259573929416,1,qEHVI,0.44,0.02,0.44,0.0,0.0,0.0,0.0,0.0,0.0,0.0,0.0,0.04,0.0,0.04,0.02
17,3,3,2,True,0.7482367580423359,0.32253259573929416,2,qEHVI,0.44,0.16,0.32,0.04,0.0,0.0,0.0,0.0,0.02,0.0,0.0,0.02,0.0,0.0,0.0
17,3,3,2,True,0.7482367580423359,0.32253259573929416,3,qUCB,0.54,0.24,0.12,0.0,0.04,0.0,0.0,0.0,0.02,0.0,0.0,0.0,0.0,0.0,0.04
17,3,3,2,True,0.7482367580423359,0.32253259573929416,4,qUCB,0.78,0.02,0.12,0.0,0.04,0.0,0.0,0.0,0.0,0.0,0.0,0.0,0.0,0.0,0.04
17,4,2,3,False,0.6412133135073349,0.07053061083391787,0,qEHVI,0.42,0.18,0.3,0.04,0.02,0.0,0.0,0.0,0.0,0.0,0.0,0.04,0.0,0.0,0.0
17,4,2,3,False,0.6412133135073349,0.07053061083391787,1,qEHVI,0.44,0.02,0.44,0.0,0.0,0.0,0.0,0.0,0.0,0.0,0.0,0.04,0.0,0.04,0.02
17,4,2,3,False,0.6412133135073349,0.07053061083391787,2,qUCB,0.44,0.08,0.38,0.0,0.02,0.0,0.0,0.0,0.04,0.0,0.0,0.0,0.0,0.0,0.04
17,4,2,3,False,0.6412133135073349,0.07053061083391787,3,qUCB,0.08,0.84,0.0,0.0,0.0,0.0,0.0,0.0,0.04,0.0,0.0,0.0,0.0,0.0,0.04
17,4,2,3,False,0.6412133135073349,0.07053061083391787,4,qUCB,0.78,0.02,0.12,0.0,0.04,0.0,0.0,0.0,0.0,0.0,0.0,0.0,0.0,0.0,0.04
17,5,1,4,False,0.46014621056685817,0.20858773076396186,0,qEHVI,0.42,0.18,0.3,0.04,0.02,0.0,0.0,0.0,0.0,0.0,0.0,0.04,0.0,0.0,0.0
17,5,1,4,False,0.46014621056685817,0.20858773076396186,1,qUCB,0.36,0.14,0.4,0.0,0.0,0.0,0.0,0.0,0.02,0.0,0.0,0.0,0.0,0.04,0.04
17,5,1,4,False,0.46014621056685817,0.20858773076396186,2,qUCB,0.48,0.04,0.38,0.0,0.0,0.0,0.0,0.0,0.04,0.0,0.0,0.0,0.0,0.02,0.04
17,5,1,4,False,0.46014621056685817,0.20858773076396186,3,qUCB,0.08,0.84,0.0,0.0,0.0,0.0,0.0,0.0,0.04,0.0,0.0,0.0,0.0,0.0,0.04
17,5,1,4,False,0.46014621056685817,0.20858773076396186,4,qUCB,0.78,0.0,0.12,0.0,0.0,0.0,0.0,0.0,0.04,0.0,0.0,0.0,0.0,0.02,0.04
17,6,0,5,False,0.0991965333880455,0.29250354387384303,0,qUCB,0.46,0.32,0.12,0.04,0.02,0.0,0.0,0.0,0.0,0.0,0.0,0.04,0.0,0.0,0.0
17,6,0,5,False,0.0991965333880455,0.29250354387384303,1,qUCB,0.42,0.5,0.0,0.04,0.02,0.0,0.0,0.0,0.0,0.0,0.0,0.02,0.0,0.0,0.0
17,6,0,5,False,0.0991965333880455,0.29250354387384303,2,qUCB,0.58,0.24,0.1,0.04,0.0,0.0,0.0,0.0,0.0,0.0,0.0,0.04,0.0,0.0,0.0
17,6,0,5,False,0.0991965333880455,0.29250354387384303,3,qUCB,0.42,0.08,0.4,0.04,0.0,0.0,0.0,0.0,0.0,0.0,0.0,0.0,0.0,0.04,0.02
17,6,0,5,False,0.0991965333880455,0.29250354387384303,4,qUCB,0.92,0.0,0.08,0.0,0.0,0.0,0.0,0.0,0.0,0.0,0.0,0.0,0.0,0.0,0.0
18,1,5,0,False,1.0394937769922934,0.1393804850572078,0,qEHVI,0.44,0.16,0.3,0.04,0.0,0.0,0.0,0.0,0.04,0.0,0.0,0.02,0.0,0.0,0.0
18,1,5,0,False,1.0394937769922934,0.1393804850572078,1,qEHVI,0.44,0.04,0.42,0.04,0.0,0.0,0.0,0.0,0.02,0.0,0.0,0.04,0.0,0.0,0.0
18,1,5,0,False,1.0394937769922934,0.1393804850572078,2,qEHVI,0.46,0.12,0.32,0.02,0.0,0.0,0.0,0.0,0.0,0.0,0.0,0.0,0.0,0.04,0.04
18,1,5,0,False,1.0394937769922934,0.1393804850572078,3,qEHVI,0.42,0.1,0.4,0.0,0.0,0.0,0.0,0.0,0.04,0.0,0.0,0.0,0.0,0.0,0.04
18,1,5,0,False,1.0394937769922934,0.1393804850572078,4,qEHVI,0.52,0.36,0.02,0.0,0.02,0.0,0.0,0.0,0.0,0.0,0.0,0.04,0.0,0.0,0.04
18,2,4,1,False,0.9951092472406904,0.12634178071059665,0,qEHVI,0.44,0.16,0.3,0.04,0.0,0.0,0.0,0.0,0.04,0.0,0.0,0.02,0.0,0.0,0.0
18,2,4,1,False,0.9951092472406904,0.12634178071059665,1,qEHVI,0.44,0.04,0.42,0.04,0.0,0.0,0.0,0.0,0.02,0.0,0.0,0.04,0.0,0.0,0.0
18,2,4,1,False,0.9951092472406904,0.12634178071059665,2,qEHVI,0.46,0.12,0.32,0.02,0.0,0.0,0.0,0.0,0.0,0.0,0.0,0.0,0.0,0.04,0.04
18,2,4,1,False,0.9951092472406904,0.12634178071059665,3,qEHVI,0.52,0.36,0.02,0.0,0.02,0.0,0.0,0.0,0.0,0.0,0.0,0.04,0.0,0.0,0.04
18,2,4,1,False,0.9951092472406904,0.12634178071059665,4,qUCB,0.4,0.14,0.42,0.0,0.04,0.0,0.0,0.0,0.0,0.0,0.0,0.0,0.0,0.0,0.0
18,3,3,2,False,0.8543148829651896,0.013669868563852994,0,qEHVI,0.44,0.16,0.3,0.04,0.0,0.0,0.0,0.0,0.04,0.0,0.0,0.02,0.0,0.0,0.0
18,3,3,2,False,0.8543148829651896,0.013669868563852994,1,qEHVI,0.44,0.04,0.42,0.04,0.0,0.0,0.0,0.0,0.02,0.0,0.0,0.04,0.0,0.0,0.0
18,3,3,2,False,0.8543148829651896,0.013669868563852994,2,qEHVI,0.46,0.12,0.32,0.02,0.0,0.0,0.0,0.0,0.0,0.0,0.0,0.0,0.0,0.04,0.04
18,3,3,2,False,0.8543148829651896,0.013669868563852994,3,qUCB,0.4,0.14,0.42,0.0,0.04,0.0,0.0,0.0,0.0,0.0,0.0,0.0,0.0,0.0,0.0
18,3,3,2,False,0.8543148829651896,0.013669868563852994,4,qUCB,0.0,0.86,0.04,0.0,0.02,0.0,0.0,0.0,0.0,0.0,0.0,0.04,0.0,0.0,0.04
18,4,2,3,True,0.7055146231823234,0.24074739146548962,0,qEHVI,0.44,0.16,0.3,0.04,0.0,0.0,0.0,0.0,0.04,0.0,0.0,0.02,0.0,0.0,0.0
18,4,2,3,True,0.7055146231823234,0.24074739146548962,1,qEHVI,0.44,0.04,0.42,0.04,0.0,0.0,0.0,0.0,0.02,0.0,0.0,0.04,0.0,0.0,0.0
18,4,2,3,True,0.7055146231823234,0.24074739146548962,2,qUCB,0.5,0.0,0.4,0.0,0.04,0.0,0.0,0.0,0.0,0.0,0.0,0.0,0.0,0.04,0.02
18,4,2,3,True,0.7055146231823234,0.24074739146548962,3,qUCB,0.56,0.34,0.0,0.0,0.02,0.0,0.0,0.0,0.0,0.0,0.0,0.0,0.0,0.04,0.04
18,4,2,3,True,0.7055146231823234,0.24074739146548962,4,qUCB,0.0,0.9,0.0,0.0,0.02,0.0,0.0,0.0,0.0,0.0,0.0,0.02,0.0,0.04,0.02
18,5,1,4,False,0.5247621622052278,0.19106136439599997,0,qEHVI,0.44,0.16,0.3,0.04,0.0,0.0,0.0,0.0,0.04,0.0,0.0,0.02,0.0,0.0,0.0
18,5,1,4,False,0.5247621622052278,0.19106136439599997,1,qUCB,0.5,0.0,0.4,0.0,0.04,0.0,0.0,0.0,0.0,0.0,0.0,0.0,0.0,0.04,0.02
18,5,1,4,False,0.5247621622052278,0.19106136439599997,2,qUCB,0.56,0.34,0.0,0.0,0.02,0.0,0.0,0.0,0.0,0.0,0.0,0.0,0.0,0.04,0.04
18,5,1,4,False,0.5247621622052278,0.19106136439599997,3,qUCB,0.0,0.86,0.04,0.0,0.02,0.0,0.0,0.0,0.0,0.0,0.0,0.04,0.0,0.0,0.04
18,5,1,4,False,0.5247621622052278,0.19106136439599997,4,qUCB,0.42,0.04,0.44,0.0,0.04,0.0,0.0,0.0,0.0,0.0,0.0,0.0,0.0,0.02,0.04
18,6,0,5,False,0.059244089551172385,0.5221229161033367,0,qUCB,0.36,0.34,0.2,0.04,0.0,0.0,0.0,0.0,0.0,0.0,0.0,0.04,0.0,0.02,0.0
18,6,0,5,False,0.059244089551172385,0.5221229161033367,1,qUCB,0.48,0.42,0.0,0.02,0.0,0.0,0.0,0.0,0.0,0.0,0.0,0.04,0.0,0.0,0.04
18,6,0,5,False,0.059244089551172385,0.5221229161033367,2,qUCB,0.26,0.0,0.74,0.0,0.0,0.0,0.0,0.0,0.0,0.0,0.0,0.0,0.0,0.0,0.0
18,6,0,5,False,0.059244089551172385,0.5221229161033367,3,qUCB,0.42,0.5,0.0,0.04,0.0,0.0,0.0,0.0,0.0,0.0,0.0,0.0,0.0,0.0,0.04
18,6,0,5,False,0.059244089551172385,0.5221229161033367,4,qUCB,0.4,0.3,0.22,0.04,0.0,0.0,0.0,0.0,0.0,0.0,0.0,0.0,0.0,0.0,0.04
19,1,5,0,True,0.9694808210741648,0.32126119128182395,0,qEHVI,0.42,0.2,0.3,0.04,0.0,0.0,0.0,0.0,0.0,0.0,0.0,0.0,0.0,0.04,0.0
19,1,5,0,True,0.9694808210741648,0.32126119128182395,1,qEHVI,0.42,0.16,0.32,0.04,0.0,0.0,0.0,0.0,0.0,0.0,0.0,0.0,0.0,0.02,0.04
19,1,5,0,True,0.9694808210741648,0.32126119128182395,2,qEHVI,0.44,0.1,0.4,0.02,0.02,0.0,0.0,0.0,0.0,0.0,0.0,0.02,0.0,0.0,0.0
19,1,5,0,True,0.9694808210741648,0.32126119128182395,3,qEHVI,0.44,0.14,0.32,0.0,0.0,0.0,0.0,0.0,0.02,0.0,0.0,0.0,0.0,0.04,0.04
19,1,5,0,True,0.9694808210741648,0.32126119128182395,4,qEHVI,0.4,0.2,0.3,0.02,0.0,0.0,0.0,0.0,0.0,0.0,0.0,0.04,0.0,0.04,0.0
19,2,4,1,False,0.9656777822444144,0.16311279516829558,0,qEHVI,0.42,0.2,0.3,0.04,0.0,0.0,0.0,0.0,0.0,0.0,0.0,0.0,0.0,0.04,0.0
19,2,4,1,False,0.9656777822444144,0.16311279516829558,1,qEHVI,0.42,0.16,0.32,0.04,0.0,0.0,0.0,0.0,0.0,0.0,0.0,0.0,0.0,0.02,0.04
19,2,4,1,False,0.9656777822444144,0.16311279516829558,2,qEHVI,0.44,0.1,0.4,0.02,0.02,0.0,0.0,0.0,0.0,0.0,0.0,0.02,0.0,0.0,0.0
19,2,4,1,False,0.9656777822444144,0.16311279516829558,3,qEHVI,0.44,0.14,0.32,0.0,0.0,0.0,0.0,0.0,0.02,0.0,0.0,0.0,0.0,0.04,0.04
19,2,4,1,False,0.9656777822444144,0.16311279516829558,4,qUCB,0.5,0.36,0.04,0.0,0.0,0.0,0.0,0.0,0.02,0.0,0.0,0.04,0.0,0.0,0.04
19,3,3,2,False,0.8022483204029852,0.25126665353803546,0,qEHVI,0.42,0.2,0.3,0.04,0.0,0.0,0.0,0.0,0.0,0.0,0.0,0.0,0.0,0.04,0.0
19,3,3,2,False,0.8022483204029852,0.25126665353803546,1,qEHVI,0.42,0.16,0.32,0.04,0.0,0.0,0.0,0.0,0.0,0.0,0.0,0.0,0.0,0.02,0.04
19,3,3,2,False,0.8022483204029852,0.25126665353803546,2,qEHVI,0.44,0.1,0.4,0.02,0.02,0.0,0.0,0.0,0.0,0.0,0.0,0.02,0.0,0.0,0.0
19,3,3,2,False,0.8022483204029852,0.25126665353803546,3,qUCB,0.5,0.38,0.02,0.0,0.0,0.0,0.0,0.0,0.04,0.0,0.0,0.02,0.0,0.0,0.04
19,3,3,2,False,0.8022483204029852,0.25126665353803546,4,qUCB,0.34,0.38,0.18,0.04,0.0,0.0,0.0,0.0,0.04,0.0,0.0,0.02,0.0,0.0,0.0
19,4,2,3,False,0.5925897139611319,0.41375882641106543,0,qEHVI,0.42,0.2,0.3,0.04,0.0,0.0,0.0,0.0,0.0,0.0,0.0,0.0,0.0,0.04,0.0
19,4,2,3,False,0.5925897139611319,0.41375882641106543,1,qEHVI,0.42,0.16,0.32,0.04,0.0,0.0,0.0,0.0,0.0,0.0,0.0,0.0,0.0,0.02,0.04
19,4,2,3,False,0.5925897139611319,0.41375882641106543,2,qUCB,0.46,0.44,0.0,0.0,0.04,0.0,0.0,0.0,0.02,0.0,0.0,0.04,0.0,0.0,0.0
19,4,2,3,False,0.5925897139611319,0.41375882641106543,3,qUCB,0.44,0.4,0.06,0.0,0.02,0.0,0.0,0.0,0.04,0.0,0.0,0.04,0.0,0.0,0.0
19,4,2,3,False,0.5925897139611319,0.41375882641106543,4,qUCB,0.48,0.06,0.36,0.0,0.04,0.0,0.0,0.0,0.04,0.0,0.0,0.02,0.0,0.0,0.0
19,5,1,4,False,0.6017521706846927,0.23315673651148217,0,qEHVI,0.42,0.2,0.3,0.04,0.0,0.0,0.0,0.0,0.0,0.0,0.0,0.0,0.0,0.04,0.0
19,5,1,4,False,0.6017521706846927,0.23315673651148217,1,qUCB,0.5,0.36,0.04,0.0,0.0,0.0,0.0,0.0,0.02,0.0,0.0,0.04,0.0,0.0,0.04
19,5,1,4,False,0.6017521706846927,0.23315673651148217,2,qUCB,0.38,0.12,0.4,0.0,0.0,0.0,0.0,0.0,0.04,0.0,0.0,0.04,0.0,0.0,0.02
19,5,1,4,False,0.6017521706846927,0.23315673651148217,3,qUCB,0.46,0.44,0.0,0.0,0.04,0.0,0.0,0.0,0.02,0.0,0.0,0.04,0.0,0.0,0.0
19,5,1,4,False,0.6017521706846927,0.23315673651148217,4,qUCB,0.52,0.38,0.0,0.0,0.04,0.0,0.0,0.0,0.0,0.0,0.0,0.02,0.0,0.0,0.04
19,6,0,5,False,0.13531445289227143,0.08027265342183332,0,qUCB,0.36,0.34,0.2,0.04,0.0,0.0,0.0,0.0,0.02,0.0,0.0,0.02,0.0,0.0,0.02
19,6,0,5,False,0.13531445289227143,0.08027265342183332,1,qUCB,0.5,0.36,0.04,0.0,0.0,0.0,0.0,0.0,0.02,0.0,0.0,0.04,0.0,0.0,0.04
19,6,0,5,False,0.13531445289227143,0.08027265342183332,2,qUCB,0.4,0.5,0.0,0.04,0.0,0.0,0.0,0.0,0.0,0.0,0.0,0.02,0.0,0.0,0.04
19,6,0,5,False,0.13531445289227143,0.08027265342183332,3,qUCB,0.42,0.28,0.2,0.04,0.0,0.0,0.0,0.0,0.02,0.0,0.0,0.0,0.0,0.0,0.04
19,6,0,5,False,0.13531445289227143,0.08027265342183332,4,qUCB,0.5,0.3,0.1,0.04,0.0,0.0,0.0,0.0,0.0,0.0,0.0,0.02,0.0,0.0,0.04
20,1,5,0,False,1.3692116286204374,0.0228135729604384,0,qEHVI,0.12,0.36,0.44,0.0,0.0,0.0,0.0,0.0,0.0,0.0,0.0,0.04,0.0,0.04,0.0
20,1,5,0,False,1.3692116286204374,0.0228135729604384,1,qEHVI,0.52,0.02,0.36,0.04,0.02,0.0,0.0,0.0,0.0,0.0,0.0,0.0,0.0,0.0,0.04
20,1,5,0,False,1.3692116286204374,0.0228135729604384,2,qEHVI,0.18,0.28,0.46,0.04,0.0,0.0,0.0,0.0,0.0,0.0,0.0,0.0,0.0,0.04,0.0
20,1,5,0,False,1.3692116286204374,0.0228135729604384,3,qEHVI,0.42,0.0,0.48,0.04,0.02,0.0,0.0,0.0,0.0,0.0,0.0,0.02,0.0,0.02,0.0
20,1,5,0,False,1.3692116286204374,0.0228135729604384,4,qEHVI,0.0,0.48,0.44,0.0,0.02,0.0,0.0,0.0,0.0,0.0,0.0,0.02,0.0,0.04,0.0
20,2,4,1,True,1.3343415331632031,0.06631075809707099,0,qEHVI,0.14,0.34,0.44,0.0,0.0,0.0,0.0,0.0,0.04,0.0,0.0,0.04,0.0,0.0,0.0
20,2,4,1,True,1.3343415331632031,0.06631075809707099,1,qEHVI,0.52,0.02,0.36,0.04,0.02,0.0,0.0,0.0,0.0,0.0,0.0,0.0,0.0,0.0,0.04
20,2,4,1,True,1.3343415331632031,0.06631075809707099,2,qEHVI,0.18,0.28,0.46,0.04,0.0,0.0,0.0,0.0,0.0,0.0,0.0,0.0,0.0,0.04,0.0
20,2,4,1,True,1.3343415331632031,0.06631075809707099,3,qEHVI,0.0,0.48,0.44,0.0,0.02,0.0,0.0,0.0,0.0,0.0,0.0,0.02,0.0,0.04,0.0
20,2,4,1,True,1.3343415331632031,0.06631075809707099,4,qUCB,0.04,0.4,0.46,0.04,0.02,0.0,0.0,0.0,0.04,0.0,0.0,0.0,0.0,0.0,0.0
20,3,3,2,False,1.2170115949315645,0.6176438532812107,0,qEHVI,0.14,0.34,0.44,0.0,0.0,0.0,0.0,0.0,0.04,0.0,0.0,0.04,0.0,0.0,0.0
20,3,3,2,False,1.2170115949315645,0.6176438532812107,1,qEHVI,0.52,0.02,0.36,0.04,0.02,0.0,0.0,0.0,0.0,0.0,0.0,0.0,0.0,0.0,0.04
20,3,3,2,False,1.2170115949315645,0.6176438532812107,2,qEHVI,0.18,0.28,0.46,0.04,0.0,0.0,0.0,0.0,0.0,0.0,0.0,0.0,0.0,0.04,0.0
20,3,3,2,False,1.2170115949315645,0.6176438532812107,3,qUCB,0.16,0.36,0.44,0.0,0.04,0.0,0.0,0.0,0.0,0.0,0.0,0.0,0.0,0.0,0.0
20,3,3,2,False,1.2170115949315645,0.6176438532812107,4,qUCB,0.04,0.4,0.46,0.04,0.02,0.0,0.0,0.0,0.04,0.0,0.0,0.0,0.0,0.0,0.0
20,4,2,3,False,1.0739352366267114,0.1100983720777009,0,qEHVI,0.12,0.36,0.44,0.0,0.0,0.0,0.0,0.0,0.0,0.0,0.0,0.04,0.0,0.04,0.0
20,4,2,3,False,1.0739352366267114,0.1100983720777009,1,qEHVI,0.52,0.02,0.36,0.04,0.02,0.0,0.0,0.0,0.0,0.0,0.0,0.0,0.0,0.0,0.04
20,4,2,3,False,1.0739352366267114,0.1100983720777009,2,qUCB,0.1,0.4,0.44,0.0,0.02,0.0,0.0,0.0,0.04,0.0,0.0,0.0,0.0,0.0,0.0
20,4,2,3,False,1.0739352366267114,0.1100983720777009,3,qUCB,0.04,0.42,0.44,0.04,0.0,0.0,0.0,0.0,0.04,0.0,0.0,0.0,0.0,0.02,0.0
20,4,2,3,False,1.0739352366267114,0.1100983720777009,4,qUCB,0.22,0.14,0.58,0.0,0.02,0.0,0.0,0.0,0.04,0.0,0.0,0.0,0.0,0.0,0.0
20,5,1,4,False,1.0945012271368928,0.03883554507081399,0,qEHVI,0.12,0.36,0.44,0.0,0.0,0.0,0.0,0.0,0.0,0.0,0.0,0.04,0.0,0.04,0.0
20,5,1,4,False,1.0945012271368928,0.03883554507081399,1,qUCB,0.52,0.02,0.36,0.04,0.02,0.0,0.0,0.0,0.0,0.0,0.0,0.0,0.0,0.0,0.04
20,5,1,4,False,1.0945012271368928,0.03883554507081399,2,qUCB,0.04,0.4,0.46,0.04,0.02,0.0,0.0,0.0,0.04,0.0,0.0,0.0,0.0,0.0,0.0
20,5,1,4,False,1.0945012271368928,0.03883554507081399,3,qUCB,0.76,0.02,0.14,0.04,0.0,0.0,0.0,0.0,0.04,0.0,0.0,0.0,0.0,0.0,0.0
20,5,1,4,False,1.0945012271368928,0.03883554507081399,4,qUCB,0.04,0.28,0.58,0.04,0.0,0.0,0.0,0.0,0.04,0.0,0.0,0.0,0.0,0.0,0.02
20,6,0,5,False,0.9943895931727784,0.3251954791554077,0,qUCB,0.1,0.34,0.46,0.04,0.0,0.0,0.0,0.0,0.0,0.0,0.0,0.02,0.0,0.04,0.0
20,6,0,5,False,0.9943895931727784,0.3251954791554077,1,qUCB,0.0,0.48,0.44,0.0,0.02,0.0,0.0,0.0,0.0,0.0,0.0,0.02,0.0,0.04,0.0
20,6,0,5,False,0.9943895931727784,0.3251954791554077,2,qUCB,0.38,0.02,0.58,0.0,0.02,0.0,0.0,0.0,0.0,0.0,0.0,0.0,0.0,0.0,0.0
20,6,0,5,False,0.9943895931727784,0.3251954791554077,3,qUCB,0.0,0.32,0.58,0.04,0.02,0.0,0.0,0.0,0.0,0.0,0.0,0.02,0.0,0.02,0.0
20,6,0,5,False,0.9943895931727784,0.3251954791554077,4,qUCB,0.24,0.0,0.7000000000000001,0.0,0.04,0.0,0.0,0.0,0.0,0.0,0.0,0.0,0.0,0.0,0.02
21,1,5,0,False,1.0145027077917934,0.5326906651351409,0,qEHVI,0.46,0.04,0.48,0.0,0.0,0.0,0.0,0.0,0.02,0.0,0.0,0.0,0.0,0.0,0.0
21,1,5,0,False,1.0145027077917934,0.5326906651351409,1,qEHVI,0.4,0.12,0.38,0.0,0.02,0.0,0.0,0.0,0.0,0.0,0.0,0.04,0.0,0.0,0.04
21,1,5,0,False,1.0145027077917934,0.5326906651351409,2,qEHVI,0.58,0.3,0.04,0.0,0.0,0.0,0.0,0.0,0.02,0.0,0.0,0.0,0.0,0.02,0.04
21,1,5,0,False,1.0145027077917934,0.5326906651351409,3,qEHVI,0.48,0.06,0.36,0.04,0.0,0.0,0.0,0.0,0.02,0.0,0.0,0.02,0.0,0.0,0.02
21,1,5,0,False,1.0145027077917934,0.5326906651351409,4,qEHVI,0.0,0.34,0.58,0.0,0.0,0.0,0.0,0.0,0.02,0.0,0.0,0.04,0.0,0.0,0.02
21,2,4,1,True,0.8663956819190337,0.00594560978117098,0,qEHVI,0.46,0.04,0.48,0.0,0.0,0.0,0.0,0.0,0.02,0.0,0.0,0.0,0.0,0.0,0.0
21,2,4,1,True,0.8663956819190337,0.00594560978117098,1,qEHVI,0.4,0.12,0.38,0.0,0.02,0.0,0.0,0.0,0.0,0.0,0.0,0.04,0.0,0.0,0.04
21,2,4,1,True,0.8663956819190337,0.00594560978117098,2,qEHVI,0.48,0.06,0.36,0.04,0.0,0.0,0.0,0.0,0.02,0.0,0.0,0.02,0.0,0.0,0.02
21,2,4,1,True,0.8663956819190337,0.00594560978117098,3,qEHVI,0.58,0.3,0.04,0.0,0.0,0.0,0.0,0.0,0.02,0.0,0.0,0.0,0.0,0.02,0.04
21,2,4,1,True,0.8663956819190337,0.00594560978117098,4,qUCB,0.58,0.26,0.06,0.02,0.04,0.0,0.0,0.0,0.0,0.0,0.0,0.0,0.0,0.04,0.0
21,3,3,2,False,0.8873307832186027,0.16718371154386347,0,qEHVI,0.46,0.04,0.48,0.0,0.0,0.0,0.0,0.0,0.02,0.0,0.0,0.0,0.0,0.0,0.0
21,3,3,2,False,0.8873307832186027,0.16718371154386347,1,qEHVI,0.4,0.12,0.38,0.0,0.02,0.0,0.0,0.0,0.0,0.0,0.0,0.04,0.0,0.0,0.04
21,3,3,2,False,0.8873307832186027,0.16718371154386347,2,qEHVI,0.58,0.3,0.04,0.0,0.0,0.0,0.0,0.0,0.02,0.0,0.0,0.0,0.0,0.02,0.04
21,3,3,2,False,0.8873307832186027,0.16718371154386347,3,qUCB,0.4,0.14,0.36,0.02,0.0,0.0,0.0,0.0,0.0,0.0,0.0,0.04,0.0,0.04,0.0
21,3,3,2,False,0.8873307832186027,0.16718371154386347,4,qUCB,0.0,0.84,0.1,0.04,0.02,0.0,0.0,0.0,0.0,0.0,0.0,0.0,0.0,0.0,0.0
21,4,2,3,False,0.7766895792763447,0.13809507036912727,0,qEHVI,0.46,0.04,0.48,0.0,0.0,0.0,0.0,0.0,0.02,0.0,0.0,0.0,0.0,0.0,0.0
21,4,2,3,False,0.7766895792763447,0.13809507036912727,1,qEHVI,0.4,0.12,0.38,0.0,0.02,0.0,0.0,0.0,0.0,0.0,0.0,0.04,0.0,0.0,0.04
21,4,2,3,False,0.7766895792763447,0.13809507036912727,2,qUCB,0.0,0.8200000000000001,0.08,0.0,0.04,0.0,0.0,0.0,0.0,0.0,0.0,0.0,0.0,0.04,0.02
21,4,2,3,False,0.7766895792763447,0.13809507036912727,3,qUCB,0.02,0.3,0.58,0.04,0.04,0.0,0.0,0.0,0.0,0.0,0.0,0.0,0.0,0.0,0.02
21,4,2,3,False,0.7766895792763447,0.13809507036912727,4,qUCB,0.0,0.68,0.24,0.04,0.0,0.0,0.0,0.0,0.0,0.0,0.0,0.0,0.0,0.0,0.04
21,5,1,4,False,0.7689275860368792,0.12990571645020665,0,qEHVI,0.46,0.04,0.48,0.0,0.0,0.0,0.0,0.0,0.02,0.0,0.0,0.0,0.0,0.0,0.0
21,5,1,4,False,0.7689275860368792,0.12990571645020665,1,qUCB,0.0,0.8200000000000001,0.08,0.0,0.04,0.0,0.0,0.0,0.0,0.0,0.0,0.0,0.0,0.04,0.02
21,5,1,4,False,0.7689275860368792,0.12990571645020665,2,qUCB,0.0,0.68,0.22,0.04,0.02,0.0,0.0,0.0,0.0,0.0,0.0,0.04,0.0,0.0,0.0
21,5,1,4,False,0.7689275860368792,0.12990571645020665,3,qUCB,0.02,0.3,0.58,0.04,0.04,0.0,0.0,0.0,0.0,0.0,0.0,0.0,0.0,0.0,0.02
21,5,1,4,False,0.7689275860368792,0.12990571645020665,4,qUCB,0.0,0.8,0.1,0.04,0.0,0.0,0.0,0.0,0.0,0.0,0.0,0.0,0.0,0.02,0.04
21,6,0,5,False,0.6980368601404036,0.022648367723210328,0,qUCB,0.4,0.12,0.38,0.0,0.02,0.0,0.0,0.0,0.0,0.0,0.0,0.04,0.0,0.0,0.04
21,6,0,5,False,0.6980368601404036,0.022648367723210328,1,qUCB,0.0,0.8200000000000001,0.08,0.0,0.04,0.0,0.0,0.0,0.0,0.0,0.0,0.0,0.0,0.04,0.02
21,6,0,5,False,0.6980368601404036,0.022648367723210328,2,qUCB,0.0,0.34,0.58,0.0,0.0,0.0,0.0,0.0,0.02,0.0,0.0,0.04,0.0,0.0,0.02
21,6,0,5,False,0.6980368601404036,0.022648367723210328,3,qUCB,0.26,0.0,0.72,0.0,0.0,0.0,0.0,0.0,0.0,0.0,0.0,0.0,0.0,0.02,0.0
21,6,0,5,False,0.6980368601404036,0.022648367723210328,4,qUCB,0.18,0.14,0.58,0.0,0.0,0.0,0.0,0.0,0.04,0.0,0.0,0.02,0.0,0.04,0.0
22,1,5,0,True,1.0499835264089747,0.13213233593501172,0,qEHVI,0.42,0.18,0.3,0.04,0.02,0.0,0.0,0.0,0.02,0.0,0.0,0.0,0.0,0.02,0.0
22,1,5,0,True,1.0499835264089747,0.13213233593501172,1,qEHVI,0.4,0.16,0.4,0.0,0.0,0.0,0.0,0.0,0.0,0.0,0.0,0.0,0.0,0.04,0.0
22,1,5,0,True,1.0499835264089747,0.13213233593501172,2,qEHVI,0.44,0.04,0.42,0.02,0.0,0.0,0.0,0.0,0.04,0.0,0.0,0.0,0.0,0.0,0.04
22,1,5,0,True,1.0499835264089747,0.13213233593501172,3,qEHVI,0.4,0.22,0.32,0.02,0.0,0.0,0.0,0.0,0.02,0.0,0.0,0.02,0.0,0.0,0.0
22,1,5,0,True,1.0499835264089747,0.13213233593501172,4,qEHVI,0.4,0.12,0.38,0.0,0.04,0.0,0.0,0.0,0.02,0.0,0.0,0.04,0.0,0.0,0.0
22,2,4,1,False,0.9350726381162666,0.6521744431569729,0,qEHVI,0.42,0.18,0.3,0.04,0.02,0.0,0.0,0.0,0.02,0.0,0.0,0.0,0.0,0.02,0.0
22,2,4,1,False,0.9350726381162666,0.6521744431569729,1,qEHVI,0.4,0.16,0.4,0.0,0.0,0.0,0.0,0.0,0.0,0.0,0.0,0.0,0.0,0.04,0.0
22,2,4,1,False,0.9350726381162666,0.6521744431569729,2,qEHVI,0.44,0.04,0.42,0.02,0.0,0.0,0.0,0.0,0.04,0.0,0.0,0.0,0.0,0.0,0.04
22,2,4,1,False,0.9350726381162666,0.6521744431569729,3,qEHVI,0.4,0.18,0.32,0.02,0.02,0.0,0.0,0.0,0.0,0.0,0.0,0.04,0.0,0.0,0.02
22,2,4,1,False,0.9350726381162666,0.6521744431569729,4,qUCB,0.4,0.3,0.2,0.04,0.0,0.0,0.0,0.0,0.0,0.0,0.0,0.0,0.0,0.02,0.04
22,3,3,2,False,0.8706011178104193,0.4441471708962297,0,qEHVI,0.42,0.18,0.3,0.04,0.02,0.0,0.0,0.0,0.02,0.0,0.0,0.0,0.0,0.02,0.0
22,3,3,2,False,0.8706011178104193,0.4441471708962297,1,qEHVI,0.4,0.16,0.4,0.0,0.0,0.0,0.0,0.0,0.0,0.0,0.0,0.0,0.0,0.04,0.0
22,3,3,2,False,0.8706011178104193,0.4441471708962297,2,qEHVI,0.44,0.04,0.42,0.02,0.0,0.0,0.0,0.0,0.04,0.0,0.0,0.0,0.0,0.0,0.04
22,3,3,2,False,0.8706011178104193,0.4441471708962297,3,qUCB,0.36,0.16,0.38,0.0,0.04,0.0,0.0,0.0,0.0,0.0,0.0,0.04,0.0,0.0,0.02
22,3,3,2,False,0.8706011178104193,0.4441471708962297,4,qUCB,0.38,0.32,0.2,0.04,0.0,0.0,0.0,0.0,0.0,0.0,0.0,0.02,0.0,0.0,0.04
22,4,2,3,False,0.6403381745944126,0.10755648653108008,0,qEHVI,0.42,0.18,0.3,0.04,0.02,0.0,0.0,0.0,0.02,0.0,0.0,0.0,0.0,0.02,0.0
22,4,2,3,False,0.6403381745944126,0.10755648653108008,1,qEHVI,0.4,0.16,0.4,0.0,0.0,0.0,0.0,0.0,0.0,0.0,0.0,0.0,0.0,0.04,0.0
22,4,2,3,False,0.6403381745944126,0.10755648653108008,2,qUCB,0.6,0.28,0.02,0.0,0.02,0.0,0.0,0.0,0.0,0.0,0.0,0.04,0.0,0.0,0.04
22,4,2,3,False,0.6403381745944126,0.10755648653108008,3,qUCB,0.38,0.32,0.2,0.04,0.0,0.0,0.0,0.0,0.0,0.0,0.0,0.02,0.0,0.0,0.04
22,4,2,3,False,0.6403381745944126,0.10755648653108008,4,qUCB,0.48,0.32,0.1,0.02,0.0,0.0,0.0,0.0,0.0,0.0,0.0,0.04,0.0,0.0,0.04
22,5,1,4,False,0.5064908395689999,0.169658941831222,0,qEHVI,0.42,0.18,0.3,0.04,0.02,0.0,0.0,0.0,0.02,0.0,0.0,0.0,0.0,0.02,0.0
22,5,1,4,False,0.5064908395689999,0.169658941831222,1,qUCB,0.46,0.08,0.38,0.0,0.0,0.0,0.0,0.0,0.0,0.0,0.0,0.04,0.0,0.0,0.04
22,5,1,4,False,0.5064908395689999,0.169658941831222,2,qUCB,0.38,0.52,0.02,0.0,0.0,0.0,0.0,0.0,0.0,0.0,0.0,0.04,0.0,0.0,0.04
22,5,1,4,False,0.5064908395689999,0.169658941831222,3,qUCB,0.38,0.32,0.2,0.04,0.0,0.0,0.0,0.0,0.0,0.0,0.0,0.02,0.0,0.0,0.04
22,5,1,4,False,0.5064908395689999,0.169658941831222,4,qUCB,0.46,0.44,0.0,0.0,0.0,0.0,0.0,0.0,0.0,0.0,0.0,0.04,0.0,0.04,0.02
22,6,0,5,False,0.03912739748562096,0.049895554522741414,0,qUCB,0.38,0.32,0.2,0.04,0.0,0.0,0.0,0.0,0.0,0.0,0.0,0.02,0.0,0.0,0.04
22,6,0,5,False,0.03912739748562096,0.049895554522741414,1,qUCB,0.44,0.34,0.12,0.04,0.0,0.0,0.0,0.0,0.02,0.0,0.0,0.04,0.0,0.0,0.0
22,6,0,5,False,0.03912739748562096,0.049895554522741414,2,qUCB,0.34,0.38,0.18,0.04,0.0,0.0,0.0,0.0,0.0,0.0,0.0,0.04,0.0,0.02,0.0
22,6,0,5,False,0.03912739748562096,0.049895554522741414,3,qUCB,0.36,0.54,0.0,0.04,0.0,0.0,0.0,0.0,0.02,0.0,0.0,0.04,0.0,0.0,0.0
22,6,0,5,False,0.03912739748562096,0.049895554522741414,4,qUCB,0.36,0.34,0.2,0.04,0.04,0.0,0.0,0.0,0.0,0.0,0.0,0.0,0.0,0.0,0.02
23,1,5,0,True,0.7901999489816304,0.24737793213546055,0,qEHVI,0.38,0.14,0.38,0.0,0.02,0.0,0.0,0.0,0.0,0.0,0.0,0.04,0.0,0.04,0.0
23,1,5,0,True,0.7901999489816304,0.24737793213546055,1,qEHVI,0.42,0.04,0.48,0.04,0.0,0.0,0.0,0.0,0.02,0.0,0.0,0.0,0.0,0.0,0.0
23,1,5,0,True,0.7901999489816304,0.24737793213546055,2,qEHVI,0.42,0.42,0.1,0.0,0.0,0.0,0.0,0.0,0.0,0.0,0.0,0.02,0.0,0.0,0.04
23,1,5,0,True,0.7901999489816304,0.24737793213546055,3,qEHVI,0.0,0.32,0.58,0.0,0.02,0.0,0.0,0.0,0.04,0.0,0.0,0.04,0.0,0.0,0.0
23,1,5,0,True,0.7901999489816304,0.24737793213546055,4,qEHVI,0.0,0.7000000000000001,0.22,0.04,0.02,0.0,0.0,0.0,0.0,0.0,0.0,0.0,0.0,0.0,0.02
23,2,4,1,False,0.6116288004796073,0.03255188078208593,0,qEHVI,0.38,0.14,0.38,0.0,0.02,0.0,0.0,0.0,0.0,0.0,0.0,0.04,0.0,0.04,0.0
23,2,4,1,False,0.6116288004796073,0.03255188078208593,1,qEHVI,0.28,0.0,0.7000000000000001,0.0,0.02,0.0,0.0,0.0,0.0,0.0,0.0,0.0,0.0,0.0,0.0
23,2,4,1,False,0.6116288004796073,0.03255188078208593,2,qEHVI,0.42,0.04,0.48,0.04,0.0,0.0,0.0,0.0,0.02,0.0,0.0,0.0,0.0,0.0,0.0
23,2,4,1,False,0.6116288004796073,0.03255188078208593,3,qEHVI,0.42,0.42,0.1,0.0,0.0,0.0,0.0,0.0,0.0,0.0,0.0,0.02,0.0,0.0,0.04
23,2,4,1,False,0.6116288004796073,0.03255188078208593,4,qUCB,0.4,0.4,0.1,0.0,0.0,0.0,0.0,0.0,0.04,0.0,0.0,0.0,0.0,0.04,0.02
23,3,3,2,False,0.8029605713268703,0.051497166416446305,0,qEHVI,0.38,0.14,0.38,0.0,0.02,0.0,0.0,0.0,0.0,0.0,0.0,0.04,0.0,0.04,0.0
23,3,3,2,False,0.8029605713268703,0.051497166416446305,1,qEHVI,0.42,0.04,0.48,0.04,0.0,0.0,0.0,0.0,0.02,0.0,0.0,0.0,0.0,0.0,0.0
23,3,3,2,False,0.8029605713268703,0.051497166416446305,2,qEHVI,0.42,0.42,0.1,0.0,0.0,0.0,0.0,0.0,0.0,0.0,0.0,0.02,0.0,0.0,0.04
23,3,3,2,False,0.8029605713268703,0.051497166416446305,3,qUCB,0.56,0.16,0.18,0.0,0.04,0.0,0.0,0.0,0.04,0.0,0.0,0.0,0.0,0.0,0.02
23,3,3,2,False,0.8029605713268703,0.051497166416446305,4,qUCB,0.0,0.36,0.58,0.0,0.04,0.0,0.0,0.0,0.02,0.0,0.0,0.0,0.0,0.0,0.0
23,4,2,3,False,0.6179617067523944,0.5290749531213406,0,qEHVI,0.38,0.14,0.38,0.0,0.02,0.0,0.0,0.0,0.0,0.0,0.0,0.04,0.0,0.04,0.0
23,4,2,3,False,0.6179617067523944,0.5290749531213406,1,qEHVI,0.42,0.04,0.48,0.04,0.0,0.0,0.0,0.0,0.02,0.0,0.0,0.0,0.0,0.0,0.0
23,4,2,3,False,0.6179617067523944,0.5290749531213406,2,qUCB,0.36,0.48,0.1,0.0,0.02,0.0,0.0,0.0,0.0,0.0,0.0,0.0,0.0,0.0,0.04
23,4,2,3,False,0.6179617067523944,0.5290749531213406,3,qUCB,0.02,0.88,0.06,0.0,0.0,0.0,0.0,0.0,0.0,0.0,0.0,0.0,0.0,0.0,0.04
23,4,2,3,False,0.6179617067523944,0.5290749531213406,4,qUCB,0.04,0.28,0.58,0.0,0.0,0.0,0.0,0.0,0.02,0.0,0.0,0.0,0.0,0.04,0.04
23,5,1,4,False,0.427122425180034,0.07134167396673519,0,qEHVI,0.38,0.14,0.38,0.0,0.02,0.0,0.0,0.0,0.0,0.0,0.0,0.04,0.0,0.04,0.0
23,5,1,4,False,0.427122425180034,0.07134167396673519,1,qUCB,0.46,0.44,0.0,0.04,0.0,0.0,0.0,0.0,0.04,0.0,0.0,0.0,0.0,0.0,0.02
23,5,1,4,False,0.427122425180034,0.07134167396673519,2,qUCB,0.02,0.68,0.2,0.04,0.0,0.0,0.0,0.0,0.04,0.0,0.0,0.0,0.0,0.0,0.02
23,5,1,4,False,0.427122425180034,0.07134167396673519,3,qUCB,0.14,0.2,0.56,0.04,0.0,0.0,0.0,0.0,0.04,0.0,0.0,0.0,0.0,0.0,0.02
23,5,1,4,False,0.427122425180034,0.07134167396673519,4,qUCB,0.04,0.8,0.08,0.04,0.0,0.0,0.0,0.0,0.04,0.0,0.0,0.0,0.0,0.0,0.0
23,6,0,5,False,0.6209055053126261,0.00921039126832568,0,qUCB,0.42,0.48,0.0,0.04,0.0,0.0,0.0,0.0,0.0,0.0,0.0,0.02,0.0,0.0,0.04
23,6,0,5,False,0.6209055053126261,0.00921039126832568,1,qUCB,0.28,0.0,0.7000000000000001,0.0,0.02,0.0,0.0,0.0,0.0,0.0,0.0,0.0,0.0,0.0,0.0
23,6,0,5,False,0.6209055053126261,0.00921039126832568,2,qUCB,0.16,0.16,0.58,0.0,0.02,0.0,0.0,0.0,0.0,0.0,0.0,0.0,0.0,0.04,0.04
23,6,0,5,False,0.6209055053126261,0.00921039126832568,3,qUCB,0.0,0.84,0.1,0.0,0.0,0.0,0.0,0.0,0.0,0.0,0.0,0.02,0.0,0.04,0.0
23,6,0,5,False,0.6209055053126261,0.00921039126832568,4,qUCB,0.0,0.7000000000000001,0.22,0.04,0.02,0.0,0.0,0.0,0.0,0.0,0.0,0.0,0.0,0.0,0.02
24,1,5,0,True,0.7304066425385806,0.09515057631803359,0,qEHVI,0.38,0.16,0.4,0.0,0.0,0.0,0.0,0.0,0.0,0.0,0.0,0.0,0.0,0.02,0.04
24,1,5,0,True,0.7304066425385806,0.09515057631803359,1,qEHVI,0.42,0.18,0.3,0.02,0.0,0.0,0.0,0.0,0.0,0.0,0.0,0.04,0.0,0.0,0.04
24,1,5,0,True,0.7304066425385806,0.09515057631803359,2,qEHVI,0.44,0.1,0.36,0.02,0.02,0.0,0.0,0.0,0.0,0.0,0.0,0.0,0.0,0.02,0.04
24,1,5,0,True,0.7304066425385806,0.09515057631803359,3,qEHVI,0.4,0.1,0.4,0.02,0.0,0.0,0.0,0.0,0.0,0.0,0.0,0.04,0.0,0.04,0.0
24,1,5,0,True,0.7304066425385806,0.09515057631803359,4,qEHVI,0.42,0.02,0.46,0.0,0.04,0.0,0.0,0.0,0.0,0.0,0.0,0.0,0.0,0.02,0.04
24,2,4,1,False,0.6595338869760807,0.4272955848631437,0,qEHVI,0.38,0.16,0.4,0.0,0.0,0.0,0.0,0.0,0.0,0.0,0.0,0.0,0.0,0.02,0.04
24,2,4,1,False,0.6595338869760807,0.4272955848631437,1,qEHVI,0.42,0.18,0.3,0.02,0.0,0.0,0.0,0.0,0.0,0.0,0.0,0.04,0.0,0.0,0.04
24,2,4,1,False,0.6595338869760807,0.4272955848631437,2,qEHVI,0.44,0.1,0.36,0.02,0.02,0.0,0.0,0.0,0.0,0.0,0.0,0.0,0.0,0.02,0.04
24,2,4,1,False,0.6595338869760807,0.4272955848631437,3,qEHVI,0.4,0.1,0.4,0.02,0.0,0.0,0.0,0.0,0.0,0.0,0.0,0.04,0.0,0.04,0.0
24,2,4,1,False,0.6595338869760807,0.4272955848631437,4,qUCB,0.46,0.48,0.0,0.04,0.0,0.0,0.0,0.0,0.02,0.0,0.0,0.0,0.0,0.0,0.0
24,3,3,2,False,0.5877566449550478,0.02793900882813638,0,qEHVI,0.38,0.16,0.4,0.0,0.0,0.0,0.0,0.0,0.0,0.0,0.0,0.0,0.0,0.02,0.04
24,3,3,2,False,0.5877566449550478,0.02793900882813638,1,qEHVI,0.42,0.18,0.3,0.02,0.0,0.0,0.0,0.0,0.0,0.0,0.0,0.04,0.0,0.0,0.04
24,3,3,2,False,0.5877566449550478,0.02793900882813638,2,qEHVI,0.44,0.1,0.36,0.02,0.02,0.0,0.0,0.0,0.0,0.0,0.0,0.0,0.0,0.02,0.04
24,3,3,2,False,0.5877566449550478,0.02793900882813638,3,qUCB,0.46,0.48,0.0,0.04,0.0,0.0,0.0,0.0,0.02,0.0,0.0,0.0,0.0,0.0,0.0
24,3,3,2,False,0.5877566449550478,0.02793900882813638,4,qUCB,0.0,0.88,0.06,0.0,0.04,0.0,0.0,0.0,0.0,0.0,0.0,0.02,0.0,0.0,0.0
24,4,2,3,False,0.5356720748440309,0.1416771309944218,0,qEHVI,0.38,0.16,0.4,0.0,0.0,0.0,0.0,0.0,0.0,0.0,0.0,0.0,0.0,0.02,0.04
24,4,2,3,False,0.5356720748440309,0.1416771309944218,1,qEHVI,0.42,0.18,0.3,0.02,0.0,0.0,0.0,0.0,0.0,0.0,0.0,0.04,0.0,0.0,0.04
24,4,2,3,False,0.5356720748440309,0.1416771309944218,2,qUCB,0.54,0.18,0.2,0.0,0.04,0.0,0.0,0.0,0.04,0.0,0.0,0.0,0.0,0.0,0.0
24,4,2,3,False,0.5356720748440309,0.1416771309944218,3,qUCB,0.0,0.88,0.06,0.0,0.04,0.0,0.0,0.0,0.0,0.0,0.0,0.02,0.0,0.0,0.0
24,4,2,3,False,0.5356720748440309,0.1416771309944218,4,qUCB,0.68,0.06,0.16,0.04,0.02,0.0,0.0,0.0,0.04,0.0,0.0,0.0,0.0,0.0,0.0
24,5,1,4,False,0.4580157999657948,0.22362644957837396,0,qEHVI,0.38,0.16,0.4,0.0,0.0,0.0,0.0,0.0,0.0,0.0,0.0,0.0,0.0,0.02,0.04
24,5,1,4,False,0.4580157999657948,0.22362644957837396,1,qUCB,0.38,0.38,0.14,0.04,0.0,0.0,0.0,0.0,0.02,0.0,0.0,0.04,0.0,0.0,0.0
24,5,1,4,False,0.4580157999657948,0.22362644957837396,2,qUCB,0.0,0.8200000000000001,0.08,0.04,0.02,0.0,0.0,0.0,0.0,0.0,0.0,0.04,0.0,0.0,0.0
24,5,1,4,False,0.4580157999657948,0.22362644957837396,3,qUCB,0.68,0.06,0.16,0.04,0.02,0.0,0.0,0.0,0.04,0.0,0.0,0.0,0.0,0.0,0.0
24,5,1,4,False,0.4580157999657948,0.22362644957837396,4,qUCB,0.24,0.0,0.7000000000000001,0.04,0.02,0.0,0.0,0.0,0.0,0.0,0.0,0.0,0.0,0.0,0.0
24,6,0,5,False,0.2680264956556734,0.0036678446873068538,0,qUCB,0.42,0.5,0.0,0.04,0.0,0.0,0.0,0.0,0.0,0.0,0.0,0.02,0.0,0.0,0.02
24,6,0,5,False,0.2680264956556734,0.0036678446873068538,1,qUCB,0.0,0.84,0.08,0.0,0.0,0.0,0.0,0.0,0.02,0.0,0.0,0.04,0.0,0.02,0.0
24,6,0,5,False,0.2680264956556734,0.0036678446873068538,2,qUCB,0.2,0.0,0.8,0.0,0.0,0.0,0.0,0.0,0.0,0.0,0.0,0.0,0.0,0.0,0.0
24,6,0,5,False,0.2680264956556734,0.0036678446873068538,3,qUCB,0.24,0.0,0.7000000000000001,0.04,0.02,0.0,0.0,0.0,0.0,0.0,0.0,0.0,0.0,0.0,0.0
24,6,0,5,False,0.2680264956556734,0.0036678446873068538,4,qUCB,0.22,0.02,0.74,0.02,0.0,0.0,0.0,0.0,0.0,0.0,0.0,0.0,0.0,0.0,0.0
25,1,5,0,True,0.6136365062530711,0.2184465537773186,0,qEHVI,0.38,0.14,0.4,0.0,0.02,0.0,0.0,0.0,0.04,0.0,0.0,0.02,0.0,0.0,0.0
25,1,5,0,True,0.6136365062530711,0.2184465537773186,1,qEHVI,0.44,0.12,0.34,0.02,0.0,0.0,0.0,0.0,0.02,0.0,0.0,0.04,0.0,0.0,0.02
25,1,5,0,True,0.6136365062530711,0.2184465537773186,2,qEHVI,0.52,0.18,0.2,0.0,0.0,0.0,0.0,0.0,0.04,0.0,0.0,0.02,0.0,0.04,0.0
25,1,5,0,True,0.6136365062530711,0.2184465537773186,3,qEHVI,0.0,0.8200000000000001,0.1,0.0,0.02,0.0,0.0,0.0,0.04,0.0,0.0,0.0,0.0,0.0,0.02
25,1,5,0,True,0.6136365062530711,0.2184465537773186,4,qEHVI,0.58,0.0,0.4,0.0,0.0,0.0,0.0,0.0,0.0,0.0,0.0,0.0,0.0,0.02,0.0
25,2,4,1,False,0.5968479368542763,0.03267935658813603,0,qEHVI,0.38,0.14,0.4,0.0,0.02,0.0,0.0,0.0,0.04,0.0,0.0,0.02,0.0,0.0,0.0
25,2,4,1,False,0.5968479368542763,0.03267935658813603,1,qEHVI,0.0,0.8200000000000001,0.1,0.0,0.02,0.0,0.0,0.0,0.04,0.0,0.0,0.0,0.0,0.0,0.02
25,2,4,1,False,0.5968479368542763,0.03267935658813603,2,qEHVI,0.44,0.12,0.34,0.02,0.0,0.0,0.0,0.0,0.02,0.0,0.0,0.04,0.0,0.0,0.02
25,2,4,1,False,0.5968479368542763,0.03267935658813603,3,qEHVI,0.52,0.18,0.2,0.0,0.0,0.0,0.0,0.0,0.04,0.0,0.0,0.02,0.0,0.04,0.0
25,2,4,1,False,0.5968479368542763,0.03267935658813603,4,qUCB,0.8200000000000001,0.0,0.1,0.0,0.04,0.0,0.0,0.0,0.0,0.0,0.0,0.0,0.0,0.0,0.04
25,3,3,2,False,0.4813031428563984,0.23067493878262768,0,qEHVI,0.38,0.14,0.4,0.0,0.02,0.0,0.0,0.0,0.04,0.0,0.0,0.02,0.0,0.0,0.0
25,3,3,2,False,0.4813031428563984,0.23067493878262768,1,qEHVI,0.44,0.12,0.34,0.02,0.0,0.0,0.0,0.0,0.02,0.0,0.0,0.04,0.0,0.0,0.02
25,3,3,2,False,0.4813031428563984,0.23067493878262768,2,qEHVI,0.52,0.18,0.2,0.0,0.0,0.0,0.0,0.0,0.04,0.0,0.0,0.02,0.0,0.04,0.0
25,3,3,2,False,0.4813031428563984,0.23067493878262768,3,qUCB,0.42,0.5,0.0,0.0,0.04,0.0,0.0,0.0,0.0,0.0,0.0,0.0,0.0,0.0,0.04
25,3,3,2,False,0.4813031428563984,0.23067493878262768,4,qUCB,0.0,0.9400000000000001,0.06,0.0,0.0,0.0,0.0,0.0,0.0,0.0,0.0,0.0,0.0,0.0,0.0
25,4,2,3,False,0.45250732088687223,0.2266301450162449,0,qEHVI,0.38,0.14,0.4,0.0,0.02,0.0,0.0,0.0,0.04,0.0,0.0,0.02,0.0,0.0,0.0
25,4,2,3,False,0.45250732088687223,0.2266301450162449,1,qEHVI,0.44,0.12,0.34,0.02,0.0,0.0,0.0,0.0,0.02,0.0,0.0,0.04,0.0,0.0,0.02
25,4,2,3,False,0.45250732088687223,0.2266301450162449,2,qUCB,0.44,0.48,0.0,0.0,0.0,0.0,0.0,0.0,0.0,0.0,0.0,0.0,0.0,0.04,0.04
25,4,2,3,False,0.45250732088687223,0.2266301450162449,3,qUCB,0.0,0.86,0.06,0.0,0.02,0.0,0.0,0.0,0.0,0.0,0.0,0.02,0.0,0.04,0.0
25,4,2,3,False,0.45250732088687223,0.2266301450162449,4,qUCB,0.42,0.36,0.12,0.04,0.02,0.0,0.0,0.0,0.0,0.0,0.0,0.0,0.0,0.04,0.0
25,5,1,4,False,0.4586579909977785,0.17165560303566352,0,qEHVI,0.0,0.8200000000000001,0.1,0.0,0.02,0.0,0.0,0.0,0.04,0.0,0.0,0.0,0.0,0.0,0.02
25,5,1,4,False,0.4586579909977785,0.17165560303566352,1,qUCB,0.42,0.1,0.38,0.02,0.0,0.0,0.0,0.0,0.0,0.0,0.0,0.04,0.0,0.04,0.0
25,5,1,4,False,0.4586579909977785,0.17165560303566352,2,qUCB,0.72,0.02,0.16,0.04,0.0,0.0,0.0,0.0,0.0,0.0,0.0,0.02,0.0,0.04,0.0
25,5,1,4,False,0.4586579909977785,0.17165560303566352,3,qUCB,0.24,0.0,0.7000000000000001,0.04,0.0,0.0,0.0,0.0,0.0,0.0,0.0,0.0,0.0,0.02,0.0
25,5,1,4,False,0.4586579909977785,0.17165560303566352,4,qUCB,0.26,0.08,0.58,0.0,0.0,0.0,0.0,0.0,0.0,0.0,0.0,0.04,0.0,0.04,0.0
25,6,0,5,False,0.3220021570709047,0.3189673256411165,0,qUCB,0.4,0.5,0.0,0.04,0.02,0.0,0.0,0.0,0.0,0.0,0.0,0.02,0.0,0.02,0.0
25,6,0,5,False,0.3220021570709047,0.3189673256411165,1,qUCB,0.0,0.88,0.08,0.02,0.0,0.0,0.0,0.0,0.0,0.0,0.0,0.0,0.0,0.0,0.02
25,6,0,5,False,0.3220021570709047,0.3189673256411165,2,qUCB,0.26,0.0,0.7000000000000001,0.0,0.0,0.0,0.0,0.0,0.02,0.0,0.0,0.0,0.0,0.02,0.0
25,6,0,5,False,0.3220021570709047,0.3189673256411165,3,qUCB,0.38,0.0,0.62,0.0,0.0,0.0,0.0,0.0,0.0,0.0,0.0,0.0,0.0,0.0,0.0
25,6,0,5,False,0.3220021570709047,0.3189673256411165,4,qUCB,0.0,0.8,0.1,0.04,0.02,0.0,0.0,0.0,0.0,0.0,0.0,0.02,0.0,0.02,0.0
26,1,5,0,True,0.5791903177801629,0.20227875978832266,0,qEHVI,0.42,0.18,0.3,0.02,0.04,0.0,0.0,0.0,0.02,0.0,0.0,0.02,0.0,0.0,0.0
26,1,5,0,True,0.5791903177801629,0.20227875978832266,1,qEHVI,0.38,0.14,0.38,0.0,0.0,0.0,0.0,0.0,0.04,0.0,0.0,0.04,0.0,0.0,0.02
26,1,5,0,True,0.5791903177801629,0.20227875978832266,2,qEHVI,0.4,0.18,0.34,0.0,0.04,0.0,0.0,0.0,0.04,0.0,0.0,0.0,0.0,0.0,0.0
26,1,5,0,True,0.5791903177801629,0.20227875978832266,3,qEHVI,0.62,0.3,0.04,0.0,0.0,0.0,0.0,0.0,0.0,0.0,0.0,0.0,0.0,0.0,0.04
26,1,5,0,True,0.5791903177801629,0.20227875978832266,4,qEHVI,0.4,0.06,0.46,0.0,0.0,0.0,0.0,0.0,0.04,0.0,0.0,0.04,0.0,0.0,0.0
26,2,4,1,False,0.5427112484017178,0.12635081405220383,0,qEHVI,0.42,0.18,0.3,0.02,0.04,0.0,0.0,0.0,0.02,0.0,0.0,0.02,0.0,0.0,0.0
26,2,4,1,False,0.5427112484017178,0.12635081405220383,1,qEHVI,0.38,0.14,0.38,0.0,0.0,0.0,0.0,0.0,0.04,0.0,0.0,0.04,0.0,0.0,0.02
26,2,4,1,False,0.5427112484017178,0.12635081405220383,2,qEHVI,0.4,0.18,0.34,0.0,0.04,0.0,0.0,0.0,0.04,0.0,0.0,0.0,0.0,0.0,0.0
26,2,4,1,False,0.5427112484017178,0.12635081405220383,3,qEHVI,0.62,0.3,0.04,0.0,0.0,0.0,0.0,0.0,0.0,0.0,0.0,0.0,0.0,0.0,0.04
26,2,4,1,False,0.5427112484017178,0.12635081405220383,4,qUCB,0.38,0.16,0.38,0.04,0.0,0.0,0.0,0.0,0.0,0.0,0.0,0.0,0.0,0.04,0.0
26,3,3,2,False,0.43919456934711804,0.3836556422698205,0,qEHVI,0.42,0.18,0.3,0.02,0.04,0.0,0.0,0.0,0.02,0.0,0.0,0.02,0.0,0.0,0.0
26,3,3,2,False,0.43919456934711804,0.3836556422698205,1,qEHVI,0.38,0.14,0.38,0.0,0.0,0.0,0.0,0.0,0.04,0.0,0.0,0.04,0.0,0.0,0.02
26,3,3,2,False,0.43919456934711804,0.3836556422698205,2,qEHVI,0.4,0.18,0.34,0.0,0.04,0.0,0.0,0.0,0.04,0.0,0.0,0.0,0.0,0.0,0.0
26,3,3,2,False,0.43919456934711804,0.3836556422698205,3,qUCB,0.4,0.5,0.0,0.02,0.0,0.0,0.0,0.0,0.0,0.0,0.0,0.0,0.0,0.04,0.04
26,3,3,2,False,0.43919456934711804,0.3836556422698205,4,qUCB,0.22,0.12,0.58,0.0,0.0,0.0,0.0,0.0,0.0,0.0,0.0,0.0,0.0,0.04,0.04
26,4,2,3,False,0.39101954045243414,0.13225719059117802,0,qEHVI,0.42,0.18,0.3,0.02,0.04,0.0,0.0,0.0,0.02,0.0,0.0,0.02,0.0,0.0,0.0
26,4,2,3,False,0.39101954045243414,0.13225719059117802,1,qEHVI,0.38,0.14,0.38,0.0,0.0,0.0,0.0,0.0,0.04,0.0,0.0,0.04,0.0,0.0,0.02
26,4,2,3,False,0.39101954045243414,0.13225719059117802,2,qUCB,0.4,0.5,0.0,0.02,0.0,0.0,0.0,0.0,0.0,0.0,0.0,0.0,0.0,0.04,0.04
26,4,2,3,False,0.39101954045243414,0.13225719059117802,3,qUCB,0.22,0.12,0.58,0.0,0.0,0.0,0.0,0.0,0.0,0.0,0.0,0.0,0.0,0.04,0.04
26,4,2,3,False,0.39101954045243414,0.13225719059117802,4,qUCB,0.22,0.0,0.76,0.0,0.0,0.0,0.0,0.0,0.0,0.0,0.0,0.0,0.0,0.02,0.0
26,5,1,4,False,0.39012916106257756,0.01261998383758467,0,qEHVI,0.42,0.18,0.3,0.02,0.04,0.0,0.0,0.0,0.02,0.0,0.0,0.02,0.0,0.0,0.0
26,5,1,4,False,0.39012916106257756,0.01261998383758467,1,qUCB,0.4,0.5,0.0,0.02,0.0,0.0,0.0,0.0,0.0,0.0,0.0,0.0,0.0,0.04,0.04
26,5,1,4,False,0.39012916106257756,0.01261998383758467,2,qUCB,0.22,0.12,0.58,0.0,0.0,0.0,0.0,0.0,0.0,0.0,0.0,0.0,0.0,0.04,0.04
26,5,1,4,False,0.39012916106257756,0.01261998383758467,3,qUCB,0.22,0.02,0.7000000000000001,0.02,0.0,0.0,0.0,0.0,0.0,0.0,0.0,0.0,0.0,0.04,0.0
26,5,1,4,False,0.39012916106257756,0.01261998383758467,4,qUCB,0.22,0.0,0.76,0.0,0.0,0.0,0.0,0.0,0.0,0.0,0.0,0.0,0.0,0.02,0.0
26,6,0,5,False,0.25884174308877356,0.3082432982967038,0,qUCB,0.42,0.54,0.0,0.04,0.0,0.0,0.0,0.0,0.0,0.0,0.0,0.0,0.0,0.0,0.0
26,6,0,5,False,0.25884174308877356,0.3082432982967038,1,qUCB,0.24,0.0,0.7000000000000001,0.0,0.0,0.0,0.0,0.0,0.0,0.0,0.0,0.02,0.0,0.02,0.02
26,6,0,5,False,0.25884174308877356,0.3082432982967038,2,qUCB,0.22,0.0,0.76,0.0,0.0,0.0,0.0,0.0,0.0,0.0,0.0,0.0,0.0,0.02,0.0
26,6,0,5,False,0.25884174308877356,0.3082432982967038,3,qUCB,0.24,0.08,0.58,0.0,0.02,0.0,0.0,0.0,0.02,0.0,0.0,0.02,0.0,0.0,0.04
26,6,0,5,False,0.25884174308877356,0.3082432982967038,4,qUCB,0.38,0.4,0.12,0.04,0.0,0.0,0.0,0.0,0.02,0.0,0.0,0.0,0.0,0.0,0.04
