iteration,option,n_opt,n_exp,selected,full_qehvi,full_entropy,point_idx,source,x_0,x_1,x_2,x_3,x_4,x_5,x_6
1,1,5,0,False,2.7473764190043495,0.20623434845666466,0,qEHVI,0.0,0.30000000000000004,0.7000000000000001,0.0,0.0,0.0,0.0
1,1,5,0,False,2.7473764190043495,0.20623434845666466,1,qEHVI,0.2,0.1,0.7000000000000001,0.0,0.0,0.0,0.0
1,1,5,0,False,2.7473764190043495,0.20623434845666466,2,qEHVI,0.05,0.05,0.7000000000000001,0.0,0.0,0.1,0.1
1,1,5,0,False,2.7473764190043495,0.20623434845666466,3,qEHVI,0.15000000000000002,0.45,0.4,0.0,0.0,0.0,0.0
1,1,5,0,False,2.7473764190043495,0.20623434845666466,4,qEHVI,0.1,0.05,0.7000000000000001,0.0,0.1,0.05,0.0
1,2,4,1,False,2.7217568136521897,0.29379160301110474,0,qEHVI,0.0,0.30000000000000004,0.7000000000000001,0.0,0.0,0.0,0.0
1,2,4,1,False,2.7217568136521897,0.29379160301110474,1,qEHVI,0.2,0.1,0.7000000000000001,0.0,0.0,0.0,0.0
1,2,4,1,False,2.7217568136521897,0.29379160301110474,2,qEHVI,0.05,0.05,0.7000000000000001,0.0,0.0,0.1,0.1
1,2,4,1,False,2.7217568136521897,0.29379160301110474,3,qEHVI,0.15000000000000002,0.45,0.4,0.0,0.0,0.0,0.0
1,2,4,1,False,2.7217568136521897,0.29379160301110474,4,qUCB,0.0,0.1,0.2,0.1,0.1,0.45,0.05
1,3,3,2,False,2.6286099623501853,0.18087880873395257,0,qEHVI,0.0,0.30000000000000004,0.7000000000000001,0.0,0.0,0.0,0.0
1,3,3,2,False,2.6286099623501853,0.18087880873395257,1,qEHVI,0.2,0.1,0.7000000000000001,0.0,0.0,0.0,0.0
1,3,3,2,False,2.6286099623501853,0.18087880873395257,2,qEHVI,0.05,0.05,0.7000000000000001,0.0,0.0,0.1,0.1
1,3,3,2,False,2.6286099623501853,0.18087880873395257,3,qUCB,0.05,0.1,0.2,0.1,0.1,0.45,0.0
1,3,3,2,False,2.6286099623501853,0.18087880873395257,4,qUCB,0.0,0.5,0.2,0.1,0.1,0.0,0.1
1,4,2,3,False,2.4632202168289243,0.07265800074577733,0,qEHVI,0.0,0.30000000000000004,0.7000000000000001,0.0,0.0,0.0,0.0
1,4,2,3,False,2.4632202168289243,0.07265800074577733,1,qEHVI,0.2,0.1,0.7000000000000001,0.0,0.0,0.0,0.0
1,4,2,3,False,2.4632202168289243,0.07265800074577733,2,qUCB,0.0,0.05,0.2,0.1,0.1,0.45,0.1
1,4,2,3,False,2.4632202168289243,0.07265800074577733,3,qUCB,0.1,0.05,0.2,0.1,0.1,0.45,0.0
1,4,2,3,False,2.4632202168289243,0.07265800074577733,4,qUCB,0.05,0.1,0.2,0.1,0.1,0.35000000000000003,0.1
1,5,1,4,False,2.3645604742697346,0.026975920581689294,0,qEHVI,0.0,0.30000000000000004,0.7000000000000001,0.0,0.0,0.0,0.0
1,5,1,4,False,2.3645604742697346,0.026975920581689294,1,qUCB,0.0,0.05,0.2,0.1,0.1,0.45,0.1
1,5,1,4,False,2.3645604742697346,0.026975920581689294,2,qUCB,0.35000000000000003,0.0,0.2,0.1,0.1,0.15000000000000002,0.1
1,5,1,4,False,2.3645604742697346,0.026975920581689294,3,qUCB,0.35000000000000003,0.05,0.30000000000000004,0.1,0.1,0.0,0.1
1,5,1,4,False,2.3645604742697346,0.026975920581689294,4,qUCB,0.25,0.0,0.2,0.0,0.1,0.45,0.0
1,6,0,5,True,2.679567134836728,0.07576084769456237,0,qUCB,0.2,0.1,0.7000000000000001,0.0,0.0,0.0,0.0
1,6,0,5,True,2.679567134836728,0.07576084769456237,1,qUCB,0.0,0.30000000000000004,0.7000000000000001,0.0,0.0,0.0,0.0
1,6,0,5,True,2.679567134836728,0.07576084769456237,2,qUCB,0.1,0.25,0.55,0.0,0.0,0.1,0.0
1,6,0,5,True,2.679567134836728,0.07576084769456237,3,qUCB,0.1,0.5,0.4,0.0,0.0,0.0,0.0
1,6,0,5,True,2.679567134836728,0.07576084769456237,4,qUCB,0.1,0.0,0.7000000000000001,0.0,0.0,0.1,0.1
2,1,5,0,False,1.6519024701476954,0.2340427814869983,0,qEHVI,0.0,0.15000000000000002,0.7000000000000001,0.05,0.0,0.0,0.1
2,1,5,0,False,1.6519024701476954,0.2340427814869983,1,qEHVI,0.0,0.15000000000000002,0.7000000000000001,0.0,0.05,0.0,0.1
2,1,5,0,False,1.6519024701476954,0.2340427814869983,2,qEHVI,0.15000000000000002,0.05,0.7000000000000001,0.1,0.0,0.0,0.0
2,1,5,0,False,1.6519024701476954,0.2340427814869983,3,qEHVI,0.0,0.2,0.7000000000000001,0.0,0.0,0.0,0.1
2,1,5,0,False,1.6519024701476954,0.2340427814869983,4,qEHVI,0.35000000000000003,0.0,0.6000000000000001,0.0,0.0,0.0,0.05
2,2,4,1,False,1.586066260808966,0.20066999387284135,0,qEHVI,0.0,0.15000000000000002,0.7000000000000001,0.05,0.0,0.0,0.1
2,2,4,1,False,1.586066260808966,0.20066999387284135,1,qEHVI,0.0,0.15000000000000002,0.7000000000000001,0.0,0.05,0.0,0.1
2,2,4,1,False,1.586066260808966,0.20066999387284135,2,qEHVI,0.15000000000000002,0.05,0.7000000000000001,0.1,0.0,0.0,0.0
2,2,4,1,False,1.586066260808966,0.20066999387284135,3,qEHVI,0.0,0.2,0.7000000000000001,0.0,0.0,0.0,0.1
2,2,4,1,False,1.586066260808966,0.20066999387284135,4,qUCB,0.0,0.05,0.2,0.1,0.1,0.45,0.1
2,3,3,2,False,1.57148937456972,0.34762253231601115,0,qEHVI,0.0,0.15000000000000002,0.7000000000000001,0.05,0.0,0.0,0.1
2,3,3,2,False,1.57148937456972,0.34762253231601115,1,qEHVI,0.0,0.15000000000000002,0.7000000000000001,0.0,0.05,0.0,0.1
2,3,3,2,False,1.57148937456972,0.34762253231601115,2,qEHVI,0.15000000000000002,0.05,0.7000000000000001,0.1,0.0,0.0,0.0
2,3,3,2,False,1.57148937456972,0.34762253231601115,3,qUCB,0.0,0.05,0.2,0.1,0.1,0.45,0.1
2,3,3,2,False,1.57148937456972,0.34762253231601115,4,qUCB,0.15000000000000002,0.0,0.2,0.0,0.1,0.45,0.1
2,4,2,3,False,1.4117653841842157,0.25903926478505745,0,qEHVI,0.0,0.15000000000000002,0.7000000000000001,0.05,0.0,0.0,0.1
2,4,2,3,False,1.4117653841842157,0.25903926478505745,1,qEHVI,0.0,0.15000000000000002,0.7000000000000001,0.0,0.05,0.0,0.1
2,4,2,3,False,1.4117653841842157,0.25903926478505745,2,qUCB,0.35000000000000003,0.0,0.2,0.1,0.0,0.35000000000000003,0.0
2,4,2,3,False,1.4117653841842157,0.25903926478505745,3,qUCB,0.0,0.05,0.2,0.1,0.1,0.45,0.1
2,4,2,3,False,1.4117653841842157,0.25903926478505745,4,qUCB,0.35000000000000003,0.2,0.2,0.1,0.1,0.05,0.0
2,5,1,4,False,1.2917751813638925,0.9520985870141612,0,qEHVI,0.0,0.15000000000000002,0.7000000000000001,0.05,0.0,0.0,0.1
2,5,1,4,False,1.2917751813638925,0.9520985870141612,1,qUCB,0.35000000000000003,0.0,0.2,0.1,0.0,0.35000000000000003,0.0
2,5,1,4,False,1.2917751813638925,0.9520985870141612,2,qUCB,0.15000000000000002,0.0,0.2,0.0,0.1,0.45,0.1
2,5,1,4,False,1.2917751813638925,0.9520985870141612,3,qUCB,0.35000000000000003,0.35000000000000003,0.2,0.0,0.1,0.0,0.0
2,5,1,4,False,1.2917751813638925,0.9520985870141612,4,qUCB,0.35000000000000003,0.35000000000000003,0.2,0.1,0.0,0.0,0.0
2,6,0,5,True,1.5351768968203887,0.5847881354020004,0,qUCB,0.0,0.15000000000000002,0.7000000000000001,0.05,0.0,0.0,0.1
2,6,0,5,True,1.5351768968203887,0.5847881354020004,1,qUCB,0.15000000000000002,0.05,0.7000000000000001,0.1,0.0,0.0,0.0
2,6,0,5,True,1.5351768968203887,0.5847881354020004,2,qUCB,0.0,0.15000000000000002,0.7000000000000001,0.0,0.05,0.0,0.1
2,6,0,5,True,1.5351768968203887,0.5847881354020004,3,qUCB,0.35000000000000003,0.1,0.35000000000000003,0.0,0.1,0.0,0.1
2,6,0,5,True,1.5351768968203887,0.5847881354020004,4,qUCB,0.0,0.05,0.30000000000000004,0.0,0.1,0.45,0.1
3,1,5,0,False,1.3257271077614994,0.5406263471032773,0,qEHVI,0.2,0.0,0.7000000000000001,0.0,0.0,0.0,0.1
3,1,5,0,False,1.3257271077614994,0.5406263471032773,1,qEHVI,0.0,0.0,0.7000000000000001,0.05,0.0,0.15000000000000002,0.1
3,1,5,0,False,1.3257271077614994,0.5406263471032773,2,qEHVI,0.0,0.1,0.7000000000000001,0.1,0.0,0.05,0.05
3,1,5,0,False,1.3257271077614994,0.5406263471032773,3,qEHVI,0.0,0.35000000000000003,0.2,0.0,0.0,0.45,0.0
3,1,5,0,False,1.3257271077614994,0.5406263471032773,4,qEHVI,0.35000000000000003,0.30000000000000004,0.2,0.1,0.05,0.0,0.0
3,2,4,1,False,1.3151583016403403,0.19552469467756683,0,qEHVI,0.2,0.0,0.7000000000000001,0.0,0.0,0.0,0.1
3,2,4,1,False,1.3151583016403403,0.19552469467756683,1,qEHVI,0.0,0.0,0.7000000000000001,0.05,0.0,0.15000000000000002,0.1
3,2,4,1,False,1.3151583016403403,0.19552469467756683,2,qEHVI,0.0,0.1,0.7000000000000001,0.1,0.0,0.05,0.05
3,2,4,1,False,1.3151583016403403,0.19552469467756683,3,qEHVI,0.0,0.35000000000000003,0.2,0.0,0.0,0.45,0.0
3,2,4,1,False,1.3151583016403403,0.19552469467756683,4,qUCB,0.35000000000000003,0.25,0.2,0.1,0.1,0.0,0.0
3,3,3,2,False,1.3251843724878258,0.7891550622228456,0,qEHVI,0.2,0.0,0.7000000000000001,0.0,0.0,0.0,0.1
3,3,3,2,False,1.3251843724878258,0.7891550622228456,1,qEHVI,0.0,0.0,0.7000000000000001,0.05,0.0,0.15000000000000002,0.1
3,3,3,2,False,1.3251843724878258,0.7891550622228456,2,qEHVI,0.0,0.1,0.7000000000000001,0.1,0.0,0.05,0.05
3,3,3,2,False,1.3251843724878258,0.7891550622228456,3,qUCB,0.35000000000000003,0.30000000000000004,0.2,0.05,0.1,0.0,0.0
3,3,3,2,False,1.3251843724878258,0.7891550622228456,4,qUCB,0.0,0.35000000000000003,0.2,0.0,0.0,0.45,0.0
3,4,2,3,False,1.1726882154915435,0.43313159373172727,0,qEHVI,0.2,0.0,0.7000000000000001,0.0,0.0,0.0,0.1
3,4,2,3,False,1.1726882154915435,0.43313159373172727,1,qEHVI,0.0,0.0,0.7000000000000001,0.05,0.0,0.15000000000000002,0.1
3,4,2,3,False,1.1726882154915435,0.43313159373172727,2,qUCB,0.35000000000000003,0.25,0.2,0.1,0.1,0.0,0.0
3,4,2,3,False,1.1726882154915435,0.43313159373172727,3,qUCB,0.0,0.35000000000000003,0.2,0.0,0.0,0.45,0.0
3,4,2,3,False,1.1726882154915435,0.43313159373172727,4,qUCB,0.2,0.05,0.2,0.0,0.1,0.45,0.0
3,5,1,4,False,0.9325072579816517,0.31236682433021024,0,qEHVI,0.2,0.0,0.7000000000000001,0.0,0.0,0.0,0.1
3,5,1,4,False,0.9325072579816517,0.31236682433021024,1,qUCB,0.0,0.25,0.2,0.1,0.0,0.45,0.0
3,5,1,4,False,0.9325072579816517,0.31236682433021024,2,qUCB,0.35000000000000003,0.25,0.2,0.1,0.1,0.0,0.0
3,5,1,4,False,0.9325072579816517,0.31236682433021024,3,qUCB,0.15000000000000002,0.0,0.2,0.1,0.1,0.45,0.0
3,5,1,4,False,0.9325072579816517,0.31236682433021024,4,qUCB,0.05,0.5,0.2,0.1,0.1,0.05,0.0
3,6,0,5,True,0.9469590109617341,0.21448212190185956,0,qUCB,0.2,0.0,0.7000000000000001,0.0,0.0,0.0,0.1
3,6,0,5,True,0.9469590109617341,0.21448212190185956,1,qUCB,0.0,0.35000000000000003,0.2,0.0,0.0,0.45,0.0
3,6,0,5,True,0.9469590109617341,0.21448212190185956,2,qUCB,0.35000000000000003,0.25,0.2,0.1,0.1,0.0,0.0
3,6,0,5,True,0.9469590109617341,0.21448212190185956,3,qUCB,0.35000000000000003,0.35000000000000003,0.2,0.0,0.0,0.0,0.1
3,6,0,5,True,0.9469590109617341,0.21448212190185956,4,qUCB,0.30000000000000004,0.0,0.2,0.05,0.0,0.45,0.0
4,1,5,0,False,1.2246310160550125,0.6120085679167975,0,qEHVI,0.0,0.0,0.7000000000000001,0.1,0.0,0.1,0.1
4,1,5,0,False,1.2246310160550125,0.6120085679167975,1,qEHVI,0.1,0.0,0.7000000000000001,0.1,0.0,0.05,0.05
4,1,5,0,False,1.2246310160550125,0.6120085679167975,2,qEHVI,0.05,0.05,0.7000000000000001,0.1,0.0,0.0,0.1
4,1,5,0,False,1.2246310160550125,0.6120085679167975,3,qEHVI,0.0,0.0,0.65,0.05,0.0,0.2,0.1
4,1,5,0,False,1.2246310160550125,0.6120085679167975,4,qEHVI,0.0,0.05,0.7000000000000001,0.1,0.0,0.05,0.1
4,2,4,1,False,1.1627896134850388,0.333404531916889,0,qEHVI,0.0,0.0,0.7000000000000001,0.1,0.0,0.1,0.1
4,2,4,1,False,1.1627896134850388,0.333404531916889,1,qEHVI,0.1,0.0,0.7000000000000001,0.1,0.0,0.05,0.05
4,2,4,1,False,1.1627896134850388,0.333404531916889,2,qEHVI,0.05,0.1,0.7000000000000001,0.05,0.0,0.0,0.1
4,2,4,1,False,1.1627896134850388,0.333404531916889,3,qEHVI,0.0,0.05,0.7000000000000001,0.1,0.0,0.05,0.1
4,2,4,1,False,1.1627896134850388,0.333404531916889,4,qUCB,0.30000000000000004,0.45,0.2,0.0,0.0,0.05,0.0
4,3,3,2,False,1.0695471246888777,0.2621686357511315,0,qEHVI,0.0,0.0,0.7000000000000001,0.1,0.0,0.1,0.1
4,3,3,2,False,1.0695471246888777,0.2621686357511315,1,qEHVI,0.1,0.0,0.7000000000000001,0.1,0.0,0.05,0.05
4,3,3,2,False,1.0695471246888777,0.2621686357511315,2,qEHVI,0.05,0.05,0.7000000000000001,0.1,0.0,0.0,0.1
4,3,3,2,False,1.0695471246888777,0.2621686357511315,3,qUCB,0.30000000000000004,0.45,0.2,0.0,0.0,0.05,0.0
4,3,3,2,False,1.0695471246888777,0.2621686357511315,4,qUCB,0.2,0.5,0.2,0.0,0.1,0.0,0.0
4,4,2,3,False,0.9345496114736525,0.13805683118982426,0,qEHVI,0.0,0.0,0.7000000000000001,0.1,0.0,0.1,0.1
4,4,2,3,False,0.9345496114736525,0.13805683118982426,1,qEHVI,0.1,0.0,0.7000000000000001,0.1,0.0,0.05,0.05
4,4,2,3,False,0.9345496114736525,0.13805683118982426,2,qUCB,0.30000000000000004,0.45,0.2,0.0,0.0,0.05,0.0
4,4,2,3,False,0.9345496114736525,0.13805683118982426,3,qUCB,0.2,0.5,0.2,0.0,0.1,0.0,0.0
4,4,2,3,False,0.9345496114736525,0.13805683118982426,4,qUCB,0.0,0.5,0.2,0.0,0.1,0.1,0.1
4,5,1,4,False,0.7119935017476425,0.2802381133578802,0,qEHVI,0.0,0.0,0.7000000000000001,0.1,0.0,0.1,0.1
4,5,1,4,False,0.7119935017476425,0.2802381133578802,1,qUCB,0.30000000000000004,0.45,0.2,0.0,0.0,0.05,0.0
4,5,1,4,False,0.7119935017476425,0.2802381133578802,2,qUCB,0.2,0.5,0.2,0.0,0.1,0.0,0.0
4,5,1,4,False,0.7119935017476425,0.2802381133578802,3,qUCB,0.0,0.5,0.2,0.0,0.1,0.1,0.1
4,5,1,4,False,0.7119935017476425,0.2802381133578802,4,qUCB,0.35000000000000003,0.4,0.2,0.05,0.0,0.0,0.0
4,6,0,5,True,0.8855285427491694,0.39600263068901675,0,qUCB,0.0,0.0,0.7000000000000001,0.1,0.0,0.1,0.1
4,6,0,5,True,0.8855285427491694,0.39600263068901675,1,qUCB,0.0,0.5,0.35000000000000003,0.05,0.0,0.0,0.1
4,6,0,5,True,0.8855285427491694,0.39600263068901675,2,qUCB,0.35000000000000003,0.0,0.6000000000000001,0.05,0.0,0.0,0.0
4,6,0,5,True,0.8855285427491694,0.39600263068901675,3,qUCB,0.35000000000000003,0.4,0.2,0.05,0.0,0.0,0.0
4,6,0,5,True,0.8855285427491694,0.39600263068901675,4,qUCB,0.0,0.0,0.7000000000000001,0.1,0.0,0.2,0.0
5,1,5,0,False,0.9752664975652234,0.35088525862293984,0,qEHVI,0.1,0.0,0.7000000000000001,0.1,0.0,0.0,0.1
5,1,5,0,False,0.9752664975652234,0.35088525862293984,1,qEHVI,0.05,0.0,0.7000000000000001,0.1,0.0,0.05,0.1
5,1,5,0,False,0.9752664975652234,0.35088525862293984,2,qEHVI,0.0,0.0,0.7000000000000001,0.05,0.0,0.15000000000000002,0.1
5,1,5,0,False,0.9752664975652234,0.35088525862293984,3,qEHVI,0.1,0.05,0.7000000000000001,0.1,0.0,0.0,0.05
5,1,5,0,False,0.9752664975652234,0.35088525862293984,4,qEHVI,0.05,0.1,0.7000000000000001,0.05,0.0,0.0,0.1
5,2,4,1,False,0.9206782222591273,0.30325339047628663,0,qEHVI,0.1,0.0,0.7000000000000001,0.1,0.0,0.0,0.1
5,2,4,1,False,0.9206782222591273,0.30325339047628663,1,qEHVI,0.05,0.0,0.7000000000000001,0.1,0.0,0.05,0.1
5,2,4,1,False,0.9206782222591273,0.30325339047628663,2,qEHVI,0.0,0.0,0.7000000000000001,0.05,0.0,0.15000000000000002,0.1
5,2,4,1,False,0.9206782222591273,0.30325339047628663,3,qEHVI,0.1,0.05,0.7000000000000001,0.1,0.0,0.0,0.05
5,2,4,1,False,0.9206782222591273,0.30325339047628663,4,qUCB,0.15000000000000002,0.5,0.2,0.0,0.1,0.0,0.05
5,3,3,2,False,0.8333795032525684,0.18151796611320314,0,qEHVI,0.1,0.0,0.7000000000000001,0.1,0.0,0.0,0.1
5,3,3,2,False,0.8333795032525684,0.18151796611320314,1,qEHVI,0.05,0.0,0.7000000000000001,0.1,0.0,0.05,0.1
5,3,3,2,False,0.8333795032525684,0.18151796611320314,2,qEHVI,0.0,0.0,0.7000000000000001,0.05,0.0,0.15000000000000002,0.1
5,3,3,2,False,0.8333795032525684,0.18151796611320314,3,qUCB,0.15000000000000002,0.5,0.2,0.05,0.1,0.0,0.0
5,3,3,2,False,0.8333795032525684,0.18151796611320314,4,qUCB,0.25,0.5,0.2,0.0,0.0,0.0,0.05
5,4,2,3,False,0.701897013238828,0.33922538295474247,0,qEHVI,0.1,0.0,0.7000000000000001,0.1,0.0,0.0,0.1
5,4,2,3,False,0.701897013238828,0.33922538295474247,1,qEHVI,0.05,0.0,0.7000000000000001,0.1,0.0,0.05,0.1
5,4,2,3,False,0.701897013238828,0.33922538295474247,2,qUCB,0.15000000000000002,0.5,0.2,0.0,0.1,0.0,0.05
5,4,2,3,False,0.701897013238828,0.33922538295474247,3,qUCB,0.25,0.5,0.2,0.0,0.0,0.0,0.05
5,4,2,3,False,0.701897013238828,0.33922538295474247,4,qUCB,0.0,0.5,0.30000000000000004,0.1,0.1,0.0,0.0
5,5,1,4,False,0.5517971959145045,0.5084217423332635,0,qEHVI,0.1,0.0,0.7000000000000001,0.1,0.0,0.0,0.1
5,5,1,4,False,0.5517971959145045,0.5084217423332635,1,qUCB,0.15000000000000002,0.5,0.2,0.0,0.1,0.0,0.05
5,5,1,4,False,0.5517971959145045,0.5084217423332635,2,qUCB,0.25,0.5,0.2,0.0,0.0,0.0,0.05
5,5,1,4,False,0.5517971959145045,0.5084217423332635,3,qUCB,0.0,0.5,0.35000000000000003,0.0,0.1,0.05,0.0
5,5,1,4,False,0.5517971959145045,0.5084217423332635,4,qUCB,0.35000000000000003,0.35000000000000003,0.2,0.0,0.1,0.0,0.0
5,6,0,5,True,0.564053984282861,0.43417028936917124,0,qUCB,0.1,0.0,0.7000000000000001,0.1,0.0,0.0,0.1
5,6,0,5,True,0.564053984282861,0.43417028936917124,1,qUCB,0.15000000000000002,0.5,0.2,0.0,0.1,0.0,0.05
5,6,0,5,True,0.564053984282861,0.43417028936917124,2,qUCB,0.0,0.0,0.7000000000000001,0.1,0.1,0.05,0.05
5,6,0,5,True,0.564053984282861,0.43417028936917124,3,qUCB,0.0,0.5,0.30000000000000004,0.1,0.1,0.0,0.0
5,6,0,5,True,0.564053984282861,0.43417028936917124,4,qUCB,0.2,0.45,0.2,0.1,0.0,0.0,0.05
6,1,5,0,False,0.5206734174155923,0.17971665453247532,0,qEHVI,0.0,0.0,0.7000000000000001,0.05,0.0,0.15000000000000002,0.1
6,1,5,0,False,0.5206734174155923,0.17971665453247532,1,qEHVI,0.1,0.05,0.7000000000000001,0.1,0.0,0.0,0.05
6,1,5,0,False,0.5206734174155923,0.17971665453247532,2,qEHVI,0.0,0.05,0.7000000000000001,0.1,0.0,0.05,0.1
6,1,5,0,False,0.5206734174155923,0.17971665453247532,3,qEHVI,0.05,0.0,0.7000000000000001,0.1,0.0,0.05,0.1
6,1,5,0,False,0.5206734174155923,0.17971665453247532,4,qEHVI,0.05,0.1,0.7000000000000001,0.1,0.0,0.0,0.05
6,2,4,1,False,0.4538275087016991,0.2670034269494952,0,qEHVI,0.0,0.0,0.7000000000000001,0.05,0.0,0.15000000000000002,0.1
6,2,4,1,False,0.4538275087016991,0.2670034269494952,1,qEHVI,0.1,0.05,0.7000000000000001,0.1,0.0,0.0,0.05
6,2,4,1,False,0.4538275087016991,0.2670034269494952,2,qEHVI,0.0,0.05,0.7000000000000001,0.1,0.0,0.05,0.1
6,2,4,1,False,0.4538275087016991,0.2670034269494952,3,qEHVI,0.05,0.0,0.7000000000000001,0.1,0.0,0.05,0.1
6,2,4,1,False,0.4538275087016991,0.2670034269494952,4,qUCB,0.30000000000000004,0.45,0.2,0.0,0.0,0.05,0.0
6,3,3,2,False,0.3841689072646029,0.9499190827902408,0,qEHVI,0.0,0.0,0.7000000000000001,0.05,0.0,0.15000000000000002,0.1
6,3,3,2,False,0.3841689072646029,0.9499190827902408,1,qEHVI,0.1,0.05,0.7000000000000001,0.1,0.0,0.0,0.05
6,3,3,2,False,0.3841689072646029,0.9499190827902408,2,qEHVI,0.0,0.05,0.7000000000000001,0.1,0.0,0.05,0.1
6,3,3,2,False,0.3841689072646029,0.9499190827902408,3,qUCB,0.30000000000000004,0.45,0.2,0.0,0.0,0.05,0.0
6,3,3,2,False,0.3841689072646029,0.9499190827902408,4,qUCB,0.35000000000000003,0.25,0.2,0.0,0.0,0.2,0.0
6,4,2,3,False,0.28675021406356777,0.15670364330426323,0,qEHVI,0.0,0.0,0.7000000000000001,0.05,0.0,0.15000000000000002,0.1
6,4,2,3,False,0.28675021406356777,0.15670364330426323,1,qEHVI,0.1,0.05,0.7000000000000001,0.1,0.0,0.0,0.05
6,4,2,3,False,0.28675021406356777,0.15670364330426323,2,qUCB,0.30000000000000004,0.45,0.2,0.0,0.0,0.05,0.0
6,4,2,3,False,0.28675021406356777,0.15670364330426323,3,qUCB,0.35000000000000003,0.25,0.2,0.0,0.0,0.2,0.0
6,4,2,3,False,0.28675021406356777,0.15670364330426323,4,qUCB,0.0,0.0,0.35000000000000003,0.1,0.1,0.45,0.0
6,5,1,4,False,0.18274697679571753,0.16182693345298033,0,qEHVI,0.0,0.0,0.7000000000000001,0.05,0.0,0.15000000000000002,0.1
6,5,1,4,False,0.18274697679571753,0.16182693345298033,1,qUCB,0.25,0.5,0.2,0.05,0.0,0.0,0.0
6,5,1,4,False,0.18274697679571753,0.16182693345298033,2,qUCB,0.35000000000000003,0.25,0.2,0.0,0.0,0.2,0.0
6,5,1,4,False,0.18274697679571753,0.16182693345298033,3,qUCB,0.30000000000000004,0.45,0.2,0.0,0.0,0.05,0.0
6,5,1,4,False,0.18274697679571753,0.16182693345298033,4,qUCB,0.35000000000000003,0.25,0.30000000000000004,0.1,0.0,0.0,0.0
6,6,0,5,True,0.2412681001729919,0.3273206556988083,0,qUCB,0.0,0.05,0.7000000000000001,0.1,0.0,0.05,0.1
6,6,0,5,True,0.2412681001729919,0.3273206556988083,1,qUCB,0.35000000000000003,0.1,0.35000000000000003,0.1,0.0,0.0,0.1
6,6,0,5,True,0.2412681001729919,0.3273206556988083,2,qUCB,0.0,0.0,0.65,0.0,0.0,0.25,0.1
6,6,0,5,True,0.2412681001729919,0.3273206556988083,3,qUCB,0.0,0.0,0.35000000000000003,0.1,0.1,0.45,0.0
6,6,0,5,True,0.2412681001729919,0.3273206556988083,4,qUCB,0.35000000000000003,0.25,0.2,0.0,0.0,0.2,0.0
7,1,5,0,False,0.4447082663068157,0.28518533586226447,0,qEHVI,0.0,0.0,0.7000000000000001,0.05,0.0,0.15000000000000002,0.1
7,1,5,0,False,0.4447082663068157,0.28518533586226447,1,qEHVI,0.05,0.05,0.7000000000000001,0.1,0.0,0.0,0.1
7,1,5,0,False,0.4447082663068157,0.28518533586226447,2,qEHVI,0.05,0.15000000000000002,0.7000000000000001,0.1,0.0,0.0,0.0
7,1,5,0,False,0.4447082663068157,0.28518533586226447,3,qEHVI,0.0,0.0,0.7000000000000001,0.0,0.0,0.2,0.1
7,1,5,0,False,0.4447082663068157,0.28518533586226447,4,qEHVI,0.05,0.0,0.7000000000000001,0.1,0.0,0.05,0.1
7,2,4,1,False,0.39107027106353376,0.4138537133368132,0,qEHVI,0.0,0.0,0.7000000000000001,0.05,0.0,0.15000000000000002,0.1
7,2,4,1,False,0.39107027106353376,0.4138537133368132,1,qEHVI,0.05,0.05,0.7000000000000001,0.1,0.0,0.0,0.1
7,2,4,1,False,0.39107027106353376,0.4138537133368132,2,qEHVI,0.05,0.15000000000000002,0.7000000000000001,0.1,0.0,0.0,0.0
7,2,4,1,False,0.39107027106353376,0.4138537133368132,3,qEHVI,0.0,0.0,0.7000000000000001,0.0,0.0,0.2,0.1
7,2,4,1,False,0.39107027106353376,0.4138537133368132,4,qUCB,0.2,0.5,0.2,0.0,0.0,0.0,0.1
7,3,3,2,False,0.3356222065045317,0.16582478379224774,0,qEHVI,0.0,0.0,0.7000000000000001,0.05,0.0,0.15000000000000002,0.1
7,3,3,2,False,0.3356222065045317,0.16582478379224774,1,qEHVI,0.05,0.05,0.7000000000000001,0.1,0.0,0.0,0.1
7,3,3,2,False,0.3356222065045317,0.16582478379224774,2,qEHVI,0.05,0.15000000000000002,0.7000000000000001,0.1,0.0,0.0,0.0
7,3,3,2,False,0.3356222065045317,0.16582478379224774,3,qUCB,0.2,0.5,0.2,0.0,0.0,0.0,0.1
7,3,3,2,False,0.3356222065045317,0.16582478379224774,4,qUCB,0.30000000000000004,0.45,0.2,0.0,0.05,0.0,0.0
7,4,2,3,False,0.2844055279297626,0.12083948972847214,0,qEHVI,0.0,0.0,0.7000000000000001,0.05,0.0,0.15000000000000002,0.1
7,4,2,3,False,0.2844055279297626,0.12083948972847214,1,qEHVI,0.05,0.05,0.7000000000000001,0.1,0.0,0.0,0.1
7,4,2,3,False,0.2844055279297626,0.12083948972847214,2,qUCB,0.25,0.5,0.2,0.05,0.0,0.0,0.0
7,4,2,3,False,0.2844055279297626,0.12083948972847214,3,qUCB,0.30000000000000004,0.45,0.2,0.0,0.05,0.0,0.0
7,4,2,3,False,0.2844055279297626,0.12083948972847214,4,qUCB,0.2,0.5,0.2,0.0,0.0,0.0,0.1
7,5,1,4,False,0.17588997493761285,0.08212133948880629,0,qEHVI,0.0,0.0,0.7000000000000001,0.05,0.0,0.15000000000000002,0.1
7,5,1,4,False,0.17588997493761285,0.08212133948880629,1,qUCB,0.25,0.5,0.2,0.05,0.0,0.0,0.0
7,5,1,4,False,0.17588997493761285,0.08212133948880629,2,qUCB,0.30000000000000004,0.45,0.2,0.0,0.05,0.0,0.0
7,5,1,4,False,0.17588997493761285,0.08212133948880629,3,qUCB,0.25,0.45,0.2,0.1,0.0,0.0,0.0
7,5,1,4,False,0.17588997493761285,0.08212133948880629,4,qUCB,0.15000000000000002,0.0,0.2,0.1,0.1,0.45,0.0
7,6,0,5,True,0.26065638552716297,0.4454680888962912,0,qUCB,0.0,0.0,0.7000000000000001,0.05,0.0,0.15000000000000002,0.1
7,6,0,5,True,0.26065638552716297,0.4454680888962912,1,qUCB,0.0,0.0,0.55,0.0,0.1,0.25,0.1
7,6,0,5,True,0.26065638552716297,0.4454680888962912,2,qUCB,0.25,0.5,0.2,0.05,0.0,0.0,0.0
7,6,0,5,True,0.26065638552716297,0.4454680888962912,3,qUCB,0.05,0.15000000000000002,0.7000000000000001,0.1,0.0,0.0,0.0
7,6,0,5,True,0.26065638552716297,0.4454680888962912,4,qUCB,0.0,0.0,0.4,0.05,0.0,0.45,0.1
8,1,5,0,False,0.3535662901581996,0.24996001158579162,0,qEHVI,0.05,0.1,0.7000000000000001,0.1,0.0,0.0,0.05
8,1,5,0,False,0.3535662901581996,0.24996001158579162,1,qEHVI,0.1,0.05,0.7000000000000001,0.1,0.0,0.0,0.05
8,1,5,0,False,0.3535662901581996,0.24996001158579162,2,qEHVI,0.05,0.0,0.7000000000000001,0.1,0.0,0.05,0.1
8,1,5,0,False,0.3535662901581996,0.24996001158579162,3,qEHVI,0.0,0.0,0.7000000000000001,0.0,0.0,0.2,0.1
8,1,5,0,False,0.3535662901581996,0.24996001158579162,4,qEHVI,0.05,0.05,0.7000000000000001,0.1,0.0,0.05,0.05
8,2,4,1,False,0.3074212552688412,0.10337249406928706,0,qEHVI,0.05,0.1,0.7000000000000001,0.1,0.0,0.0,0.05
8,2,4,1,False,0.3074212552688412,0.10337249406928706,1,qEHVI,0.1,0.05,0.7000000000000001,0.1,0.0,0.0,0.05
8,2,4,1,False,0.3074212552688412,0.10337249406928706,2,qEHVI,0.05,0.0,0.7000000000000001,0.1,0.0,0.05,0.1
8,2,4,1,False,0.3074212552688412,0.10337249406928706,3,qEHVI,0.0,0.0,0.7000000000000001,0.0,0.0,0.2,0.1
8,2,4,1,False,0.3074212552688412,0.10337249406928706,4,qUCB,0.25,0.5,0.2,0.0,0.0,0.0,0.05
8,3,3,2,False,0.26380285689782496,0.1808152602058808,0,qEHVI,0.05,0.1,0.7000000000000001,0.1,0.0,0.0,0.05
8,3,3,2,False,0.26380285689782496,0.1808152602058808,1,qEHVI,0.1,0.05,0.7000000000000001,0.1,0.0,0.0,0.05
8,3,3,2,False,0.26380285689782496,0.1808152602058808,2,qEHVI,0.05,0.0,0.7000000000000001,0.1,0.0,0.05,0.1
8,3,3,2,False,0.26380285689782496,0.1808152602058808,3,qUCB,0.0,0.0,0.35000000000000003,0.0,0.1,0.45,0.1
8,3,3,2,False,0.26380285689782496,0.1808152602058808,4,qUCB,0.1,0.0,0.30000000000000004,0.0,0.1,0.45,0.05
8,4,2,3,False,0.20828195997595922,0.9793367664523256,0,qEHVI,0.05,0.1,0.7000000000000001,0.1,0.0,0.0,0.05
8,4,2,3,False,0.20828195997595922,0.9793367664523256,1,qEHVI,0.1,0.05,0.7000000000000001,0.1,0.0,0.0,0.05
8,4,2,3,False,0.20828195997595922,0.9793367664523256,2,qUCB,0.0,0.0,0.35000000000000003,0.0,0.1,0.45,0.1
8,4,2,3,False,0.20828195997595922,0.9793367664523256,3,qUCB,0.1,0.0,0.30000000000000004,0.0,0.1,0.45,0.05
8,4,2,3,False,0.20828195997595922,0.9793367664523256,4,qUCB,0.25,0.45,0.2,0.0,0.0,0.0,0.1
8,5,1,4,False,0.1266098508116377,0.15863780512422698,0,qEHVI,0.05,0.1,0.7000000000000001,0.1,0.0,0.0,0.05
8,5,1,4,False,0.1266098508116377,0.15863780512422698,1,qUCB,0.0,0.0,0.35000000000000003,0.0,0.1,0.45,0.1
8,5,1,4,False,0.1266098508116377,0.15863780512422698,2,qUCB,0.1,0.0,0.30000000000000004,0.0,0.1,0.45,0.05
8,5,1,4,False,0.1266098508116377,0.15863780512422698,3,qUCB,0.25,0.45,0.2,0.0,0.0,0.0,0.1
8,5,1,4,False,0.1266098508116377,0.15863780512422698,4,qUCB,0.35000000000000003,0.0,0.2,0.0,0.0,0.35000000000000003,0.1
8,6,0,5,True,0.11021880418652115,1.1085763327729108,0,qUCB,0.05,0.0,0.7000000000000001,0.1,0.0,0.05,0.1
8,6,0,5,True,0.11021880418652115,1.1085763327729108,1,qUCB,0.35000000000000003,0.0,0.55,0.0,0.0,0.0,0.1
8,6,0,5,True,0.11021880418652115,1.1085763327729108,2,qUCB,0.30000000000000004,0.0,0.6000000000000001,0.1,0.0,0.0,0.0
8,6,0,5,True,0.11021880418652115,1.1085763327729108,3,qUCB,0.1,0.0,0.30000000000000004,0.0,0.1,0.45,0.05
8,6,0,5,True,0.11021880418652115,1.1085763327729108,4,qUCB,0.1,0.0,0.2,0.1,0.1,0.4,0.1
9,1,5,0,False,0.26091728521159685,1.7048984848125883,0,qEHVI,0.1,0.05,0.7000000000000001,0.1,0.0,0.0,0.05
9,1,5,0,False,0.26091728521159685,1.7048984848125883,1,qEHVI,0.05,0.05,0.7000000000000001,0.1,0.0,0.0,0.1
9,1,5,0,False,0.26091728521159685,1.7048984848125883,2,qEHVI,0.15000000000000002,0.0,0.7000000000000001,0.05,0.0,0.0,0.1
9,1,5,0,False,0.26091728521159685,1.7048984848125883,3,qEHVI,0.1,0.15000000000000002,0.7000000000000001,0.05,0.0,0.0,0.0
9,1,5,0,False,0.26091728521159685,1.7048984848125883,4,qEHVI,0.2,0.0,0.7000000000000001,0.1,0.0,0.0,0.0
9,2,4,1,False,0.24285947925013085,0.9052184115064232,0,qEHVI,0.1,0.05,0.7000000000000001,0.1,0.0,0.0,0.05
9,2,4,1,False,0.24285947925013085,0.9052184115064232,1,qEHVI,0.05,0.05,0.7000000000000001,0.1,0.0,0.0,0.1
9,2,4,1,False,0.24285947925013085,0.9052184115064232,2,qEHVI,0.15000000000000002,0.0,0.7000000000000001,0.05,0.0,0.0,0.1
9,2,4,1,False,0.24285947925013085,0.9052184115064232,3,qEHVI,0.1,0.15000000000000002,0.7000000000000001,0.05,0.0,0.0,0.0
9,2,4,1,False,0.24285947925013085,0.9052184115064232,4,qUCB,0.05,0.0,0.30000000000000004,0.0,0.1,0.45,0.1
9,3,3,2,False,0.21790991835942922,0.1688539426070026,0,qEHVI,0.1,0.05,0.7000000000000001,0.1,0.0,0.0,0.05
9,3,3,2,False,0.21790991835942922,0.1688539426070026,1,qEHVI,0.05,0.05,0.7000000000000001,0.1,0.0,0.0,0.1
9,3,3,2,False,0.21790991835942922,0.1688539426070026,2,qEHVI,0.15000000000000002,0.0,0.7000000000000001,0.05,0.0,0.0,0.1
9,3,3,2,False,0.21790991835942922,0.1688539426070026,3,qUCB,0.05,0.0,0.30000000000000004,0.0,0.1,0.45,0.1
9,3,3,2,False,0.21790991835942922,0.1688539426070026,4,qUCB,0.25,0.5,0.2,0.0,0.0,0.05,0.0
9,4,2,3,False,0.17196507038743286,0.0875657269605945,0,qEHVI,0.1,0.05,0.7000000000000001,0.1,0.0,0.0,0.05
9,4,2,3,False,0.17196507038743286,0.0875657269605945,1,qEHVI,0.05,0.05,0.7000000000000001,0.1,0.0,0.0,0.1
9,4,2,3,False,0.17196507038743286,0.0875657269605945,2,qUCB,0.05,0.0,0.30000000000000004,0.0,0.1,0.45,0.1
9,4,2,3,False,0.17196507038743286,0.0875657269605945,3,qUCB,0.25,0.45,0.2,0.0,0.0,0.0,0.1
9,4,2,3,False,0.17196507038743286,0.0875657269605945,4,qUCB,0.15000000000000002,0.5,0.2,0.0,0.0,0.05,0.1
9,5,1,4,False,0.10886656376461096,0.7790231008296349,0,qEHVI,0.1,0.05,0.7000000000000001,0.1,0.0,0.0,0.05
9,5,1,4,False,0.10886656376461096,0.7790231008296349,1,qUCB,0.05,0.0,0.30000000000000004,0.0,0.1,0.45,0.1
9,5,1,4,False,0.10886656376461096,0.7790231008296349,2,qUCB,0.25,0.45,0.2,0.0,0.0,0.0,0.1
9,5,1,4,False,0.10886656376461096,0.7790231008296349,3,qUCB,0.15000000000000002,0.5,0.2,0.0,0.0,0.05,0.1
9,5,1,4,False,0.10886656376461096,0.7790231008296349,4,qUCB,0.0,0.5,0.2,0.0,0.1,0.15000000000000002,0.05
9,6,0,5,True,0.08312291408060496,0.25499938869238026,0,qUCB,0.05,0.05,0.7000000000000001,0.1,0.0,0.0,0.1
9,6,0,5,True,0.08312291408060496,0.25499938869238026,1,qUCB,0.0,0.0,0.6000000000000001,0.1,0.0,0.2,0.1
9,6,0,5,True,0.08312291408060496,0.25499938869238026,2,qUCB,0.25,0.30000000000000004,0.35000000000000003,0.1,0.0,0.0,0.0
9,6,0,5,True,0.08312291408060496,0.25499938869238026,3,qUCB,0.15000000000000002,0.0,0.7000000000000001,0.05,0.1,0.0,0.0
9,6,0,5,True,0.08312291408060496,0.25499938869238026,4,qUCB,0.0,0.05,0.7000000000000001,0.0,0.0,0.15000000000000002,0.1
10,1,5,0,False,0.30996120577122954,0.3650681260353785,0,qEHVI,0.1,0.05,0.7000000000000001,0.1,0.0,0.0,0.05
10,1,5,0,False,0.30996120577122954,0.3650681260353785,1,qEHVI,0.05,0.1,0.7000000000000001,0.1,0.0,0.0,0.05
10,1,5,0,False,0.30996120577122954,0.3650681260353785,2,qEHVI,0.0,0.0,0.65,0.05,0.0,0.2,0.1
10,1,5,0,False,0.30996120577122954,0.3650681260353785,3,qEHVI,0.25,0.0,0.7000000000000001,0.05,0.0,0.0,0.0
10,1,5,0,False,0.30996120577122954,0.3650681260353785,4,qEHVI,0.1,0.0,0.7000000000000001,0.1,0.0,0.05,0.05
10,2,4,1,False,0.28088769086600346,0.1095246899690192,0,qEHVI,0.1,0.05,0.7000000000000001,0.1,0.0,0.0,0.05
10,2,4,1,False,0.28088769086600346,0.1095246899690192,1,qEHVI,0.05,0.1,0.7000000000000001,0.1,0.0,0.0,0.05
10,2,4,1,False,0.28088769086600346,0.1095246899690192,2,qEHVI,0.0,0.0,0.65,0.05,0.0,0.2,0.1
10,2,4,1,False,0.28088769086600346,0.1095246899690192,3,qEHVI,0.25,0.0,0.7000000000000001,0.05,0.0,0.0,0.0
10,2,4,1,False,0.28088769086600346,0.1095246899690192,4,qUCB,0.25,0.45,0.2,0.0,0.0,0.0,0.1
10,3,3,2,False,0.24287642599973958,0.16746164846749423,0,qEHVI,0.1,0.05,0.7000000000000001,0.1,0.0,0.0,0.05
10,3,3,2,False,0.24287642599973958,0.16746164846749423,1,qEHVI,0.05,0.1,0.7000000000000001,0.1,0.0,0.0,0.05
10,3,3,2,False,0.24287642599973958,0.16746164846749423,2,qEHVI,0.0,0.0,0.65,0.05,0.0,0.2,0.1
10,3,3,2,False,0.24287642599973958,0.16746164846749423,3,qUCB,0.25,0.5,0.2,0.0,0.0,0.05,0.0
10,3,3,2,False,0.24287642599973958,0.16746164846749423,4,qUCB,0.25,0.45,0.2,0.0,0.0,0.0,0.1
10,4,2,3,False,0.19882906743927592,0.26871366363135607,0,qEHVI,0.1,0.05,0.7000000000000001,0.1,0.0,0.0,0.05
10,4,2,3,False,0.19882906743927592,0.26871366363135607,1,qEHVI,0.05,0.1,0.7000000000000001,0.1,0.0,0.0,0.05
10,4,2,3,False,0.19882906743927592,0.26871366363135607,2,qUCB,0.0,0.0,0.30000000000000004,0.05,0.1,0.45,0.1
10,4,2,3,False,0.19882906743927592,0.26871366363135607,3,qUCB,0.0,0.5,0.2,0.0,0.1,0.2,0.0
10,4,2,3,False,0.19882906743927592,0.26871366363135607,4,qUCB,0.25,0.45,0.2,0.0,0.0,0.0,0.1
10,5,1,4,False,0.12061243874627454,0.08327482807847164,0,qEHVI,0.1,0.05,0.7000000000000001,0.1,0.0,0.0,0.05
10,5,1,4,False,0.12061243874627454,0.08327482807847164,1,qUCB,0.0,0.0,0.30000000000000004,0.05,0.1,0.45,0.1
10,5,1,4,False,0.12061243874627454,0.08327482807847164,2,qUCB,0.0,0.5,0.2,0.0,0.1,0.2,0.0
10,5,1,4,False,0.12061243874627454,0.08327482807847164,3,qUCB,0.0,0.5,0.2,0.0,0.1,0.1,0.1
10,5,1,4,False,0.12061243874627454,0.08327482807847164,4,qUCB,0.15000000000000002,0.5,0.2,0.0,0.0,0.15000000000000002,0.0
10,6,0,5,True,0.08266926972559392,0.2491294146232459,0,qUCB,0.0,0.0,0.65,0.1,0.0,0.15000000000000002,0.1
10,6,0,5,True,0.08266926972559392,0.2491294146232459,1,qUCB,0.05,0.0,0.7000000000000001,0.1,0.0,0.1,0.05
10,6,0,5,True,0.08266926972559392,0.2491294146232459,2,qUCB,0.35000000000000003,0.15000000000000002,0.5,0.0,0.0,0.0,0.0
10,6,0,5,True,0.08266926972559392,0.2491294146232459,3,qUCB,0.15000000000000002,0.5,0.2,0.0,0.0,0.15000000000000002,0.0
10,6,0,5,True,0.08266926972559392,0.2491294146232459,4,qUCB,0.0,0.1,0.7000000000000001,0.1,0.0,0.0,0.1
11,1,5,0,False,0.3275403233982838,0.4384892856501672,0,qEHVI,0.1,0.05,0.7000000000000001,0.1,0.0,0.0,0.05
11,1,5,0,False,0.3275403233982838,0.4384892856501672,1,qEHVI,0.05,0.1,0.7000000000000001,0.1,0.0,0.0,0.05
11,1,5,0,False,0.3275403233982838,0.4384892856501672,2,qEHVI,0.25,0.0,0.65,0.1,0.0,0.0,0.0
11,1,5,0,False,0.3275403233982838,0.4384892856501672,3,qEHVI,0.05,0.05,0.7000000000000001,0.1,0.0,0.05,0.05
11,1,5,0,False,0.3275403233982838,0.4384892856501672,4,qEHVI,0.1,0.05,0.7000000000000001,0.1,0.0,0.05,0.0
11,2,4,1,False,0.29845858900018774,0.8740045922689053,0,qEHVI,0.1,0.05,0.7000000000000001,0.1,0.0,0.0,0.05
11,2,4,1,False,0.29845858900018774,0.8740045922689053,1,qEHVI,0.05,0.1,0.7000000000000001,0.1,0.0,0.0,0.05
11,2,4,1,False,0.29845858900018774,0.8740045922689053,2,qEHVI,0.25,0.0,0.65,0.1,0.0,0.0,0.0
11,2,4,1,False,0.29845858900018774,0.8740045922689053,3,qEHVI,0.05,0.05,0.7000000000000001,0.1,0.0,0.05,0.05
11,2,4,1,False,0.29845858900018774,0.8740045922689053,4,qUCB,0.0,0.0,0.4,0.0,0.1,0.4,0.1
11,3,3,2,False,0.2598698575089545,1.0244504775433239,0,qEHVI,0.1,0.05,0.7000000000000001,0.1,0.0,0.0,0.05
11,3,3,2,False,0.2598698575089545,1.0244504775433239,1,qEHVI,0.05,0.1,0.7000000000000001,0.1,0.0,0.0,0.05
11,3,3,2,False,0.2598698575089545,1.0244504775433239,2,qEHVI,0.25,0.0,0.65,0.1,0.0,0.0,0.0
11,3,3,2,False,0.2598698575089545,1.0244504775433239,3,qUCB,0.0,0.0,0.4,0.0,0.1,0.4,0.1
11,3,3,2,False,0.2598698575089545,1.0244504775433239,4,qUCB,0.05,0.0,0.2,0.1,0.1,0.45,0.1
11,4,2,3,False,0.2143743432275282,0.05649632946775096,0,qEHVI,0.1,0.05,0.7000000000000001,0.1,0.0,0.0,0.05
11,4,2,3,False,0.2143743432275282,0.05649632946775096,1,qEHVI,0.05,0.1,0.7000000000000001,0.1,0.0,0.0,0.05
11,4,2,3,False,0.2143743432275282,0.05649632946775096,2,qUCB,0.0,0.0,0.4,0.0,0.1,0.4,0.1
11,4,2,3,False,0.2143743432275282,0.05649632946775096,3,qUCB,0.05,0.0,0.2,0.1,0.1,0.45,0.1
11,4,2,3,False,0.2143743432275282,0.05649632946775096,4,qUCB,0.35000000000000003,0.0,0.2,0.0,0.1,0.35000000000000003,0.0
11,5,1,4,False,0.13166696679825543,0.03927807299157893,0,qEHVI,0.1,0.05,0.7000000000000001,0.1,0.0,0.0,0.05
11,5,1,4,False,0.13166696679825543,0.03927807299157893,1,qUCB,0.0,0.0,0.4,0.0,0.1,0.4,0.1
11,5,1,4,False,0.13166696679825543,0.03927807299157893,2,qUCB,0.05,0.0,0.2,0.1,0.1,0.45,0.1
11,5,1,4,False,0.13166696679825543,0.03927807299157893,3,qUCB,0.35000000000000003,0.0,0.2,0.0,0.1,0.35000000000000003,0.0
11,5,1,4,False,0.13166696679825543,0.03927807299157893,4,qUCB,0.0,0.45,0.2,0.0,0.1,0.15000000000000002,0.1
11,6,0,5,True,0.1211216894069517,1.2701781380686228,0,qUCB,0.05,0.0,0.7000000000000001,0.0,0.0,0.15000000000000002,0.1
11,6,0,5,True,0.1211216894069517,1.2701781380686228,1,qUCB,0.1,0.0,0.7000000000000001,0.1,0.0,0.1,0.0
11,6,0,5,True,0.1211216894069517,1.2701781380686228,2,qUCB,0.2,0.0,0.7000000000000001,0.1,0.0,0.0,0.0
11,6,0,5,True,0.1211216894069517,1.2701781380686228,3,qUCB,0.0,0.05,0.7000000000000001,0.05,0.0,0.1,0.1
11,6,0,5,True,0.1211216894069517,1.2701781380686228,4,qUCB,0.1,0.0,0.7000000000000001,0.0,0.0,0.2,0.0
12,1,5,0,False,0.2647580377116928,1.2296554408108111,0,qEHVI,0.05,0.1,0.7000000000000001,0.1,0.0,0.0,0.05
12,1,5,0,False,0.2647580377116928,1.2296554408108111,1,qEHVI,0.1,0.1,0.7000000000000001,0.05,0.0,0.0,0.05
12,1,5,0,False,0.2647580377116928,1.2296554408108111,2,qEHVI,0.0,0.0,0.7000000000000001,0.0,0.0,0.2,0.1
12,1,5,0,False,0.2647580377116928,1.2296554408108111,3,qEHVI,0.25,0.0,0.65,0.1,0.0,0.0,0.0
12,1,5,0,False,0.2647580377116928,1.2296554408108111,4,qEHVI,0.05,0.1,0.7000000000000001,0.1,0.0,0.05,0.0
12,2,4,1,False,0.24178017240843783,0.9797920011317238,0,qEHVI,0.05,0.1,0.7000000000000001,0.1,0.0,0.0,0.05
12,2,4,1,False,0.24178017240843783,0.9797920011317238,1,qEHVI,0.1,0.1,0.7000000000000001,0.05,0.0,0.0,0.05
12,2,4,1,False,0.24178017240843783,0.9797920011317238,2,qEHVI,0.0,0.0,0.7000000000000001,0.0,0.0,0.2,0.1
12,2,4,1,False,0.24178017240843783,0.9797920011317238,3,qEHVI,0.25,0.0,0.65,0.1,0.0,0.0,0.0
12,2,4,1,False,0.24178017240843783,0.9797920011317238,4,qUCB,0.05,0.0,0.2,0.1,0.1,0.45,0.1
12,3,3,2,False,0.20440121175814713,0.3898402799053393,0,qEHVI,0.05,0.1,0.7000000000000001,0.1,0.0,0.0,0.05
12,3,3,2,False,0.20440121175814713,0.3898402799053393,1,qEHVI,0.1,0.1,0.7000000000000001,0.05,0.0,0.0,0.05
12,3,3,2,False,0.20440121175814713,0.3898402799053393,2,qEHVI,0.0,0.0,0.7000000000000001,0.0,0.0,0.2,0.1
12,3,3,2,False,0.20440121175814713,0.3898402799053393,3,qUCB,0.05,0.0,0.2,0.1,0.1,0.45,0.1
12,3,3,2,False,0.20440121175814713,0.3898402799053393,4,qUCB,0.0,0.5,0.2,0.0,0.1,0.1,0.1
12,4,2,3,False,0.15986195646951717,1.8487132698099362,0,qEHVI,0.05,0.1,0.7000000000000001,0.1,0.0,0.0,0.05
12,4,2,3,False,0.15986195646951717,1.8487132698099362,1,qEHVI,0.1,0.1,0.7000000000000001,0.05,0.0,0.0,0.05
12,4,2,3,False,0.15986195646951717,1.8487132698099362,2,qUCB,0.0,0.0,0.35000000000000003,0.0,0.1,0.45,0.1
12,4,2,3,False,0.15986195646951717,1.8487132698099362,3,qUCB,0.05,0.0,0.2,0.1,0.1,0.45,0.1
12,4,2,3,False,0.15986195646951717,1.8487132698099362,4,qUCB,0.0,0.5,0.2,0.0,0.1,0.1,0.1
12,5,1,4,False,0.09330327440842928,0.13518848089753244,0,qEHVI,0.05,0.1,0.7000000000000001,0.1,0.0,0.0,0.05
12,5,1,4,False,0.09330327440842928,0.13518848089753244,1,qUCB,0.0,0.0,0.35000000000000003,0.0,0.1,0.45,0.1
12,5,1,4,False,0.09330327440842928,0.13518848089753244,2,qUCB,0.0,0.5,0.2,0.0,0.1,0.1,0.1
12,5,1,4,False,0.09330327440842928,0.13518848089753244,3,qUCB,0.35000000000000003,0.0,0.2,0.0,0.1,0.30000000000000004,0.05
12,5,1,4,False,0.09330327440842928,0.13518848089753244,4,qUCB,0.35000000000000003,0.0,0.2,0.05,0.0,0.30000000000000004,0.1
12,6,0,5,True,0.060031557491524036,0.19086591215381432,0,qUCB,0.0,0.0,0.7000000000000001,0.0,0.0,0.2,0.1
12,6,0,5,True,0.060031557491524036,0.19086591215381432,1,qUCB,0.0,0.05,0.7000000000000001,0.1,0.0,0.1,0.05
12,6,0,5,True,0.060031557491524036,0.19086591215381432,2,qUCB,0.0,0.0,0.7000000000000001,0.0,0.05,0.15000000000000002,0.1
12,6,0,5,True,0.060031557491524036,0.19086591215381432,3,qUCB,0.35000000000000003,0.0,0.5,0.05,0.1,0.0,0.0
12,6,0,5,True,0.060031557491524036,0.19086591215381432,4,qUCB,0.35000000000000003,0.0,0.30000000000000004,0.1,0.0,0.15000000000000002,0.1
13,1,5,0,False,0.2923627155620853,0.2856768345708769,0,qEHVI,0.05,0.1,0.7000000000000001,0.1,0.0,0.0,0.05
13,1,5,0,False,0.2923627155620853,0.2856768345708769,1,qEHVI,0.15000000000000002,0.0,0.7000000000000001,0.1,0.0,0.0,0.05
13,1,5,0,False,0.2923627155620853,0.2856768345708769,2,qEHVI,0.05,0.05,0.7000000000000001,0.1,0.0,0.05,0.05
13,1,5,0,False,0.2923627155620853,0.2856768345708769,3,qEHVI,0.25,0.0,0.65,0.1,0.0,0.0,0.0
13,1,5,0,False,0.2923627155620853,0.2856768345708769,4,qEHVI,0.0,0.0,0.65,0.05,0.0,0.2,0.1
13,2,4,1,False,0.2687878272840653,0.2258443035341564,0,qEHVI,0.05,0.1,0.7000000000000001,0.1,0.0,0.0,0.05
13,2,4,1,False,0.2687878272840653,0.2258443035341564,1,qEHVI,0.15000000000000002,0.0,0.7000000000000001,0.1,0.0,0.0,0.05
13,2,4,1,False,0.2687878272840653,0.2258443035341564,2,qEHVI,0.05,0.05,0.7000000000000001,0.1,0.0,0.05,0.05
13,2,4,1,False,0.2687878272840653,0.2258443035341564,3,qEHVI,0.25,0.0,0.65,0.1,0.0,0.0,0.0
13,2,4,1,False,0.2687878272840653,0.2258443035341564,4,qUCB,0.0,0.0,0.35000000000000003,0.0,0.1,0.45,0.1
13,3,3,2,False,0.23075644888457014,0.14492556544387014,0,qEHVI,0.05,0.1,0.7000000000000001,0.1,0.0,0.0,0.05
13,3,3,2,False,0.23075644888457014,0.14492556544387014,1,qEHVI,0.15000000000000002,0.0,0.7000000000000001,0.1,0.0,0.0,0.05
13,3,3,2,False,0.23075644888457014,0.14492556544387014,2,qEHVI,0.05,0.05,0.7000000000000001,0.1,0.0,0.05,0.05
13,3,3,2,False,0.23075644888457014,0.14492556544387014,3,qUCB,0.0,0.0,0.35000000000000003,0.0,0.1,0.45,0.1
13,3,3,2,False,0.23075644888457014,0.14492556544387014,4,qUCB,0.35000000000000003,0.0,0.2,0.0,0.1,0.35000000000000003,0.0
13,4,2,3,False,0.18850387433216687,0.06774175204551547,0,qEHVI,0.05,0.1,0.7000000000000001,0.1,0.0,0.0,0.05
13,4,2,3,False,0.18850387433216687,0.06774175204551547,1,qEHVI,0.15000000000000002,0.0,0.7000000000000001,0.1,0.0,0.0,0.05
13,4,2,3,False,0.18850387433216687,0.06774175204551547,2,qUCB,0.0,0.0,0.35000000000000003,0.0,0.1,0.45,0.1
13,4,2,3,False,0.18850387433216687,0.06774175204551547,3,qUCB,0.35000000000000003,0.0,0.2,0.0,0.1,0.35000000000000003,0.0
13,4,2,3,False,0.18850387433216687,0.06774175204551547,4,qUCB,0.0,0.5,0.2,0.0,0.1,0.2,0.0
13,5,1,4,False,0.10367859169401689,0.050719444338342135,0,qEHVI,0.05,0.1,0.7000000000000001,0.1,0.0,0.0,0.05
13,5,1,4,False,0.10367859169401689,0.050719444338342135,1,qUCB,0.0,0.0,0.35000000000000003,0.0,0.1,0.45,0.1
13,5,1,4,False,0.10367859169401689,0.050719444338342135,2,qUCB,0.35000000000000003,0.0,0.2,0.0,0.1,0.35000000000000003,0.0
13,5,1,4,False,0.10367859169401689,0.050719444338342135,3,qUCB,0.25,0.0,0.2,0.0,0.1,0.45,0.0
13,5,1,4,False,0.10367859169401689,0.050719444338342135,4,qUCB,0.0,0.5,0.2,0.0,0.1,0.2,0.0
13,6,0,5,True,0.04999738748485869,0.30356088743296894,0,qUCB,0.05,0.05,0.7000000000000001,0.1,0.0,0.05,0.05
13,6,0,5,True,0.04999738748485869,0.30356088743296894,1,qUCB,0.05,0.0,0.65,0.1,0.0,0.1,0.1
13,6,0,5,True,0.04999738748485869,0.30356088743296894,2,qUCB,0.0,0.1,0.6000000000000001,0.1,0.0,0.1,0.1
13,6,0,5,True,0.04999738748485869,0.30356088743296894,3,qUCB,0.05,0.0,0.4,0.1,0.0,0.35000000000000003,0.1
13,6,0,5,True,0.04999738748485869,0.30356088743296894,4,qUCB,0.25,0.35000000000000003,0.30000000000000004,0.0,0.0,0.0,0.1
14,1,5,0,False,0.17376912485053905,0.35158474600905265,0,qEHVI,0.15000000000000002,0.0,0.7000000000000001,0.1,0.0,0.0,0.05
14,1,5,0,False,0.17376912485053905,0.35158474600905265,1,qEHVI,0.25,0.0,0.65,0.1,0.0,0.0,0.0
14,1,5,0,False,0.17376912485053905,0.35158474600905265,2,qEHVI,0.1,0.0,0.7000000000000001,0.1,0.0,0.05,0.05
14,1,5,0,False,0.17376912485053905,0.35158474600905265,3,qEHVI,0.1,0.1,0.7000000000000001,0.1,0.0,0.0,0.0
14,1,5,0,False,0.17376912485053905,0.35158474600905265,4,qEHVI,0.05,0.1,0.7000000000000001,0.1,0.0,0.05,0.0
14,2,4,1,False,0.16196959733016508,0.1729628513278989,0,qEHVI,0.15000000000000002,0.0,0.7000000000000001,0.1,0.0,0.0,0.05
14,2,4,1,False,0.16196959733016508,0.1729628513278989,1,qEHVI,0.25,0.0,0.65,0.1,0.0,0.0,0.0
14,2,4,1,False,0.16196959733016508,0.1729628513278989,2,qEHVI,0.1,0.0,0.7000000000000001,0.1,0.0,0.05,0.05
14,2,4,1,False,0.16196959733016508,0.1729628513278989,3,qEHVI,0.1,0.1,0.7000000000000001,0.1,0.0,0.0,0.0
14,2,4,1,False,0.16196959733016508,0.1729628513278989,4,qUCB,0.0,0.0,0.30000000000000004,0.05,0.1,0.45,0.1
14,3,3,2,False,0.1459920816812187,0.13327466456828052,0,qEHVI,0.15000000000000002,0.0,0.7000000000000001,0.1,0.0,0.0,0.05
14,3,3,2,False,0.1459920816812187,0.13327466456828052,1,qEHVI,0.25,0.0,0.65,0.1,0.0,0.0,0.0
14,3,3,2,False,0.1459920816812187,0.13327466456828052,2,qEHVI,0.1,0.0,0.7000000000000001,0.1,0.0,0.05,0.05
14,3,3,2,False,0.1459920816812187,0.13327466456828052,3,qUCB,0.0,0.0,0.30000000000000004,0.05,0.1,0.45,0.1
14,3,3,2,False,0.1459920816812187,0.13327466456828052,4,qUCB,0.0,0.5,0.2,0.0,0.1,0.1,0.1
14,4,2,3,False,0.11348736906335688,0.028679703443618365,0,qEHVI,0.15000000000000002,0.0,0.7000000000000001,0.1,0.0,0.0,0.05
14,4,2,3,False,0.11348736906335688,0.028679703443618365,1,qEHVI,0.25,0.0,0.65,0.1,0.0,0.0,0.0
14,4,2,3,False,0.11348736906335688,0.028679703443618365,2,qUCB,0.0,0.0,0.30000000000000004,0.05,0.1,0.45,0.1
14,4,2,3,False,0.11348736906335688,0.028679703443618365,3,qUCB,0.0,0.5,0.2,0.0,0.1,0.1,0.1
14,4,2,3,False,0.11348736906335688,0.028679703443618365,4,qUCB,0.0,0.5,0.2,0.1,0.1,0.0,0.1
14,5,1,4,False,0.07515029155413917,0.09680480039663952,0,qEHVI,0.15000000000000002,0.0,0.7000000000000001,0.1,0.0,0.0,0.05
14,5,1,4,False,0.07515029155413917,0.09680480039663952,1,qUCB,0.0,0.0,0.30000000000000004,0.05,0.1,0.45,0.1
14,5,1,4,False,0.07515029155413917,0.09680480039663952,2,qUCB,0.0,0.5,0.2,0.0,0.1,0.1,0.1
14,5,1,4,False,0.07515029155413917,0.09680480039663952,3,qUCB,0.0,0.5,0.2,0.1,0.1,0.0,0.1
14,5,1,4,False,0.07515029155413917,0.09680480039663952,4,qUCB,0.0,0.45,0.2,0.0,0.0,0.25,0.1
14,6,0,5,True,0.0520125095363052,0.2452539472350388,0,qUCB,0.0,0.1,0.7000000000000001,0.1,0.0,0.05,0.05
14,6,0,5,True,0.0520125095363052,0.2452539472350388,1,qUCB,0.0,0.0,0.7000000000000001,0.1,0.0,0.15000000000000002,0.05
14,6,0,5,True,0.0520125095363052,0.2452539472350388,2,qUCB,0.0,0.05,0.6000000000000001,0.1,0.0,0.15000000000000002,0.1
14,6,0,5,True,0.0520125095363052,0.2452539472350388,3,qUCB,0.0,0.0,0.30000000000000004,0.1,0.1,0.4,0.1
14,6,0,5,True,0.0520125095363052,0.2452539472350388,4,qUCB,0.30000000000000004,0.0,0.7000000000000001,0.0,0.0,0.0,0.0
15,1,5,0,True,0.20892946872594415,0.41635977237330124,0,qEHVI,0.1,0.05,0.7000000000000001,0.1,0.0,0.0,0.05
15,1,5,0,True,0.20892946872594415,0.41635977237330124,1,qEHVI,0.1,0.0,0.7000000000000001,0.1,0.0,0.05,0.05
15,1,5,0,True,0.20892946872594415,0.41635977237330124,2,qEHVI,0.25,0.0,0.65,0.1,0.0,0.0,0.0
15,1,5,0,True,0.20892946872594415,0.41635977237330124,3,qEHVI,0.0,0.0,0.65,0.05,0.0,0.2,0.1
15,1,5,0,True,0.20892946872594415,0.41635977237330124,4,qEHVI,0.1,0.1,0.65,0.1,0.0,0.0,0.05
15,2,4,1,False,0.19432757170743103,1.0444665916859535,0,qEHVI,0.1,0.05,0.7000000000000001,0.1,0.0,0.0,0.05
15,2,4,1,False,0.19432757170743103,1.0444665916859535,1,qEHVI,0.1,0.0,0.7000000000000001,0.1,0.0,0.05,0.05
15,2,4,1,False,0.19432757170743103,1.0444665916859535,2,qEHVI,0.25,0.0,0.65,0.1,0.0,0.0,0.0
15,2,4,1,False,0.19432757170743103,1.0444665916859535,3,qEHVI,0.0,0.0,0.65,0.05,0.0,0.2,0.1
15,2,4,1,False,0.19432757170743103,1.0444665916859535,4,qUCB,0.25,0.5,0.2,0.0,0.0,0.0,0.05
15,3,3,2,False,0.1652674915693474,0.3057639580281606,0,qEHVI,0.1,0.05,0.7000000000000001,0.1,0.0,0.0,0.05
15,3,3,2,False,0.1652674915693474,0.3057639580281606,1,qEHVI,0.1,0.0,0.7000000000000001,0.1,0.0,0.05,0.05
15,3,3,2,False,0.1652674915693474,0.3057639580281606,2,qEHVI,0.25,0.0,0.65,0.1,0.0,0.0,0.0
15,3,3,2,False,0.1652674915693474,0.3057639580281606,3,qUCB,0.05,0.0,0.30000000000000004,0.0,0.1,0.45,0.1
15,3,3,2,False,0.1652674915693474,0.3057639580281606,4,qUCB,0.0,0.0,0.4,0.0,0.1,0.4,0.1
15,4,2,3,False,0.1316890152424762,0.26788080082431875,0,qEHVI,0.1,0.05,0.7000000000000001,0.1,0.0,0.0,0.05
15,4,2,3,False,0.1316890152424762,0.26788080082431875,1,qEHVI,0.1,0.0,0.7000000000000001,0.1,0.0,0.05,0.05
15,4,2,3,False,0.1316890152424762,0.26788080082431875,2,qUCB,0.05,0.0,0.30000000000000004,0.0,0.1,0.45,0.1
15,4,2,3,False,0.1316890152424762,0.26788080082431875,3,qUCB,0.0,0.0,0.4,0.0,0.1,0.4,0.1
15,4,2,3,False,0.1316890152424762,0.26788080082431875,4,qUCB,0.0,0.4,0.2,0.0,0.1,0.2,0.1
15,5,1,4,False,0.09439192639250629,0.04781883738218484,0,qEHVI,0.1,0.05,0.7000000000000001,0.1,0.0,0.0,0.05
15,5,1,4,False,0.09439192639250629,0.04781883738218484,1,qUCB,0.05,0.0,0.30000000000000004,0.0,0.1,0.45,0.1
15,5,1,4,False,0.09439192639250629,0.04781883738218484,2,qUCB,0.0,0.0,0.4,0.0,0.1,0.4,0.1
15,5,1,4,False,0.09439192639250629,0.04781883738218484,3,qUCB,0.0,0.4,0.2,0.0,0.1,0.2,0.1
15,5,1,4,False,0.09439192639250629,0.04781883738218484,4,qUCB,0.0,0.5,0.2,0.1,0.1,0.0,0.1
15,6,0,5,False,0.045760245683430546,0.39680771384103863,0,qUCB,0.1,0.0,0.7000000000000001,0.1,0.0,0.05,0.05
15,6,0,5,False,0.045760245683430546,0.39680771384103863,1,qUCB,0.0,0.0,0.55,0.1,0.0,0.25,0.1
15,6,0,5,False,0.045760245683430546,0.39680771384103863,2,qUCB,0.0,0.0,0.55,0.0,0.0,0.45,0.0
15,6,0,5,False,0.045760245683430546,0.39680771384103863,3,qUCB,0.0,0.0,0.7000000000000001,0.05,0.1,0.15000000000000002,0.0
15,6,0,5,False,0.045760245683430546,0.39680771384103863,4,qUCB,0.05,0.0,0.6000000000000001,0.1,0.0,0.15000000000000002,0.1
16,1,5,0,True,0.10150586773911867,0.2175635184303708,0,qEHVI,0.0,0.15000000000000002,0.7000000000000001,0.1,0.0,0.0,0.05
16,1,5,0,True,0.10150586773911867,0.2175635184303708,1,qEHVI,0.1,0.1,0.7000000000000001,0.1,0.0,0.0,0.0
16,1,5,0,True,0.10150586773911867,0.2175635184303708,2,qEHVI,0.15000000000000002,0.0,0.7000000000000001,0.1,0.0,0.0,0.05
16,1,5,0,True,0.10150586773911867,0.2175635184303708,3,qEHVI,0.0,0.15000000000000002,0.65,0.1,0.0,0.05,0.05
16,1,5,0,True,0.10150586773911867,0.2175635184303708,4,qEHVI,0.0,0.05,0.65,0.0,0.0,0.2,0.1
16,2,4,1,False,0.08653032561970028,0.1978370950689925,0,qEHVI,0.0,0.15000000000000002,0.7000000000000001,0.1,0.0,0.0,0.05
16,2,4,1,False,0.08653032561970028,0.1978370950689925,1,qEHVI,0.1,0.1,0.7000000000000001,0.1,0.0,0.0,0.0
16,2,4,1,False,0.08653032561970028,0.1978370950689925,2,qEHVI,0.15000000000000002,0.0,0.7000000000000001,0.1,0.0,0.0,0.05
16,2,4,1,False,0.08653032561970028,0.1978370950689925,3,qEHVI,0.0,0.15000000000000002,0.65,0.1,0.0,0.05,0.05
16,2,4,1,False,0.08653032561970028,0.1978370950689925,4,qUCB,0.05,0.0,0.30000000000000004,0.0,0.1,0.45,0.1
16,3,3,2,False,0.07574339605499092,0.07688798439595779,0,qEHVI,0.0,0.15000000000000002,0.7000000000000001,0.1,0.0,0.0,0.05
16,3,3,2,False,0.07574339605499092,0.07688798439595779,1,qEHVI,0.1,0.1,0.7000000000000001,0.1,0.0,0.0,0.0
16,3,3,2,False,0.07574339605499092,0.07688798439595779,2,qEHVI,0.15000000000000002,0.0,0.7000000000000001,0.1,0.0,0.0,0.05
16,3,3,2,False,0.07574339605499092,0.07688798439595779,3,qUCB,0.05,0.0,0.30000000000000004,0.0,0.1,0.45,0.1
16,3,3,2,False,0.07574339605499092,0.07688798439595779,4,qUCB,0.0,0.0,0.4,0.0,0.1,0.4,0.1
16,4,2,3,False,0.05640494481435512,0.13573266000339412,0,qEHVI,0.0,0.15000000000000002,0.7000000000000001,0.1,0.0,0.0,0.05
16,4,2,3,False,0.05640494481435512,0.13573266000339412,1,qEHVI,0.1,0.1,0.7000000000000001,0.1,0.0,0.0,0.0
16,4,2,3,False,0.05640494481435512,0.13573266000339412,2,qUCB,0.05,0.0,0.30000000000000004,0.0,0.1,0.45,0.1
16,4,2,3,False,0.05640494481435512,0.13573266000339412,3,qUCB,0.0,0.0,0.4,0.0,0.1,0.4,0.1
16,4,2,3,False,0.05640494481435512,0.13573266000339412,4,qUCB,0.35000000000000003,0.0,0.2,0.0,0.1,0.35000000000000003,0.0
16,5,1,4,False,0.03614553296245862,0.1155008471446255,0,qEHVI,0.0,0.15000000000000002,0.7000000000000001,0.1,0.0,0.0,0.05
16,5,1,4,False,0.03614553296245862,0.1155008471446255,1,qUCB,0.05,0.0,0.30000000000000004,0.0,0.1,0.45,0.1
16,5,1,4,False,0.03614553296245862,0.1155008471446255,2,qUCB,0.35000000000000003,0.0,0.2,0.0,0.1,0.35000000000000003,0.0
16,5,1,4,False,0.03614553296245862,0.1155008471446255,3,qUCB,0.0,0.0,0.4,0.0,0.1,0.4,0.1
16,5,1,4,False,0.03614553296245862,0.1155008471446255,4,qUCB,0.0,0.5,0.2,0.0,0.1,0.1,0.1
16,6,0,5,False,0.052257867085063345,0.22198822699207454,0,qUCB,0.0,0.15000000000000002,0.7000000000000001,0.1,0.0,0.0,0.05
16,6,0,5,False,0.052257867085063345,0.22198822699207454,1,qUCB,0.0,0.0,0.55,0.0,0.0,0.45,0.0
16,6,0,5,False,0.052257867085063345,0.22198822699207454,2,qUCB,0.0,0.0,0.7000000000000001,0.0,0.1,0.2,0.0
16,6,0,5,False,0.052257867085063345,0.22198822699207454,3,qUCB,0.15000000000000002,0.0,0.7000000000000001,0.1,0.0,0.0,0.05
16,6,0,5,False,0.052257867085063345,0.22198822699207454,4,qUCB,0.0,0.45,0.2,0.1,0.0,0.15000000000000002,0.1
17,1,5,0,True,0.0896887153312091,0.06682939788377062,0,qEHVI,0.05,0.1,0.7000000000000001,0.05,0.0,0.05,0.05
17,1,5,0,True,0.0896887153312091,0.06682939788377062,1,qEHVI,0.30000000000000004,0.0,0.6000000000000001,0.05,0.0,0.0,0.05
17,1,5,0,True,0.0896887153312091,0.06682939788377062,2,qEHVI,0.2,0.05,0.65,0.1,0.0,0.0,0.0
17,1,5,0,True,0.0896887153312091,0.06682939788377062,3,qEHVI,0.05,0.0,0.65,0.0,0.0,0.2,0.1
17,1,5,0,True,0.0896887153312091,0.06682939788377062,4,qEHVI,0.2,0.0,0.65,0.1,0.0,0.0,0.05
17,2,4,1,False,0.0836752241838713,0.17111632899817764,0,qEHVI,0.05,0.1,0.7000000000000001,0.05,0.0,0.05,0.05
17,2,4,1,False,0.0836752241838713,0.17111632899817764,1,qEHVI,0.30000000000000004,0.0,0.6000000000000001,0.05,0.0,0.0,0.05
17,2,4,1,False,0.0836752241838713,0.17111632899817764,2,qEHVI,0.2,0.05,0.65,0.1,0.0,0.0,0.0
17,2,4,1,False,0.0836752241838713,0.17111632899817764,3,qEHVI,0.05,0.0,0.65,0.0,0.0,0.2,0.1
17,2,4,1,False,0.0836752241838713,0.17111632899817764,4,qUCB,0.0,0.0,0.35000000000000003,0.1,0.1,0.35000000000000003,0.1
17,3,3,2,False,0.07445136015127232,0.28270574642278756,0,qEHVI,0.05,0.1,0.7000000000000001,0.05,0.0,0.05,0.05
17,3,3,2,False,0.07445136015127232,0.28270574642278756,1,qEHVI,0.30000000000000004,0.0,0.6000000000000001,0.05,0.0,0.0,0.05
17,3,3,2,False,0.07445136015127232,0.28270574642278756,2,qEHVI,0.2,0.05,0.65,0.1,0.0,0.0,0.0
17,3,3,2,False,0.07445136015127232,0.28270574642278756,3,qUCB,0.05,0.0,0.30000000000000004,0.0,0.1,0.45,0.1
17,3,3,2,False,0.07445136015127232,0.28270574642278756,4,qUCB,0.0,0.45,0.2,0.0,0.1,0.15000000000000002,0.1
17,4,2,3,False,0.06529253433034186,0.17074075375470166,0,qEHVI,0.05,0.1,0.7000000000000001,0.05,0.0,0.05,0.05
17,4,2,3,False,0.06529253433034186,0.17074075375470166,1,qEHVI,0.30000000000000004,0.0,0.6000000000000001,0.05,0.0,0.0,0.05
17,4,2,3,False,0.06529253433034186,0.17074075375470166,2,qUCB,0.05,0.0,0.30000000000000004,0.0,0.1,0.45,0.1
17,4,2,3,False,0.06529253433034186,0.17074075375470166,3,qUCB,0.0,0.5,0.2,0.0,0.1,0.1,0.1
17,4,2,3,False,0.06529253433034186,0.17074075375470166,4,qUCB,0.0,0.0,0.4,0.0,0.1,0.4,0.1
17,5,1,4,False,0.036072766538456945,0.1985520302443506,0,qEHVI,0.05,0.1,0.7000000000000001,0.05,0.0,0.05,0.05
17,5,1,4,False,0.036072766538456945,0.1985520302443506,1,qUCB,0.05,0.0,0.30000000000000004,0.0,0.1,0.45,0.1
17,5,1,4,False,0.036072766538456945,0.1985520302443506,2,qUCB,0.0,0.5,0.2,0.0,0.1,0.1,0.1
17,5,1,4,False,0.036072766538456945,0.1985520302443506,3,qUCB,0.35000000000000003,0.0,0.2,0.0,0.1,0.35000000000000003,0.0
17,5,1,4,False,0.036072766538456945,0.1985520302443506,4,qUCB,0.0,0.45,0.2,0.1,0.0,0.15000000000000002,0.1
17,6,0,5,False,0.019254991580507398,0.10135951626814066,0,qUCB,0.0,0.0,0.55,0.0,0.0,0.35000000000000003,0.1
17,6,0,5,False,0.019254991580507398,0.10135951626814066,1,qUCB,0.0,0.0,0.6000000000000001,0.0,0.0,0.35000000000000003,0.05
17,6,0,5,False,0.019254991580507398,0.10135951626814066,2,qUCB,0.0,0.5,0.2,0.05,0.0,0.15000000000000002,0.1
17,6,0,5,False,0.019254991580507398,0.10135951626814066,3,qUCB,0.35000000000000003,0.0,0.55,0.0,0.0,0.1,0.0
17,6,0,5,False,0.019254991580507398,0.10135951626814066,4,qUCB,0.0,0.0,0.65,0.0,0.1,0.25,0.0
18,1,5,0,True,0.0631080303569115,0.46830905783935073,0,qEHVI,0.25,0.05,0.55,0.1,0.0,0.0,0.05
18,1,5,0,True,0.0631080303569115,0.46830905783935073,1,qEHVI,0.15000000000000002,0.1,0.65,0.1,0.0,0.0,0.0
18,1,5,0,True,0.0631080303569115,0.46830905783935073,2,qEHVI,0.0,0.2,0.65,0.1,0.0,0.0,0.05
18,1,5,0,True,0.0631080303569115,0.46830905783935073,3,qEHVI,0.15000000000000002,0.0,0.7000000000000001,0.05,0.0,0.05,0.05
18,1,5,0,True,0.0631080303569115,0.46830905783935073,4,qEHVI,0.0,0.0,0.55,0.0,0.0,0.35000000000000003,0.1
18,2,4,1,False,0.05294718731930767,0.09096905289480084,0,qEHVI,0.15000000000000002,0.1,0.65,0.1,0.0,0.0,0.0
18,2,4,1,False,0.05294718731930767,0.09096905289480084,1,qEHVI,0.30000000000000004,0.0,0.55,0.1,0.0,0.0,0.05
18,2,4,1,False,0.05294718731930767,0.09096905289480084,2,qEHVI,0.0,0.2,0.65,0.1,0.0,0.0,0.05
18,2,4,1,False,0.05294718731930767,0.09096905289480084,3,qEHVI,0.15000000000000002,0.0,0.7000000000000001,0.05,0.0,0.05,0.05
18,2,4,1,False,0.05294718731930767,0.09096905289480084,4,qUCB,0.0,0.05,0.2,0.1,0.1,0.45,0.1
18,3,3,2,False,0.04381551700352832,0.2692532623096051,0,qEHVI,0.15000000000000002,0.1,0.65,0.1,0.0,0.0,0.0
18,3,3,2,False,0.04381551700352832,0.2692532623096051,1,qEHVI,0.30000000000000004,0.0,0.55,0.1,0.0,0.0,0.05
18,3,3,2,False,0.04381551700352832,0.2692532623096051,2,qEHVI,0.0,0.2,0.65,0.1,0.0,0.0,0.05
18,3,3,2,False,0.04381551700352832,0.2692532623096051,3,qUCB,0.05,0.0,0.4,0.0,0.1,0.35000000000000003,0.1
18,3,3,2,False,0.04381551700352832,0.2692532623096051,4,qUCB,0.0,0.45,0.2,0.0,0.1,0.15000000000000002,0.1
18,4,2,3,False,0.035479990172492835,0.2057459985594976,0,qEHVI,0.15000000000000002,0.1,0.65,0.1,0.0,0.0,0.0
18,4,2,3,False,0.035479990172492835,0.2057459985594976,1,qEHVI,0.30000000000000004,0.0,0.55,0.1,0.0,0.0,0.05
18,4,2,3,False,0.035479990172492835,0.2057459985594976,2,qUCB,0.0,0.0,0.4,0.0,0.05,0.45,0.1
18,4,2,3,False,0.035479990172492835,0.2057459985594976,3,qUCB,0.0,0.45,0.2,0.0,0.1,0.15000000000000002,0.1
18,4,2,3,False,0.035479990172492835,0.2057459985594976,4,qUCB,0.0,0.45,0.2,0.0,0.0,0.25,0.1
18,5,1,4,False,0.022433525135950746,0.021246609353917867,0,qEHVI,0.15000000000000002,0.1,0.65,0.1,0.0,0.0,0.0
18,5,1,4,False,0.022433525135950746,0.021246609353917867,1,qUCB,0.05,0.0,0.4,0.0,0.1,0.35000000000000003,0.1
18,5,1,4,False,0.022433525135950746,0.021246609353917867,2,qUCB,0.0,0.45,0.2,0.0,0.1,0.15000000000000002,0.1
18,5,1,4,False,0.022433525135950746,0.021246609353917867,3,qUCB,0.0,0.45,0.2,0.0,0.0,0.25,0.1
18,5,1,4,False,0.022433525135950746,0.021246609353917867,4,qUCB,0.0,0.0,0.4,0.0,0.05,0.45,0.1
18,6,0,5,False,0.02271803715980725,0.014876842437384408,0,qUCB,0.0,0.0,0.55,0.0,0.0,0.35000000000000003,0.1
18,6,0,5,False,0.02271803715980725,0.014876842437384408,1,qUCB,0.0,0.45,0.2,0.1,0.0,0.15000000000000002,0.1
18,6,0,5,False,0.02271803715980725,0.014876842437384408,2,qUCB,0.0,0.0,0.6000000000000001,0.0,0.0,0.4,0.0
18,6,0,5,False,0.02271803715980725,0.014876842437384408,3,qUCB,0.35000000000000003,0.0,0.5,0.05,0.0,0.1,0.0
18,6,0,5,False,0.02271803715980725,0.014876842437384408,4,qUCB,0.0,0.45,0.2,0.0,0.0,0.25,0.1
19,1,5,0,True,0.055682759028880126,0.4835763418011947,0,qEHVI,0.25,0.05,0.6000000000000001,0.1,0.0,0.0,0.0
19,1,5,0,True,0.055682759028880126,0.4835763418011947,1,qEHVI,0.1,0.05,0.65,0.1,0.0,0.05,0.05
19,1,5,0,True,0.055682759028880126,0.4835763418011947,2,qEHVI,0.1,0.05,0.7000000000000001,0.0,0.0,0.1,0.05
19,1,5,0,True,0.055682759028880126,0.4835763418011947,3,qEHVI,0.05,0.1,0.65,0.1,0.0,0.05,0.05
19,1,5,0,True,0.055682759028880126,0.4835763418011947,4,qEHVI,0.30000000000000004,0.0,0.65,0.05,0.0,0.0,0.0
19,2,4,1,False,0.04840859857656345,0.3361296721707969,0,qEHVI,0.25,0.05,0.6000000000000001,0.1,0.0,0.0,0.0
19,2,4,1,False,0.04840859857656345,0.3361296721707969,1,qEHVI,0.1,0.05,0.65,0.1,0.0,0.05,0.05
19,2,4,1,False,0.04840859857656345,0.3361296721707969,2,qEHVI,0.1,0.05,0.7000000000000001,0.0,0.0,0.1,0.05
19,2,4,1,False,0.04840859857656345,0.3361296721707969,3,qEHVI,0.05,0.1,0.65,0.1,0.0,0.05,0.05
19,2,4,1,False,0.04840859857656345,0.3361296721707969,4,qUCB,0.0,0.0,0.30000000000000004,0.05,0.1,0.45,0.1
19,3,3,2,False,0.04097803797003938,0.29025130755886597,0,qEHVI,0.25,0.05,0.6000000000000001,0.1,0.0,0.0,0.0
19,3,3,2,False,0.04097803797003938,0.29025130755886597,1,qEHVI,0.1,0.05,0.65,0.1,0.0,0.05,0.05
19,3,3,2,False,0.04097803797003938,0.29025130755886597,2,qEHVI,0.1,0.05,0.7000000000000001,0.0,0.0,0.1,0.05
19,3,3,2,False,0.04097803797003938,0.29025130755886597,3,qUCB,0.0,0.0,0.30000000000000004,0.05,0.1,0.45,0.1
19,3,3,2,False,0.04097803797003938,0.29025130755886597,4,qUCB,0.0,0.45,0.2,0.0,0.1,0.15000000000000002,0.1
19,4,2,3,False,0.03298273970404923,0.11717405153731164,0,qEHVI,0.25,0.05,0.6000000000000001,0.1,0.0,0.0,0.0
19,4,2,3,False,0.03298273970404923,0.11717405153731164,1,qEHVI,0.1,0.05,0.65,0.1,0.0,0.05,0.05
19,4,2,3,False,0.03298273970404923,0.11717405153731164,2,qUCB,0.0,0.0,0.4,0.0,0.1,0.4,0.1
19,4,2,3,False,0.03298273970404923,0.11717405153731164,3,qUCB,0.0,0.45,0.2,0.0,0.1,0.15000000000000002,0.1
19,4,2,3,False,0.03298273970404923,0.11717405153731164,4,qUCB,0.05,0.45,0.2,0.0,0.0,0.2,0.1
19,5,1,4,False,0.021744154951704276,0.008787107811949024,0,qEHVI,0.25,0.05,0.6000000000000001,0.1,0.0,0.0,0.0
19,5,1,4,False,0.021744154951704276,0.008787107811949024,1,qUCB,0.0,0.0,0.4,0.0,0.1,0.4,0.1
19,5,1,4,False,0.021744154951704276,0.008787107811949024,2,qUCB,0.0,0.45,0.2,0.0,0.1,0.15000000000000002,0.1
19,5,1,4,False,0.021744154951704276,0.008787107811949024,3,qUCB,0.0,0.4,0.2,0.0,0.0,0.30000000000000004,0.1
19,5,1,4,False,0.021744154951704276,0.008787107811949024,4,qUCB,0.05,0.0,0.30000000000000004,0.0,0.1,0.45,0.1
19,6,0,5,False,0.011894355859171478,0.05184624763498136,0,qUCB,0.05,0.0,0.7000000000000001,0.05,0.0,0.1,0.1
19,6,0,5,False,0.011894355859171478,0.05184624763498136,1,qUCB,0.0,0.0,0.6000000000000001,0.0,0.0,0.4,0.0
19,6,0,5,False,0.011894355859171478,0.05184624763498136,2,qUCB,0.0,0.4,0.2,0.1,0.0,0.2,0.1
19,6,0,5,False,0.011894355859171478,0.05184624763498136,3,qUCB,0.35000000000000003,0.0,0.55,0.0,0.0,0.1,0.0
19,6,0,5,False,0.011894355859171478,0.05184624763498136,4,qUCB,0.0,0.0,0.7000000000000001,0.0,0.1,0.2,0.0
20,1,5,0,True,0.056978154600564296,0.18526689680360953,0,qEHVI,0.25,0.0,0.6000000000000001,0.1,0.0,0.0,0.05
20,1,5,0,True,0.056978154600564296,0.18526689680360953,1,qEHVI,0.1,0.0,0.65,0.1,0.0,0.1,0.05
20,1,5,0,True,0.056978154600564296,0.18526689680360953,2,qEHVI,0.0,0.2,0.7000000000000001,0.05,0.0,0.0,0.05
20,1,5,0,True,0.056978154600564296,0.18526689680360953,3,qEHVI,0.30000000000000004,0.0,0.55,0.1,0.0,0.05,0.0
20,1,5,0,True,0.056978154600564296,0.18526689680360953,4,qEHVI,0.0,0.05,0.55,0.1,0.0,0.2,0.1
20,2,4,1,False,0.052772673021247704,0.10945711422752957,0,qEHVI,0.25,0.0,0.6000000000000001,0.1,0.0,0.0,0.05
20,2,4,1,False,0.052772673021247704,0.10945711422752957,1,qEHVI,0.1,0.0,0.65,0.1,0.0,0.1,0.05
20,2,4,1,False,0.052772673021247704,0.10945711422752957,2,qEHVI,0.0,0.2,0.7000000000000001,0.05,0.0,0.0,0.05
20,2,4,1,False,0.052772673021247704,0.10945711422752957,3,qEHVI,0.30000000000000004,0.0,0.55,0.1,0.0,0.05,0.0
20,2,4,1,False,0.052772673021247704,0.10945711422752957,4,qUCB,0.0,0.0,0.4,0.0,0.1,0.4,0.1
20,3,3,2,False,0.047329340010024194,0.10373559481082228,0,qEHVI,0.25,0.0,0.6000000000000001,0.1,0.0,0.0,0.05
20,3,3,2,False,0.047329340010024194,0.10373559481082228,1,qEHVI,0.1,0.0,0.65,0.1,0.0,0.1,0.05
20,3,3,2,False,0.047329340010024194,0.10373559481082228,2,qEHVI,0.0,0.2,0.7000000000000001,0.05,0.0,0.0,0.05
20,3,3,2,False,0.047329340010024194,0.10373559481082228,3,qUCB,0.0,0.0,0.4,0.0,0.1,0.4,0.1
20,3,3,2,False,0.047329340010024194,0.10373559481082228,4,qUCB,0.0,0.4,0.2,0.0,0.1,0.2,0.1
20,4,2,3,False,0.042487814388944015,0.0668374669904157,0,qEHVI,0.25,0.0,0.6000000000000001,0.1,0.0,0.0,0.05
20,4,2,3,False,0.042487814388944015,0.0668374669904157,1,qEHVI,0.1,0.0,0.65,0.1,0.0,0.1,0.05
20,4,2,3,False,0.042487814388944015,0.0668374669904157,2,qUCB,0.0,0.0,0.4,0.0,0.1,0.4,0.1
20,4,2,3,False,0.042487814388944015,0.0668374669904157,3,qUCB,0.0,0.5,0.2,0.0,0.1,0.1,0.1
20,4,2,3,False,0.042487814388944015,0.0668374669904157,4,qUCB,0.0,0.5,0.2,0.05,0.0,0.15000000000000002,0.1
20,5,1,4,False,0.03083600372007628,0.029857923007936382,0,qEHVI,0.25,0.0,0.6000000000000001,0.1,0.0,0.0,0.05
20,5,1,4,False,0.03083600372007628,0.029857923007936382,1,qUCB,0.0,0.0,0.4,0.0,0.1,0.4,0.1
20,5,1,4,False,0.03083600372007628,0.029857923007936382,2,qUCB,0.0,0.5,0.2,0.0,0.1,0.1,0.1
20,5,1,4,False,0.03083600372007628,0.029857923007936382,3,qUCB,0.0,0.5,0.2,0.05,0.0,0.15000000000000002,0.1
20,5,1,4,False,0.03083600372007628,0.029857923007936382,4,qUCB,0.0,0.0,0.55,0.0,0.0,0.45,0.0
20,6,0,5,False,0.014132164491386566,0.04644661319893739,0,qUCB,0.0,0.05,0.65,0.1,0.0,0.1,0.1
20,6,0,5,False,0.014132164491386566,0.04644661319893739,1,qUCB,0.0,0.5,0.2,0.05,0.0,0.15000000000000002,0.1
20,6,0,5,False,0.014132164491386566,0.04644661319893739,2,qUCB,0.0,0.0,0.55,0.0,0.0,0.45,0.0
20,6,0,5,False,0.014132164491386566,0.04644661319893739,3,qUCB,0.35000000000000003,0.0,0.55,0.0,0.0,0.1,0.0
20,6,0,5,False,0.014132164491386566,0.04644661319893739,4,qUCB,0.0,0.0,0.6000000000000001,0.0,0.1,0.30000000000000004,0.0
21,1,5,0,True,0.047625313724039595,0.21843014159893137,0,qEHVI,0.25,0.0,0.65,0.05,0.0,0.0,0.05
21,1,5,0,True,0.047625313724039595,0.21843014159893137,1,qEHVI,0.1,0.05,0.7000000000000001,0.05,0.0,0.0,0.1
21,1,5,0,True,0.047625313724039595,0.21843014159893137,2,qEHVI,0.35000000000000003,0.0,0.55,0.1,0.0,0.0,0.0
21,1,5,0,True,0.047625313724039595,0.21843014159893137,3,qEHVI,0.1,0.15000000000000002,0.65,0.1,0.0,0.0,0.0
21,1,5,0,True,0.047625313724039595,0.21843014159893137,4,qEHVI,0.1,0.0,0.7000000000000001,0.05,0.0,0.1,0.05
21,2,4,1,False,0.041594984579139044,0.9097980109083217,0,qEHVI,0.25,0.0,0.65,0.05,0.0,0.0,0.05
21,2,4,1,False,0.041594984579139044,0.9097980109083217,1,qEHVI,0.1,0.05,0.7000000000000001,0.05,0.0,0.0,0.1
21,2,4,1,False,0.041594984579139044,0.9097980109083217,2,qEHVI,0.35000000000000003,0.0,0.55,0.1,0.0,0.0,0.0
21,2,4,1,False,0.041594984579139044,0.9097980109083217,3,qEHVI,0.1,0.15000000000000002,0.65,0.1,0.0,0.0,0.0
21,2,4,1,False,0.041594984579139044,0.9097980109083217,4,qUCB,0.05,0.0,0.2,0.1,0.1,0.45,0.1
21,3,3,2,False,0.03500555612375691,0.1749161870034346,0,qEHVI,0.25,0.0,0.65,0.05,0.0,0.0,0.05
21,3,3,2,False,0.03500555612375691,0.1749161870034346,1,qEHVI,0.1,0.05,0.7000000000000001,0.05,0.0,0.0,0.1
21,3,3,2,False,0.03500555612375691,0.1749161870034346,2,qEHVI,0.35000000000000003,0.0,0.55,0.1,0.0,0.0,0.0
21,3,3,2,False,0.03500555612375691,0.1749161870034346,3,qUCB,0.05,0.0,0.2,0.1,0.1,0.45,0.1
21,3,3,2,False,0.03500555612375691,0.1749161870034346,4,qUCB,0.0,0.5,0.2,0.0,0.0,0.2,0.1
21,4,2,3,False,0.026695802504396075,0.09551729701738276,0,qEHVI,0.25,0.0,0.65,0.05,0.0,0.0,0.05
21,4,2,3,False,0.026695802504396075,0.09551729701738276,1,qEHVI,0.1,0.05,0.7000000000000001,0.05,0.0,0.0,0.1
21,4,2,3,False,0.026695802504396075,0.09551729701738276,2,qUCB,0.05,0.0,0.2,0.1,0.1,0.45,0.1
21,4,2,3,False,0.026695802504396075,0.09551729701738276,3,qUCB,0.0,0.5,0.2,0.0,0.0,0.2,0.1
21,4,2,3,False,0.026695802504396075,0.09551729701738276,4,qUCB,0.0,0.5,0.2,0.1,0.1,0.1,0.0
21,5,1,4,False,0.018543175384820722,0.021127700566089702,0,qEHVI,0.25,0.0,0.65,0.05,0.0,0.0,0.05
21,5,1,4,False,0.018543175384820722,0.021127700566089702,1,qUCB,0.0,0.05,0.2,0.1,0.1,0.45,0.1
21,5,1,4,False,0.018543175384820722,0.021127700566089702,2,qUCB,0.0,0.5,0.2,0.0,0.0,0.2,0.1
21,5,1,4,False,0.018543175384820722,0.021127700566089702,3,qUCB,0.0,0.0,0.4,0.0,0.1,0.4,0.1
21,5,1,4,False,0.018543175384820722,0.021127700566089702,4,qUCB,0.0,0.30000000000000004,0.2,0.0,0.1,0.30000000000000004,0.1
21,6,0,5,False,0.007131734610433906,0.04494212961209443,0,qUCB,0.0,0.0,0.55,0.1,0.0,0.25,0.1
21,6,0,5,False,0.007131734610433906,0.04494212961209443,1,qUCB,0.0,0.5,0.2,0.0,0.0,0.2,0.1
21,6,0,5,False,0.007131734610433906,0.04494212961209443,2,qUCB,0.0,0.0,0.65,0.0,0.0,0.35000000000000003,0.0
21,6,0,5,False,0.007131734610433906,0.04494212961209443,3,qUCB,0.0,0.0,0.7000000000000001,0.05,0.1,0.15000000000000002,0.0
21,6,0,5,False,0.007131734610433906,0.04494212961209443,4,qUCB,0.0,0.0,0.55,0.0,0.1,0.35000000000000003,0.0
22,1,5,0,True,0.05202777592693991,0.21116518834439368,0,qEHVI,0.2,0.05,0.6000000000000001,0.1,0.0,0.0,0.05
22,1,5,0,True,0.05202777592693991,0.21116518834439368,1,qEHVI,0.1,0.05,0.6000000000000001,0.1,0.0,0.1,0.05
22,1,5,0,True,0.05202777592693991,0.21116518834439368,2,qEHVI,0.0,0.1,0.7000000000000001,0.05,0.0,0.05,0.1
22,1,5,0,True,0.05202777592693991,0.21116518834439368,3,qEHVI,0.25,0.0,0.6000000000000001,0.1,0.0,0.05,0.0
22,1,5,0,True,0.05202777592693991,0.21116518834439368,4,qEHVI,0.1,0.05,0.65,0.1,0.0,0.0,0.1
22,2,4,1,False,0.047486638306022066,0.18531280493987978,0,qEHVI,0.2,0.05,0.6000000000000001,0.1,0.0,0.0,0.05
22,2,4,1,False,0.047486638306022066,0.18531280493987978,1,qEHVI,0.1,0.05,0.6000000000000001,0.1,0.0,0.1,0.05
22,2,4,1,False,0.047486638306022066,0.18531280493987978,2,qEHVI,0.0,0.1,0.7000000000000001,0.05,0.0,0.05,0.1
22,2,4,1,False,0.047486638306022066,0.18531280493987978,3,qEHVI,0.25,0.0,0.6000000000000001,0.1,0.0,0.05,0.0
22,2,4,1,False,0.047486638306022066,0.18531280493987978,4,qUCB,0.0,0.0,0.35000000000000003,0.0,0.1,0.45,0.1
22,3,3,2,False,0.04105442745844815,0.09184988154485829,0,qEHVI,0.2,0.05,0.6000000000000001,0.1,0.0,0.0,0.05
22,3,3,2,False,0.04105442745844815,0.09184988154485829,1,qEHVI,0.1,0.05,0.6000000000000001,0.1,0.0,0.1,0.05
22,3,3,2,False,0.04105442745844815,0.09184988154485829,2,qEHVI,0.0,0.1,0.7000000000000001,0.05,0.0,0.05,0.1
22,3,3,2,False,0.04105442745844815,0.09184988154485829,3,qUCB,0.0,0.0,0.35000000000000003,0.0,0.1,0.45,0.1
22,3,3,2,False,0.04105442745844815,0.09184988154485829,4,qUCB,0.0,0.5,0.2,0.0,0.0,0.2,0.1
22,4,2,3,False,0.034029099558454984,0.13064775066062673,0,qEHVI,0.2,0.05,0.6000000000000001,0.1,0.0,0.0,0.05
22,4,2,3,False,0.034029099558454984,0.13064775066062673,1,qEHVI,0.1,0.05,0.6000000000000001,0.1,0.0,0.1,0.05
22,4,2,3,False,0.034029099558454984,0.13064775066062673,2,qUCB,0.0,0.0,0.35000000000000003,0.0,0.1,0.45,0.1
22,4,2,3,False,0.034029099558454984,0.13064775066062673,3,qUCB,0.0,0.5,0.2,0.0,0.0,0.2,0.1
22,4,2,3,False,0.034029099558454984,0.13064775066062673,4,qUCB,0.0,0.5,0.2,0.0,0.1,0.1,0.1
22,5,1,4,False,0.025659564527363975,0.08967778955121741,0,qEHVI,0.2,0.05,0.6000000000000001,0.1,0.0,0.0,0.05
22,5,1,4,False,0.025659564527363975,0.08967778955121741,1,qUCB,0.0,0.0,0.35000000000000003,0.0,0.1,0.45,0.1
22,5,1,4,False,0.025659564527363975,0.08967778955121741,2,qUCB,0.0,0.5,0.2,0.0,0.0,0.2,0.1
22,5,1,4,False,0.025659564527363975,0.08967778955121741,3,qUCB,0.0,0.45,0.2,0.0,0.1,0.15000000000000002,0.1
22,5,1,4,False,0.025659564527363975,0.08967778955121741,4,qUCB,0.0,0.0,0.55,0.0,0.0,0.45,0.0
22,6,0,5,False,0.00843528531774778,0.07834826742993145,0,qUCB,0.05,0.0,0.7000000000000001,0.05,0.0,0.1,0.1
22,6,0,5,False,0.00843528531774778,0.07834826742993145,1,qUCB,0.0,0.0,0.65,0.0,0.0,0.35000000000000003,0.0
22,6,0,5,False,0.00843528531774778,0.07834826742993145,2,qUCB,0.0,0.5,0.2,0.0,0.0,0.2,0.1
22,6,0,5,False,0.00843528531774778,0.07834826742993145,3,qUCB,0.0,0.0,0.7000000000000001,0.05,0.1,0.15000000000000002,0.0
22,6,0,5,False,0.00843528531774778,0.07834826742993145,4,qUCB,0.0,0.0,0.55,0.0,0.0,0.45,0.0
23,1,5,0,True,0.036538042147828506,0.3314701329251619,0,qEHVI,0.25,0.05,0.65,0.05,0.0,0.0,0.0
23,1,5,0,True,0.036538042147828506,0.3314701329251619,1,qEHVI,0.25,0.0,0.55,0.1,0.0,0.05,0.05
23,1,5,0,True,0.036538042147828506,0.3314701329251619,2,qEHVI,0.0,0.0,0.65,0.1,0.0,0.2,0.05
23,1,5,0,True,0.036538042147828506,0.3314701329251619,3,qEHVI,0.05,0.0,0.6000000000000001,0.1,0.0,0.15000000000000002,0.1
23,1,5,0,True,0.036538042147828506,0.3314701329251619,4,qEHVI,0.1,0.0,0.65,0.1,0.0,0.05,0.1
23,2,4,1,False,0.03296237548624029,0.13717141894551155,0,qEHVI,0.25,0.05,0.65,0.05,0.0,0.0,0.0
23,2,4,1,False,0.03296237548624029,0.13717141894551155,1,qEHVI,0.25,0.0,0.55,0.1,0.0,0.05,0.05
23,2,4,1,False,0.03296237548624029,0.13717141894551155,2,qEHVI,0.0,0.0,0.65,0.1,0.0,0.2,0.05
23,2,4,1,False,0.03296237548624029,0.13717141894551155,3,qEHVI,0.05,0.0,0.6000000000000001,0.1,0.0,0.15000000000000002,0.1
23,2,4,1,False,0.03296237548624029,0.13717141894551155,4,qUCB,0.0,0.0,0.35000000000000003,0.0,0.1,0.45,0.1
23,3,3,2,False,0.028660194135416442,0.11908701899015117,0,qEHVI,0.25,0.05,0.65,0.05,0.0,0.0,0.0
23,3,3,2,False,0.028660194135416442,0.11908701899015117,1,qEHVI,0.25,0.0,0.55,0.1,0.0,0.05,0.05
23,3,3,2,False,0.028660194135416442,0.11908701899015117,2,qEHVI,0.0,0.0,0.65,0.1,0.0,0.2,0.05
23,3,3,2,False,0.028660194135416442,0.11908701899015117,3,qUCB,0.0,0.0,0.35000000000000003,0.0,0.1,0.45,0.1
23,3,3,2,False,0.028660194135416442,0.11908701899015117,4,qUCB,0.0,0.5,0.2,0.0,0.1,0.1,0.1
23,4,2,3,False,0.0232324661026398,0.04744056489862336,0,qEHVI,0.25,0.05,0.65,0.05,0.0,0.0,0.0
23,4,2,3,False,0.0232324661026398,0.04744056489862336,1,qEHVI,0.25,0.0,0.55,0.1,0.0,0.05,0.05
23,4,2,3,False,0.0232324661026398,0.04744056489862336,2,qUCB,0.0,0.0,0.35000000000000003,0.0,0.1,0.45,0.1
23,4,2,3,False,0.0232324661026398,0.04744056489862336,3,qUCB,0.0,0.5,0.2,0.0,0.1,0.1,0.1
23,4,2,3,False,0.0232324661026398,0.04744056489862336,4,qUCB,0.0,0.45,0.2,0.0,0.0,0.25,0.1
23,5,1,4,False,0.01885229792256147,0.046644384428918106,0,qEHVI,0.25,0.05,0.65,0.05,0.0,0.0,0.0
23,5,1,4,False,0.01885229792256147,0.046644384428918106,1,qUCB,0.0,0.0,0.35000000000000003,0.0,0.1,0.45,0.1
23,5,1,4,False,0.01885229792256147,0.046644384428918106,2,qUCB,0.0,0.45,0.2,0.1,0.0,0.15000000000000002,0.1
23,5,1,4,False,0.01885229792256147,0.046644384428918106,3,qUCB,0.0,0.30000000000000004,0.2,0.0,0.1,0.30000000000000004,0.1
23,5,1,4,False,0.01885229792256147,0.046644384428918106,4,qUCB,0.0,0.5,0.2,0.0,0.1,0.1,0.1
23,6,0,5,False,0.013005510178248247,0.0954167544431786,0,qUCB,0.05,0.0,0.7000000000000001,0.05,0.0,0.1,0.1
23,6,0,5,False,0.013005510178248247,0.0954167544431786,1,qUCB,0.0,0.0,0.65,0.0,0.0,0.35000000000000003,0.0
23,6,0,5,False,0.013005510178248247,0.0954167544431786,2,qUCB,0.0,0.45,0.2,0.1,0.0,0.15000000000000002,0.1
23,6,0,5,False,0.013005510178248247,0.0954167544431786,3,qUCB,0.0,0.0,0.7000000000000001,0.0,0.1,0.2,0.0
23,6,0,5,False,0.013005510178248247,0.0954167544431786,4,qUCB,0.0,0.0,0.55,0.0,0.0,0.45,0.0
24,1,5,0,True,0.03562203909754712,0.0849011243319655,0,qEHVI,0.15000000000000002,0.1,0.6000000000000001,0.1,0.0,0.0,0.05
24,1,5,0,True,0.03562203909754712,0.0849011243319655,1,qEHVI,0.2,0.05,0.6000000000000001,0.1,0.0,0.05,0.0
24,1,5,0,True,0.03562203909754712,0.0849011243319655,2,qEHVI,0.0,0.0,0.7000000000000001,0.05,0.0,0.2,0.05
24,1,5,0,True,0.03562203909754712,0.0849011243319655,3,qEHVI,0.2,0.0,0.65,0.1,0.0,0.05,0.0
24,1,5,0,True,0.03562203909754712,0.0849011243319655,4,qEHVI,0.15000000000000002,0.0,0.65,0.1,0.0,0.05,0.05
24,2,4,1,False,0.028090549811246368,0.5996580554672333,0,qEHVI,0.15000000000000002,0.1,0.6000000000000001,0.1,0.0,0.0,0.05
24,2,4,1,False,0.028090549811246368,0.5996580554672333,1,qEHVI,0.0,0.5,0.2,0.0,0.0,0.2,0.1
24,2,4,1,False,0.028090549811246368,0.5996580554672333,2,qEHVI,0.2,0.05,0.6000000000000001,0.1,0.0,0.05,0.0
24,2,4,1,False,0.028090549811246368,0.5996580554672333,3,qEHVI,0.0,0.0,0.7000000000000001,0.05,0.0,0.2,0.05
24,2,4,1,False,0.028090549811246368,0.5996580554672333,4,qUCB,0.0,0.05,0.2,0.1,0.1,0.45,0.1
24,3,3,2,False,0.030028731290932736,0.2698959748657366,0,qEHVI,0.15000000000000002,0.1,0.6000000000000001,0.1,0.0,0.0,0.05
24,3,3,2,False,0.030028731290932736,0.2698959748657366,1,qEHVI,0.2,0.05,0.6000000000000001,0.1,0.0,0.05,0.0
24,3,3,2,False,0.030028731290932736,0.2698959748657366,2,qEHVI,0.2,0.0,0.65,0.1,0.0,0.05,0.0
24,3,3,2,False,0.030028731290932736,0.2698959748657366,3,qUCB,0.0,0.0,0.35000000000000003,0.0,0.1,0.45,0.1
24,3,3,2,False,0.030028731290932736,0.2698959748657366,4,qUCB,0.0,0.5,0.2,0.0,0.0,0.2,0.1
24,4,2,3,False,0.023535660625689993,0.17618247629309902,0,qEHVI,0.15000000000000002,0.1,0.6000000000000001,0.1,0.0,0.0,0.05
24,4,2,3,False,0.023535660625689993,0.17618247629309902,1,qEHVI,0.2,0.05,0.6000000000000001,0.1,0.0,0.05,0.0
24,4,2,3,False,0.023535660625689993,0.17618247629309902,2,qUCB,0.0,0.0,0.35000000000000003,0.0,0.1,0.45,0.1
24,4,2,3,False,0.023535660625689993,0.17618247629309902,3,qUCB,0.0,0.5,0.2,0.0,0.0,0.2,0.1
24,4,2,3,False,0.023535660625689993,0.17618247629309902,4,qUCB,0.0,0.45,0.2,0.0,0.1,0.15000000000000002,0.1
24,5,1,4,False,0.021120792854104054,0.04738673321625542,0,qEHVI,0.15000000000000002,0.1,0.6000000000000001,0.1,0.0,0.0,0.05
24,5,1,4,False,0.021120792854104054,0.04738673321625542,1,qUCB,0.0,0.0,0.35000000000000003,0.0,0.1,0.45,0.1
24,5,1,4,False,0.021120792854104054,0.04738673321625542,2,qUCB,0.0,0.5,0.2,0.0,0.0,0.2,0.1
24,5,1,4,False,0.021120792854104054,0.04738673321625542,3,qUCB,0.0,0.0,0.55,0.0,0.0,0.45,0.0
24,5,1,4,False,0.021120792854104054,0.04738673321625542,4,qUCB,0.0,0.45,0.2,0.0,0.1,0.15000000000000002,0.1
24,6,0,5,False,0.013401243660135084,0.11953232922408094,0,qUCB,0.05,0.0,0.7000000000000001,0.05,0.0,0.1,0.1
24,6,0,5,False,0.013401243660135084,0.11953232922408094,1,qUCB,0.0,0.5,0.2,0.0,0.0,0.2,0.1
24,6,0,5,False,0.013401243660135084,0.11953232922408094,2,qUCB,0.0,0.0,0.55,0.0,0.0,0.45,0.0
24,6,0,5,False,0.013401243660135084,0.11953232922408094,3,qUCB,0.0,0.0,0.7000000000000001,0.0,0.1,0.2,0.0
24,6,0,5,False,0.013401243660135084,0.11953232922408094,4,qUCB,0.0,0.0,0.6000000000000001,0.0,0.0,0.35000000000000003,0.05
25,1,5,0,True,0.03230662445097244,0.07419640333268607,0,qEHVI,0.2,0.1,0.65,0.05,0.0,0.0,0.0
25,1,5,0,True,0.03230662445097244,0.07419640333268607,1,qEHVI,0.0,0.5,0.2,0.0,0.0,0.2,0.1
25,1,5,0,True,0.03230662445097244,0.07419640333268607,2,qEHVI,0.2,0.05,0.65,0.05,0.0,0.0,0.05
25,1,5,0,True,0.03230662445097244,0.07419640333268607,3,qEHVI,0.35000000000000003,0.0,0.6000000000000001,0.0,0.0,0.05,0.0
25,1,5,0,True,0.03230662445097244,0.07419640333268607,4,qEHVI,0.0,0.5,0.2,0.1,0.0,0.1,0.1
25,2,4,1,False,0.028555029290133885,0.8033680452989556,0,qEHVI,0.2,0.1,0.65,0.05,0.0,0.0,0.0
25,2,4,1,False,0.028555029290133885,0.8033680452989556,1,qEHVI,0.2,0.05,0.65,0.05,0.0,0.0,0.05
25,2,4,1,False,0.028555029290133885,0.8033680452989556,2,qEHVI,0.0,0.0,0.6000000000000001,0.0,0.0,0.4,0.0
25,2,4,1,False,0.028555029290133885,0.8033680452989556,3,qEHVI,0.0,0.0,0.65,0.0,0.0,0.30000000000000004,0.05
25,2,4,1,False,0.028555029290133885,0.8033680452989556,4,qUCB,0.0,0.5,0.2,0.1,0.0,0.1,0.1
25,3,3,2,False,0.02807352841620555,0.7982572397872261,0,qEHVI,0.2,0.1,0.65,0.05,0.0,0.0,0.0
25,3,3,2,False,0.02807352841620555,0.7982572397872261,1,qEHVI,0.2,0.05,0.65,0.05,0.0,0.0,0.05
25,3,3,2,False,0.02807352841620555,0.7982572397872261,2,qEHVI,0.0,0.5,0.2,0.0,0.0,0.2,0.1
25,3,3,2,False,0.02807352841620555,0.7982572397872261,3,qUCB,0.0,0.0,0.35000000000000003,0.1,0.1,0.35000000000000003,0.1
25,3,3,2,False,0.02807352841620555,0.7982572397872261,4,qUCB,0.0,0.0,0.55,0.0,0.0,0.45,0.0
25,4,2,3,False,0.023408829246872674,0.13875869963478227,0,qEHVI,0.2,0.1,0.65,0.05,0.0,0.0,0.0
25,4,2,3,False,0.023408829246872674,0.13875869963478227,1,qEHVI,0.2,0.05,0.65,0.05,0.0,0.0,0.05
25,4,2,3,False,0.023408829246872674,0.13875869963478227,2,qUCB,0.0,0.0,0.35000000000000003,0.0,0.1,0.45,0.1
25,4,2,3,False,0.023408829246872674,0.13875869963478227,3,qUCB,0.0,0.5,0.2,0.0,0.0,0.2,0.1
25,4,2,3,False,0.023408829246872674,0.13875869963478227,4,qUCB,0.0,0.4,0.2,0.0,0.1,0.2,0.1
25,5,1,4,False,0.019029040616072773,0.0540152858171945,0,qEHVI,0.2,0.1,0.65,0.05,0.0,0.0,0.0
25,5,1,4,False,0.019029040616072773,0.0540152858171945,1,qUCB,0.0,0.0,0.35000000000000003,0.0,0.1,0.45,0.1
25,5,1,4,False,0.019029040616072773,0.0540152858171945,2,qUCB,0.0,0.5,0.2,0.0,0.0,0.2,0.1
25,5,1,4,False,0.019029040616072773,0.0540152858171945,3,qUCB,0.0,0.30000000000000004,0.2,0.0,0.1,0.30000000000000004,0.1
25,5,1,4,False,0.019029040616072773,0.0540152858171945,4,qUCB,0.0,0.0,0.4,0.0,0.1,0.4,0.1
25,6,0,5,False,0.012685950772228876,0.08477383774796055,0,qUCB,0.0,0.0,0.55,0.1,0.0,0.25,0.1
25,6,0,5,False,0.012685950772228876,0.08477383774796055,1,qUCB,0.0,0.0,0.6000000000000001,0.0,0.0,0.4,0.0
25,6,0,5,False,0.012685950772228876,0.08477383774796055,2,qUCB,0.0,0.5,0.2,0.0,0.0,0.2,0.1
25,6,0,5,False,0.012685950772228876,0.08477383774796055,3,qUCB,0.0,0.0,0.7000000000000001,0.05,0.1,0.15000000000000002,0.0
25,6,0,5,False,0.012685950772228876,0.08477383774796055,4,qUCB,0.0,0.25,0.2,0.1,0.1,0.25,0.1
