iteration,total_evaluated,new_points,timing_sec,strategy,best_score,best_CTE,best_K,mean_score,std_score,mean_CTE,mean_K,best_x_0,best_x_1,best_x_2,best_x_3,best_x_4,selected_n_opt,selected_n_exp,hypervolume_improvement,information_gain,llm_model,llm_temp
0,5,5,0.0,PureExploration,0.5316741029603775,11.51900109469075,6.1243545740198435,0.28853988676965836,0.23166847317060182,10.812588213829594,3.2785378195581814,0.225,0.17500000000000002,0.2,0.275,0.125,,,,,,
1,10,5,27.886503800000355,PureExploration,5.744537902603618,10.722624521072797,61.59652297669539,1.1404995899807175,1.6676119602233022,11.416970064769204,13.284682611324396,0.17770631554612176,0.4,0.1,0.1,0.22229368440555453,0,5,0.3129938892357511,0.9387709878570618,,
2,15,5,21.132987400000275,PureExploration,5.744537902603618,10.722624521072797,61.59652297669539,1.1443989105623147,1.3979619706080306,11.74601014717509,13.369879477567276,0.17770631554612176,0.4,0.1,0.1,0.22229368440555453,0,5,0.8455204272707555,0.23329744781682826,,
3,20,5,25.76278010000169,PureExploration,6.780042311841319,10.020785440613025,67.94134928524655,1.2839969253650954,1.77767938087297,11.752845869823023,14.543719245650996,0.1,0.3890619524809711,0.10000000016981667,0.1,0.31093804746848086,0,5,1.270315594844055,0.20534767079318894,,
4,25,5,21.804538300002605,PureExploration,7.273680990123686,10.0044061302682,72.76885868721594,1.4264585435718475,2.009121084834674,11.70015752782339,16.023511845876143,0.10000000000001852,0.3999999999995343,0.10000000000026857,0.1,0.30000000000059746,0,5,0.305639880680996,0.2323348045493533,,
5,30,5,10.487100000002101,PureExploration,7.273680990123686,10.0044061302682,72.76885868721594,1.6609842994176311,2.049486505905825,11.70122353128991,18.907138948286583,0.10000000000001852,0.3999999999995343,0.10000000000026857,0.1,0.30000000000059746,0,5,0.02586236240927371,0.25012285951984836,,
6,35,5,19.159751700000925,PureExploration,7.273680990123686,10.0044061302682,72.76885868721594,1.511261693708806,1.938065430949321,11.714893764172336,17.305489125616027,0.10000000000001852,0.3999999999995343,0.10000000000026857,0.1,0.30000000000059746,0,5,0.05814063682635244,0.047578543365958126,,
7,40,5,23.269117599997116,PureExploration,7.273680990123686,10.0044061302682,72.76885868721594,1.392414174067341,1.8465446963794825,11.589974651067322,15.918233201200774,0.10000000000001852,0.3999999999995343,0.10000000000026857,0.1,0.30000000000059746,0,5,0.01752643848743134,0.021127791044520006,,
8,45,5,23.756854200000816,PureExploration,7.273680990123686,10.0044061302682,72.76885868721594,1.4798403165893925,1.8753323960591706,11.577572188773338,17.038244617303484,0.10000000000001852,0.3999999999995343,0.10000000000026857,0.1,0.30000000000059746,0,5,0.026937934726398466,0.10859199002993503,,
9,50,5,20.563234000001103,PureExploration,7.273680990123686,10.0044061302682,72.76885868721594,1.656456545174118,2.1067784397831364,11.548146113847839,18.7919604784519,0.10000000000001852,0.3999999999995343,0.10000000000026857,0.1,0.30000000000059746,0,5,0.07998772270761859,0.07805459065706444,,
10,55,5,6.398554899998999,PureExploration,7.273680990123686,10.0044061302682,72.76885868721594,1.7795587079718098,2.2809390115900126,11.476869905956114,19.872204012865428,0.10000000000001852,0.3999999999995343,0.10000000000026857,0.1,0.30000000000059746,0,5,0.09634923950668507,0.13759933509585665,,
11,60,5,22.598699000001943,PureExploration,7.273680990123686,10.0044061302682,72.76885868721594,1.7695886230799225,2.249398396077315,11.396015804597702,19.624273331996367,0.10000000000001852,0.3999999999995343,0.10000000000026857,0.1,0.30000000000059746,0,5,0.5308711355228044,0.009371917976689348,,
12,65,5,18.141571500000282,PureExploration,7.273680990123686,10.0044061302682,72.76885868721594,1.661201052137173,2.1950885360703416,11.324122681150266,18.401511405514608,0.10000000000001852,0.3999999999995343,0.10000000000026857,0.1,0.30000000000059746,0,5,0.15352933899914406,0.013103304210501321,,
13,70,5,20.556731000000582,PureExploration,7.273680990123686,10.0044061302682,72.76885868721594,1.6903394449730638,2.180636183190687,11.42659057784033,18.785058336862477,0.10000000000001852,0.3999999999995343,0.10000000000026857,0.1,0.30000000000059746,0,5,0.0699185313077628,0.04755696650536434,,
14,75,5,19.040399099998467,PureExploration,7.701981680495207,10.127400109469074,78.00105011418366,1.7326895028653353,2.2432284819503607,11.440636555373105,19.373541967261954,0.1,0.4,0.11989684746017301,0.1000000000000089,0.2801031525398142,0,5,0.03861460641706078,0.07624661533771526,,
15,80,5,6.593819800000347,PureExploration,7.701981680495207,10.127400109469074,78.00105011418366,1.753986559964669,2.269344501604506,11.427404649014779,19.528267730037907,0.1,0.4,0.11989684746017301,0.1000000000000089,0.2801031525398142,0,5,0.1372286468249463,0.09938877342608521,,
16,85,5,6.376772200001142,PureExploration,7.701981680495207,10.127400109469074,78.00105011418366,1.8309363304262003,2.364644627425588,11.380568907563026,20.220721307012415,0.1,0.4,0.11989684746017301,0.1000000000000089,0.2801031525398142,0,5,0.06035842843777924,0.017184826743865678,,
17,90,5,22.320371100002376,PureExploration,7.701981680495207,10.127400109469074,78.00105011418366,1.8639708126888732,2.3858480453778452,11.50405296174664,20.659800415089187,0.1,0.4,0.11989684746017301,0.1000000000000089,0.2801031525398142,0,5,0.1706738315288645,0.0667957819258782,,
18,95,5,18.53694269999687,PureExploration,7.701981680495207,10.127400109469074,78.00105011418366,1.8932759377707524,2.4192320773491223,11.483652231152597,21.087918918507413,0.1,0.4,0.11989684746017301,0.1000000000000089,0.2801031525398142,0,5,0.38722561410611056,0.0468410433615114,,
19,100,5,18.142747499998222,PureExploration,7.701981680495207,10.127400109469074,78.00105011418366,1.9962040089468298,2.469429869452979,11.411510845648603,22.015368378347034,0.1,0.4,0.11989684746017301,0.1000000000000089,0.2801031525398142,0,5,1.0224102456492947,0.06069269131594268,,
20,105,5,20.44696920000206,PureExploration,7.701981680495207,10.127400109469074,78.00105011418366,2.013286274283213,2.465456506679769,11.381562600672455,22.1261168687463,0.1,0.4,0.11989684746017301,0.1000000000000089,0.2801031525398142,0,5,0.1967255327570105,0.11801002165460339,,
