iteration,point_idx,CTE,K,score,x_0,x_1,x_2,x_3,x_4,source
0,0,10.788180076628354,3.5046430604821808,0.3248595254795902,0.125,0.125,0.25,0.325,0.17500000000000002,Unknown
0,1,11.880268199233717,5.125064841269923,0.43139302542008784,0.30000000000000004,0.15000000000000002,0.225,0.1,0.225,Unknown
0,2,13.812038861521621,12.615815759939792,0.9133927211198883,0.275,0.275,0.2,0.125,0.125,Unknown
0,3,18.254578544061303,27.63377452864559,1.513799645494093,0.125,0.4,0.17500000000000002,0.17500000000000002,0.125,Unknown
0,4,10.359731800766284,1.33283325387184,0.12865518910181872,0.225,0.125,0.225,0.15000000000000002,0.275,Unknown
1,0,18.824482758620682,15.022140869582373,0.7980108172003918,0.1,0.27653373761435196,0.3999999994604897,0.1,0.12346626292515847,Unknown
1,1,10.409690749863163,3.265417072208839,0.31369011344082914,0.3999999999077978,0.1,0.1,0.3000000000922023,0.1,Unknown
1,2,9.138349480021894,6.964178490744553,0.7620827487467798,0.10000004842321711,0.10000004842880732,0.10000004842321711,0.29999985472475843,0.4,Unknown
1,3,10.01914887794198,0.9866776070970751,0.09847918412203979,0.10000000038912876,0.2281744157838385,0.10000000042682163,0.17182558340021106,0.4,Unknown
1,4,10.843850574712645,8.271065991193678,0.7627425271315207,0.1,0.1,0.39999999976055844,0.1,0.30000000023944157,Unknown
2,0,11.890900383141762,12.967617494509577,1.0905496704768658,0.39999999999995683,0.2999999999998956,0.10000000000000671,0.10000000000007649,0.10000000000006452,Unknown
2,1,10.065900383141761,0.9227502032509527,0.0916709055452477,0.39999999999989555,0.10000000000004529,0.1,0.10000000000002758,0.3000000000000834,Unknown
2,2,10.405905856595512,1.9096612873279408,0.18351706364106382,0.2558666721781536,0.10000000000008841,0.14413332782182067,0.3999999999999372,0.10000000000000012,Unknown
2,3,10.833405856595512,3.7051624189600183,0.3420127029307157,0.12453027657604765,0.2754697234239821,0.10000000000005788,0.399999999999908,0.10000000000000442,Unknown
2,4,10.019597701149426,0.3135635801977035,0.03129502696118237,0.299999999999905,0.1000000000000707,0.10000000000006727,0.10000000000001437,0.39999999999994273,Unknown
3,0,9.818385057471264,1.4468374067344794,0.14736001880812022,0.1000000000000054,0.15147111727200627,0.1000000000001194,0.3999999999942272,0.2485288827336417,Unknown
3,1,10.009064039408866,56.29346640658619,5.62424879938177,0.10000000000192316,0.35089647390598844,0.10000000000000876,0.1000000000067789,0.3491035260853007,Unknown
3,2,11.412298850574713,3.8833739916743326,0.3402797317631083,0.2286924282574124,0.17219550457912158,0.17622910513451287,0.2271262537696665,0.19575670825928668,Unknown
3,3,11.489329501915709,10.76680797403473,0.9371136907718206,0.39999999999819924,0.21455896371410646,0.10000000000158409,0.1854410362864488,0.1,Unknown
3,4,10.000574712643678,22.422554728613022,2.242126615009641,0.1,0.30827064570578633,0.10000000000000088,0.10000000000361094,0.3917293542909379,Unknown
4,0,12.448336070060208,10.849057866185905,0.8715267490470765,0.1,0.203874463813411,0.4,0.1337698407309367,0.1623556954556766,Unknown
4,1,11.432490421455938,5.3757430856864,0.4702162772511052,0.10000000000000288,0.3450666869294117,0.1,0.35493331307058384,0.1000000000000161,Unknown
4,2,13.198812260536398,53.874316203999996,4.081754868585915,0.100000000000002,0.3448408075940642,0.2389325957030253,0.1000000000001536,0.21622659670275496,Unknown
4,3,12.704230979748221,9.797971074578353,0.7712368493769123,0.10223696982251235,0.2846984279911595,0.2729403402313848,0.2182241222086831,0.12190013974626025,Unknown
4,4,11.699597701149425,7.800037308984784,0.6666927793780297,0.14316763273925054,0.11882488934358756,0.39326620254469813,0.1475030693748018,0.19723820599766206,Unknown
5,0,11.334770114942529,3.8104953244733712,0.3361775568301727,0.16617065595744906,0.217786547995635,0.1749682429473749,0.1985508617978065,0.2425236913017346,Unknown
5,1,10.366877394636013,1.690590678277335,0.16307617172668698,0.14550358278771547,0.19353038913286363,0.13820179312617265,0.3007429053777972,0.222021329575451,Unknown
5,2,10.610095785440615,2.8084291483472352,0.2646940428380254,0.1455026858792002,0.1727259496993963,0.17746529821221324,0.3073116091122261,0.19699445709696417,Unknown
5,3,11.777471264367817,5.9956426833932985,0.5090772500148077,0.28684345440792103,0.23850826383838203,0.12466043675111435,0.15429989535078314,0.19568794965179948,Unknown
5,4,10.0044061302682,72.76885868721594,7.273680990123686,0.10000000000000044,0.3999999999999605,0.10000000000002228,0.10000000000001441,0.3000000000000024,Unknown
6,0,16.733429118773948,11.87540429715134,0.7096814533864495,0.36447450892331856,0.10413100320810244,0.3309796949382446,0.10030853360763226,0.10010625932270216,Unknown
6,1,9.031742200328408,7.69375234814513,0.85185694824909,0.1,0.10273420544610316,0.10000000000000003,0.398653654923542,0.2986121396303549,Unknown
6,2,10.020785440613025,67.94134928524655,6.780042311841319,0.10000000000000009,0.38878441667727914,0.1,0.1,0.31121558332272076,Unknown
6,3,11.270670498084291,4.462490421861656,0.39593832706046744,0.11923314884132091,0.2496484327333843,0.15713589695736407,0.3070568521402892,0.1669256693276414,Unknown
6,4,10.2811877394636,1.2962166820947445,0.12607655019460287,0.29695932061160973,0.12481802890290221,0.11388960157990038,0.32522613410038215,0.13910691480520554,Unknown
7,0,16.12484674329502,20.851481889929126,1.2931274462250768,0.1761791877183474,0.28818005597932106,0.2152827311137189,0.10714227572581134,0.21321574946280128,Unknown
7,1,10.362255062944717,54.863789071058015,5.294580063681783,0.16234252135341076,0.3677127397399186,0.1000000000000001,0.1,0.2699447389066705,Unknown
7,2,10.615153256704982,2.7475636942992328,0.25883410515655964,0.13177471569024185,0.13993554239204886,0.21152090521773087,0.2945273938474726,0.2222414428525059,Unknown
7,3,11.448352490421456,6.312213605397702,0.5513643653685907,0.11700237374352232,0.10392281506792224,0.38932428566708466,0.16974589771663923,0.22000462780483154,Unknown
7,4,10.053793103448275,71.86203164059144,7.147753181427304,0.10000000000000006,0.38156991576685517,0.1270072205253914,0.1,0.2914228637077535,Unknown
8,0,10.0044061302682,72.76885868721594,7.273680990123686,0.1,0.39229542055392885,0.1,0.1,0.3077045794460711,Unknown
8,1,10.718678160919541,2.8909109549145615,0.2697077859333995,0.11944371992396724,0.2541444889554564,0.11230401434238026,0.3999999782207311,0.11410779855746514,Unknown
8,2,9.990637657361795,0.24525553888932805,0.024548537070462385,0.11474521478496778,0.1147211693720615,0.17023223188787384,0.22856593512984574,0.3717354488252511,Unknown
8,3,12.663314176245212,30.875132581281626,2.4381557743546365,0.30000001297597706,0.39999998702402306,0.1,0.1,0.1,Unknown
8,4,10.163320561941251,0.5506027023773985,0.0541754733624358,0.2750592881356029,0.11618119538222774,0.1408044470922788,0.2430669219404096,0.224888147449481,Unknown
9,0,11.53676245210728,40.02014675425669,3.468923532090516,0.13464210168946503,0.2842879872181555,0.1970125246218392,0.10273707337249549,0.2813203130980447,Unknown
9,1,10.0044061302682,72.76885868721594,7.273680990123686,0.1,0.4,0.10000000000000102,0.1,0.30000000000000704,Unknown
9,2,11.839731800766284,5.5229205925593865,0.4664734544241508,0.11266226940570942,0.2555324452263438,0.19435511248406412,0.2140311135291883,0.2234190593546944,Unknown
9,3,10.014406130268199,0.37722059117704454,0.037667794402393026,0.1221463408082641,0.12181217274808682,0.18582751126689984,0.18404032996678743,0.3861736452099619,Unknown
9,4,10.101513409961685,0.46404443931781536,0.045938110507297694,0.16548890463466678,0.15962669082480085,0.16940699365038508,0.2043664363197043,0.30111097457044295,Unknown
10,0,12.335801860974275,9.311987704010509,0.7548749411636787,0.10000000000170538,0.15356785020416555,0.3999999999990296,0.24643214979510147,0.1,Unknown
10,1,10.498322386425835,3.429744217539847,0.32669450330217764,0.14289257861602714,0.1020498462226429,0.22151298777642237,0.332760959714231,0.2007836276706767,Unknown
10,2,12.188620689655172,9.547994694050956,0.7833531731899596,0.1765943042353615,0.1,0.3999999999999898,0.22340569576732008,0.10000000000000472,Unknown
10,3,10.127400109469074,78.00105011418366,7.701981680495207,0.10000000000000048,0.39999999999998714,0.12721322357996157,0.1,0.2727867764200698,Unknown
10,4,10.035536398467434,72.43383366390037,7.217734138750651,0.11434017569416,0.3999999999999958,0.1,0.10000000000002499,0.2856598243058297,Unknown
11,0,10.382509578544061,3.2734008207986296,0.3152803082949183,0.3680303885586501,0.14329080092269894,0.11398079330473213,0.15952919865151716,0.2151688185624016,Unknown
11,1,11.732145593869733,3.446246337512644,0.29374391154104657,0.14390879428786366,0.26243013372816193,0.13505132562312322,0.2174064421544804,0.24120330420637084,Unknown
11,2,10.127400109469074,78.00105011418366,7.701981680495207,0.1,0.4,0.12511560705700203,0.1,0.2748843929429984,Unknown
11,3,10.183470169677067,1.6064450910042378,0.15775026236022477,0.4,0.1,0.1,0.1988542603842438,0.20114573961575646,Unknown
11,4,11.329233716475095,6.25441579361839,0.5520599142131386,0.2157071884693073,0.10144509496107924,0.27222836139499434,0.3079170684999025,0.10270228667471659,Unknown
12,0,10.35287356321839,1.5632434725326743,0.15099609427148833,0.2861866378621997,0.1044620527525362,0.13717991360321177,0.324124563084929,0.14804683269712332,Unknown
12,1,11.349233716475096,8.548111757958813,0.753188450560253,0.2591060567660569,0.2769014580574234,0.1,0.26399248517652174,0.1,Unknown
12,2,10.496053639846744,3.2886784862279708,0.3133252362338038,0.12004641168036916,0.19620964829714754,0.19750503950733278,0.1842151024247887,0.30202379809036184,Unknown
12,3,11.018065134099617,4.651955413936592,0.4222116458123772,0.11460119836052184,0.17568070872417613,0.24159462100656406,0.2805271784284855,0.18759629348025256,Unknown
12,4,10.127400109469074,78.00105011418366,7.701981680495207,0.1,0.39999999999998215,0.12680753558337746,0.1,0.2731924644166559,Unknown
13,0,10.127400109469074,78.00105011418366,7.701981680495207,0.10000000000000121,0.39999999999999847,0.127134630708025,0.10000000000000231,0.272865369291973,Unknown
13,1,14.642988505747125,9.74185358410498,0.6652913495275096,0.24592702082209125,0.2243272737478922,0.2398330543241296,0.13274996109416703,0.15716269001171995,Unknown
13,2,12.10522988505747,10.503480920163986,0.8676812435531249,0.3497277604493905,0.26976376555539017,0.10666254905380329,0.12789917089442024,0.1459467540469958,Unknown
13,3,15.878218390804598,26.534396505118217,1.6711192560799617,0.14903853715630364,0.3611773234713427,0.1932507979162637,0.15692515696952303,0.13960818448656692,Unknown
13,4,13.191379310344828,10.89426518058867,0.8258624761130505,0.19019469415634588,0.2415539989894717,0.26666640810766695,0.18850328168618902,0.11308161706032652,Unknown
14,0,10.929890530925013,75.70892182966665,6.926777685050828,0.1,0.4,0.13571389623425964,0.10000000000000019,0.264286103765741,Unknown
14,1,11.187452107279693,4.57793114193027,0.4092023007589899,0.13806753748620143,0.26400467368340363,0.12921344685317782,0.3196643196543133,0.14905002232290376,Unknown
14,2,10.425919540229884,1.944679361621267,0.18652353436234187,0.10319544286058809,0.2263744034292895,0.13208674093115114,0.3199707643632367,0.2183726484157347,Unknown
14,3,10.0,19.02599167636317,1.9025991676361267,0.14355423440300713,0.2719005494298712,0.10415328237501399,0.10177118489811725,0.37862074889399044,Unknown
14,4,14.762528735632184,49.15878370127202,3.329970398812134,0.1480760308619807,0.3777122513007303,0.1336912055779615,0.14338825325296375,0.19713225900636383,Unknown
15,0,10.127400109469074,78.00105011418366,7.701981680495207,0.10000000000000017,0.3999999999999998,0.1248735987716807,0.10000000000000013,0.2751264012283221,Unknown
15,1,16.629616858237547,49.52002397362453,2.9778211004958672,0.13462968066688652,0.3776969928982462,0.21263381963473063,0.10872513939174619,0.1663143674083905,Unknown
15,2,14.314348659003832,10.22243112390613,0.7141387545758452,0.15599347415391418,0.28558235375872054,0.24447928357096432,0.1775795584664282,0.13636533004997275,Unknown
15,3,10.473946360153256,2.7856338065467465,0.2659583800375431,0.13355421318730726,0.1299744530836329,0.1920382530998208,0.358350234177341,0.186082846451898,Unknown
15,4,10.99647509578544,3.5268494727423363,0.32072545447711076,0.2909989212616593,0.13391610966813441,0.17590149318743045,0.2218714359217503,0.17731203996102554,Unknown
16,0,10.559444444444445,2.461750778973176,0.2331326038907401,0.11223159211668024,0.15990094980795255,0.19979576278278324,0.3132544630605874,0.2148172322319966,Unknown
16,1,17.535852490421455,35.571961902433905,2.0285276647863126,0.1649803257632022,0.3585192991103724,0.19447929893462879,0.1305953914742968,0.1514256847174999,Unknown
16,2,11.215306513409962,4.119401918631414,0.36730176867707937,0.1702398215159045,0.23174193914816602,0.13945250058553801,0.3017557638280505,0.15680997492234103,Unknown
16,3,11.05875478927203,7.535108915509166,0.6813704670274638,0.3580523231786431,0.18372998810833074,0.1299754009244149,0.21237426911981097,0.11586801866880035,Unknown
16,4,10.481417624521072,74.16937319950222,7.076273063099531,0.10000000000000081,0.3885735000251055,0.13244367572602173,0.10000000000000088,0.27898282424887105,Unknown
17,0,14.441401204159824,8.93794704833763,0.6189113453729441,0.18937987339684517,0.25010076629375627,0.22489800279145905,0.1800511706133841,0.15557018690455537,Unknown
17,1,10.127400109469074,78.00105011418366,7.701981680495207,0.10000000000000363,0.3999999999999868,0.12373121754423569,0.10000000000000632,0.2762687824557675,Unknown
17,2,10.015057471264367,73.14887999295787,7.303890187633219,0.10000000000000346,0.39999999999999447,0.10000000000000465,0.1253067991903932,0.27469320080960424,Unknown
17,3,10.822610837438424,3.131552357381583,0.28935276380338676,0.16784282989891933,0.22181120430620235,0.1238616395575061,0.3165041574398404,0.1699801687975318,Unknown
17,4,12.19515325670498,9.23241337959866,0.757055953726687,0.26995061949030535,0.17694615872406472,0.23608682640430234,0.21694954557309973,0.10006684980822782,Unknown
18,0,10.127400109469074,78.00105011418366,7.701981680495207,0.10000000000000013,0.3999999999999996,0.12462582454444876,0.10000000000000017,0.2753741754555514,Unknown
18,1,11.20567049808429,5.948027917748275,0.5308051775004997,0.22769812214477578,0.2140334515949397,0.13888581092323465,0.31197653049410456,0.1074060848429453,Unknown
18,2,14.696357416529828,8.928260431988452,0.6075151943396343,0.1653354102869254,0.26852243894606986,0.21337937296721865,0.183913084572306,0.16884969322748017,Unknown
18,3,11.130919540229884,3.1458378764436263,0.28262156285233314,0.3205359377809739,0.13131996965259987,0.19920072027100716,0.11145258745622624,0.23749078483919284,Unknown
18,4,13.15960591133005,30.98315207099835,2.354413367676943,0.18984680738729223,0.35290621971842084,0.10604137756825485,0.17392057333355787,0.17728502199247417,Unknown
19,0,10.127400109469074,78.00105011418366,7.701981680495207,0.1000000000000015,0.39999999999999925,0.12343037273579072,0.1000000000000006,0.27656962726420803,Unknown
19,1,12.143908045977012,8.819528588477395,0.7262512656622403,0.3262252500604015,0.1348243318084955,0.23390093868964282,0.17888576545432966,0.1261637139871305,Unknown
19,2,11.971072796934866,7.123665820312981,0.59507330221368,0.18517303300471122,0.15756985643543678,0.3198242874450318,0.11696227082353534,0.22047055229128498,Unknown
19,3,12.574655172413793,5.678491363391571,0.4515822728760437,0.13282685012876125,0.25374380102231564,0.20639707044668484,0.2142894297421429,0.1927428486600954,Unknown
19,4,10.112471264367816,2.758798949549231,0.2728115489702136,0.23848481185034923,0.2113540208332704,0.10129568838586914,0.1039392777793235,0.3449262011511878,Unknown
